interest_group,industry
educational testing service,EDUCATION
parents leading for educational equity,EDUCATION
arkansas opioid recovery partnership,HEALTH & WELFARE POLICY
tennessee valley continuum of care,WELFARE/SOCIAL WORK
allergan,PHARMACEUTICALS & HEALTH PRODUCTS
inst for indian development,TRIBAL GOVERNMENTS
computer and communications industry assn,COMPUTER EQUIPMENT & SERVICES
salga nyc,CIVIL SERVANTS/PUBLIC OFFICIALS
goodwill northern michigan,RETAIL SALES
media law resource ctr,LAWYERS & LOBBYISTS
chosen generation radio,TV & MOVIE PRODUCTION/DISTRIBUTION
california nations indian gaming assn,GAMBLING & CASINOS
dareltech,COMPUTER EQUIPMENT & SERVICES
innocence delaware,OTHER/SINGLE ISSUE GROUPS
assn of washington business,BUSINESS ASSOCIATIONS
prison legal news’ advertisers,CIVIL SERVANTS/PUBLIC OFFICIALS
united states capitol police labor comm,PUBLIC SECTOR UNIONS
h.t. hackney co.,FOOD PROCESSING & SALES
southwest chicago christian school assn,EDUCATION
christian legal soc,CHRISTIAN CONSERVATIVE
fdn for michigan freedom,CONSERVATIVE POLICY ORGANIZATION
american assn of university women,WOMEN'S ISSUES
lynnhaven river now,PRO-ENVIRONMENTAL POLICY
khmer maine,MINORITY & DISABILITY GROUPS
spartans agricultural builders,GENERAL CONTRACTORS
texas assn of business,BUSINESS ASSOCIATIONS
freedom network usa,OTHER/SINGLE ISSUE GROUPS
women’s emergency network,WOMEN'S ISSUES
united vapers alliance,TOBACCO
st. pius v catholic church,CLERGY
maryland office of the public defender,CIVIL SERVANTS/PUBLIC OFFICIALS
catholic assn fdn,CHRISTIAN CONSERVATIVE
natl catholic bioethics ctr,CHRISTIAN CONSERVATIVE
eaze technologies,MARIJUANA GROWERS & PRODUCT SALES
texas municipal league,CIVIL SERVANTS/PUBLIC OFFICIALS
wyndham hotels and resorts,LODGING & TOURISM
venus chinese school,EDUCATION
youth rights and justice,OTHER/SINGLE ISSUE GROUPS
natl beer wholesalers assn,"BEER, WINE & LIQUOR"
harvey milk lgbtq democratic club,GAY/LESBIAN RIGHTS & ISSUES
helping veterans and families,WELFARE/SOCIAL WORK
forward party,PARTY COMMITTEES
southeastern legal fdn,LAWYERS & LOBBYISTS
north american assn of racetrack veterinarians,POULTRY & EGGS
illinois coalition for immigrant and refugee rights,OTHER/SINGLE ISSUE GROUPS
elderplan | homefirst,HOSPITALS & NURSING HOMES
independent voter project,OTHER/SINGLE ISSUE GROUPS
taiwan semiconductor manufacturing co.,ELECTRONICS MANUFACTURING & SERVICES
pitt mcgehee p.c.,LAWYERS & LOBBYISTS
intergovernmental risk management agency,INSURANCE
missing and murdered indigenous women girls and two-spirit advocacy grp of north carolina,OTHER/SINGLE ISSUE GROUPS
nouscom,PHARMACEUTICALS & HEALTH PRODUCTS
eastern michigan university,EDUCATION
wisconsin faith voices for justice,OTHER/SINGLE ISSUE GROUPS
operation blazing sword-pink pistols,GUN CONTROL
dupont de nemours,CHEMICAL & RELATED MANUFACTURING
comunidad maya pixan ixim,TRIBAL GOVERNMENTS
equal rights for all pac,OTHER/SINGLE ISSUE GROUPS
two words publishing,PRINTING & PUBLISHING
colorado catholic conference,CLERGY
seton hill university,EDUCATION
paterson education fund,EDUCATION
libertas inst,CONSERVATIVE POLICY ORGANIZATION
montana native women’s coalition,WOMEN'S ISSUES
songwriters of north america,"BANDS, ORCHESTRAS & OTHER LIVE MUSIC PRODUCTION"
southeastern university,EDUCATION
bluesky a public benefit corporation,ELECTRIC UTILITIES
lakefront brewery,"BEER, WINE & LIQUOR"
storyville films,TV & MOVIE PRODUCTION/DISTRIBUTION
spring hill united church of christ,CLERGY
tucows,COMPUTER EQUIPMENT & SERVICES
housing opportunities project for excellence,OTHER/SINGLE ISSUE GROUPS
natl bar assn,LAWYERS & LOBBYISTS
american school counselors assn,EDUCATION
urban resource inst,WELFARE/SOCIAL WORK
associated school boards of south dakota,EDUCATION
padres and jóvenes unidos,MINORITY & DISABILITY GROUPS
o’keeffe’s,"BEER, WINE & LIQUOR"
thales dis ais usa,MISCELLANEOUS DEFENSE
new jersey family policy ctr,CHRISTIAN CONSERVATIVE
members of the oklahoma death penalty review commission,CIVIL SERVANTS/PUBLIC OFFICIALS
assn of public and land-grant universities,EDUCATION
fishing vessels’ reserve,COMMERCIAL FISHING
temple university health system,HOSPITALS & NURSING HOMES
truth initiative,HEALTH & WELFARE POLICY
qualcomm,ELECTRONICS MANUFACTURING & SERVICES
global action to end smoking,HEALTH & WELFARE POLICY
natl rural economic developers assn,BUSINESS SERVICES
soc of professional journalists,PRINTING & PUBLISHING
owl creek ii l.p.,REAL ESTATE
fox valley apartment assn,REAL ESTATE
capital area immigrants’ rights coalition,OTHER/SINGLE ISSUE GROUPS
consumer energy alliance,PRO-ENVIRONMENTAL POLICY
consumer bankers assn,COMMERCIAL BANKS
diamond alternative energy,MISCELLANEOUS ENERGY
wisconsin legislature,CIVIL SERVANTS/PUBLIC OFFICIALS
natl police accountability project,OTHER/SINGLE ISSUE GROUPS
robertson ctr for constitutional law,LAWYERS & LOBBYISTS
libertarian party of california,PARTY COMMITTEES
inner life fund,NONPROFIT INSTITUTIONS
natl rural electric cooperative assn,ELECTRIC UTILITIES
rimini street,BUSINESS SERVICES
san diego pride,GAY/LESBIAN RIGHTS & ISSUES
american public health assn,HEALTH SERVICES
judicial watch,CONSERVATIVE POLICY ORGANIZATION
dioceses of new gracanica-midwestern america and of eastern america of the serbian orthodox church,CLERGY
religious sisters of mercy in alma michigan,CLERGY
whitney museum of american art,NONPROFIT INSTITUTIONS
comcast cable communications,CABLE TV
montgomery county family ymca,MISCELLANEOUS SERVICES
l.i.n.d.a. org,WELFARE/SOCIAL WORK
assn of southern california defense counsel,LAWYERS & LOBBYISTS
fair housing ctr for rights and research,OTHER/SINGLE ISSUE GROUPS
fair housing council of south texas,OTHER/SINGLE ISSUE GROUPS
cherokee nation,TRIBAL GOVERNMENTS
bipartisan policy ctr,OTHER/SINGLE ISSUE GROUPS
intl air transport assn,AIR TRANSPORT
natl alcohol beverage control assn,"BEER, WINE & LIQUOR"
natl risk retention assn,INSURANCE
austin lighthouse,HEALTH SERVICES
carmot therapeutics,PHARMACEUTICALS & HEALTH PRODUCTS
william morris endeavor entertainment,TV & MOVIE PRODUCTION/DISTRIBUTION
american property casualty insurance assn,INSURANCE
flint riverkeeper,PRO-ENVIRONMENTAL POLICY
members of the congressional shadow delegation of puerto rico,CANDIDATE COMMITTEES
disability rights nebraska,OTHER/SINGLE ISSUE GROUPS
revolutionary love project,OTHER/SINGLE ISSUE GROUPS
north carolina justice ctr,LIBERAL POLICY ORGANIZATION
boston chinatown neighborhood ctr,NONPROFIT INSTITUTIONS
inclusiv,MISCELLANEOUS FINANCE
soc for corporate governance,SECURITIES & INVESTMENT
asian pacific american labor alliance,GENERAL TRADE UNIONS
home depot,RETAIL SALES
california family council,CHRISTIAN CONSERVATIVE
market street mission,WELFARE/SOCIAL WORK
california apartment assn,REAL ESTATE
puerto rico intl insurers assn,INSURANCE
tax council,TAX ISSUES
southwestern oregon veterans outreach,WELFARE/SOCIAL WORK
homesteadcs (indiana),INSURANCE
michigan primary care assn,HEALTH PROFESSIONALS
policylink,OTHER/SINGLE ISSUE GROUPS
state farm bureau org of montana,INSURANCE
priority partners,HEALTH SERVICES
tennessee catholic conference,CLERGY
catholic conferences of minnesota,CLERGY
ctr for intl environmental law,PRO-ENVIRONMENTAL POLICY
comm on investment of employee benefit assets,SECURITIES & INVESTMENT
lac du flambeau band of lake superior chippewa indians,TRIBAL GOVERNMENTS
american thoracic soc,HEALTH PROFESSIONALS
insolvency law comm of the business law section of the california lawyers assn,LAWYERS & LOBBYISTS
lipan native american church,CLERGY
new england yearly meeting of the religious soc of friends,CLERGY
ctr for justice and freedom,OTHER/SINGLE ISSUE GROUPS
ohio land bank assn,REAL ESTATE
assembly of canonical orthodox bishops of the united states of america,CLERGY
hershey company,FOOD PROCESSING & SALES
intl ctr for law and economics,LAWYERS & LOBBYISTS
fort independence tribe of paiute indians,TRIBAL GOVERNMENTS
saint bonaventure indian mission and school,EDUCATION
etsy,RETAIL SALES
anti-torture initiative,HUMAN RIGHTS
hola ohio,MINORITY & DISABILITY GROUPS
neighbors for a better san francisco,LIBERAL POLICY ORGANIZATION
tampa bay inventors council,BUSINESS SERVICES
sanford health plan,INSURANCE
canadian network on corporate accountability,OTHER/SINGLE ISSUE GROUPS
good counsel,ABORTION POLICY
baptist joint comm for religious liberty,CLERGY
esop assn,BUSINESS ASSOCIATIONS
everytown for gun safety,GUN CONTROL
texas interfaith ctr for public policy,CLERGY
rabbinical council of america,CLERGY
expansion therapeutics,PHARMACEUTICALS & HEALTH PRODUCTS
new yorkers for constitutional freedoms,CHRISTIAN CONSERVATIVE
abortion care network,ABORTION POLICY
smart meter technologies,ELECTRIC UTILITIES
district of columbia hospital assn,HOSPITALS & NURSING HOMES
st. benedicts prep,EDUCATION
chinese american citizens alliance-greater new york,MINORITY & DISABILITY GROUPS
concordia university-st. paul,EDUCATION
mobile baykeeper,PRO-ENVIRONMENTAL POLICY
keep tucson together,LIBERAL POLICY ORGANIZATION
natl health care for the homeless council,WELFARE/SOCIAL WORK
middleburg inst (louisiana),EDUCATION
catholic charities brooklyn and queens,WELFARE/SOCIAL WORK
casa de maryland,OTHER/SINGLE ISSUE GROUPS
south carolina hospital assn,HOSPITALS & NURSING HOMES
tennessee immigrant and refugee rights coalition,OTHER/SINGLE ISSUE GROUPS
mountain states policy ctr,CONSERVATIVE POLICY ORGANIZATION
fallon health,INSURANCE
arizona life coalition,ABORTION POLICY
northwest commission on colleges and universities,EDUCATION
ctr for religious expression,CLERGY
american leadership forum-great valley chapter,OTHER/SINGLE ISSUE GROUPS
upcountry brewing co.,"BEER, WINE & LIQUOR"
alianza americas,OTHER/SINGLE ISSUE GROUPS
wave life sciences,PHARMACEUTICALS & HEALTH PRODUCTS
children and family justice ctr,HUMAN RIGHTS
ithaca college,EDUCATION
former federal prosecutors,CIVIL SERVANTS/PUBLIC OFFICIALS
saving island green wildlife and beyond,PRO-ENVIRONMENTAL POLICY
wiconi wawokiya,TRIBAL GOVERNMENTS
assn of idaho cities,CIVIL SERVANTS/PUBLIC OFFICIALS
ubuntu black women’s wellness collective,WOMEN'S ISSUES
blinded veterans assn,GAMBLING & CASINOS
western regional advocacy project,WOMEN'S ISSUES
assn of fundraising professionals,MISCELLANEOUS SERVICES
safe housing alliance,OTHER/SINGLE ISSUE GROUPS
knox college,EDUCATION
assn of food and dairy retailers wholesalers and manufacturers,FOOD PROCESSING & SALES
ctr for medicare advocacy,HEALTH & WELFARE POLICY
southern states police benevolent assn,PUBLIC SECTOR UNIONS
minnesota police and peace officers assn,PUBLIC SECTOR UNIONS
judge david l. bazelon ctr for mental health law,HEALTH PROFESSIONALS
farm credit council,CROP PRODUCTION & BASIC PROCESSING
american jewish congress,MINORITY & DISABILITY GROUPS
rhode island hospitality assn,LODGING & TOURISM
north carolina captive insurance assn,INSURANCE
cummins,MISCELLANEOUS MANUFACTURING & DISTRIBUTING
steelcase,MISCELLANEOUS MANUFACTURING & DISTRIBUTING
cyberheart,PHARMACEUTICALS & HEALTH PRODUCTS
latin american assn,MINORITY & DISABILITY GROUPS
mana a natl latina org,WOMEN'S ISSUES
idaho trucking assn,TRUCKING
n.o.i.s.e northeastern oklahoma indigenous safety and education fdn,TRIBAL GOVERNMENTS
assn of asian pacific community health org,MINORITY & DISABILITY GROUPS
arizona electric power cooperative,ELECTRIC UTILITIES
immigrant defenders law ctr,LAWYERS & LOBBYISTS
american firearms assn,GUN CONTROL
hias,MINORITY & DISABILITY GROUPS
save the children action network,HUMAN RIGHTS
american historical assn,NONPROFIT INSTITUTIONS
carrfour supportive housing,REAL ESTATE
natl assn of chain drug stores,RETAIL SALES
families belong together,OTHER/SINGLE ISSUE GROUPS
casey family programs,OTHER/SINGLE ISSUE GROUPS
stanton intl,LAWYERS & LOBBYISTS
rhode island bible soc,CHRISTIAN CONSERVATIVE
american assn of residential mortgage regulators,REAL ESTATE
ctr for american liberty,OTHER/SINGLE ISSUE GROUPS
credit builders alliance,CREDIT UNIONS
indian land working grp,TRIBAL GOVERNMENTS
seventh generation,PRO-ENVIRONMENTAL POLICY
via transportation,MISCELLANEOUS TRANSPORT
prevent child abuse ny,HUMAN RIGHTS
tennessee coalition for open government,OTHER/SINGLE ISSUE GROUPS
pen american ctr,PRINTING & PUBLISHING
sendero health plans,INSURANCE
galice mining district,MINING
disability rights advocates,MINORITY & DISABILITY GROUPS
sinclair broadcast grp,TV & MOVIE PRODUCTION/DISTRIBUTION
transgender assistance program of virginia,GAY/LESBIAN RIGHTS & ISSUES
carecen sf,MINORITY & DISABILITY GROUPS
family fdn (virginia),CHRISTIAN CONSERVATIVE
american council of chief defenders,CIVIL SERVANTS/PUBLIC OFFICIALS
nevada vaping assn,TOBACCO
promise of justice initiative,OTHER/SINGLE ISSUE GROUPS
local governments,CIVIL SERVANTS/PUBLIC OFFICIALS
natl capacd-natl coalition for asian pacific american community development,MINORITY & DISABILITY GROUPS
safe passage project,OTHER/SINGLE ISSUE GROUPS
community tax law project,TAX ISSUES
san antonio lighthouse for the blind and vision impaired,MINORITY & DISABILITY GROUPS
veterans in energy,MISCELLANEOUS ENERGY
corn refiners assn,CROP PRODUCTION & BASIC PROCESSING
small business owners and operators,BUSINESS ASSOCIATIONS
lake watch of lake martin,PRO-ENVIRONMENTAL POLICY
natl assn for home care and hospice,HEALTH SERVICES
blackwells capital,SECURITIES & INVESTMENT
technet,COMPUTER EQUIPMENT & SERVICES
disabled american veterans,MISCELLANEOUS TRANSPORT
assn of black cardiologists,HEALTH PROFESSIONALS
alabama post-conviction relief project,LAWYERS & LOBBYISTS
patriot outreach,CONSERVATIVE POLICY ORGANIZATION
ri hospitality assn,LODGING & TOURISM
immigrant justice task force of the wellington avenue united church of christ,CHRISTIAN CONSERVATIVE
american academy of child and adolescent psychiatry,HEALTH PROFESSIONALS
detention watch network,OTHER/SINGLE ISSUE GROUPS
minnesota chamber of commerce,BUSINESS ASSOCIATIONS
johnson controls,MISCELLANEOUS MANUFACTURING & DISTRIBUTING
american lin ze xu fdn,NONPROFIT INSTITUTIONS
check point software technologies,COMPUTER EQUIPMENT & SERVICES
st. olaf college,EDUCATION
north dakota school boards assn,CIVIL SERVANTS/PUBLIC OFFICIALS
students for a sensible drug policy,EDUCATION
autm,BUSINESS SERVICES
natl creditors bar assn,LAWYERS & LOBBYISTS
justice and joy natl collaborative (formerly natl crittenton),WELFARE/SOCIAL WORK
catholic charities of southern new mexico,NONPROFIT INSTITUTIONS
grandview park presbyterian church,CLERGY
minnesota family council,CHRISTIAN CONSERVATIVE
american indian higher education consortium,TRIBAL GOVERNMENTS
legionaries of christ,CLERGY
women for gun rights,GUN CONTROL
software freedom law ctr,COMPUTER EQUIPMENT & SERVICES
ctr for constitutional jurisprudence,LAWYERS & LOBBYISTS
pennsylvania coalition against domestic violence,OTHER/SINGLE ISSUE GROUPS
texas assn of manufacturers,MISCELLANEOUS MANUFACTURING & DISTRIBUTING
pro-life union of greater philadelphia,ABORTION POLICY
bryn mawr college,EDUCATION
theresa’s fund,WOMEN'S ISSUES
pueblo de san ildefonso,TRIBAL GOVERNMENTS
indiana pacers,RECREATION & LIVE ENTERTAINMENT
digital media licensing assn,COMPUTER EQUIPMENT & SERVICES
colorado timber industry assn,FORESTRY & FOREST PRODUCTS
american commitment fdn,CONSERVATIVE POLICY ORGANIZATION
sheltercare,WELFARE/SOCIAL WORK
natl native american boarding school healing coalition,TRIBAL GOVERNMENTS
new york league of conservation voters,PRO-ENVIRONMENTAL POLICY
natl immigration litigation alliance,OTHER/SINGLE ISSUE GROUPS
american gynecological and obstetrical soc,HEALTH PROFESSIONALS
brady,GUN CONTROL
hope shores alliance,WELFARE/SOCIAL WORK
matthew shepard fdn,GAY/LESBIAN RIGHTS & ISSUES
electronic frontier fdn,COMPUTER EQUIPMENT & SERVICES
soc for humanistic judaism,CLERGY
red river women’s clinic,ABORTION POLICY
plan c,ABORTION POLICY
cvi chvf lux master s.a.r.l.,INVESTMENT HOLDING COMPANIES
jahajee sisters,MISCELLANEOUS TRANSPORT
intl assn of drilling contractors,OIL & GAS
californians aware,PRO-ENVIRONMENTAL POLICY
georgia military women,CIVIL SERVANTS/PUBLIC OFFICIALS
confederated tribes of the colville reservation,TRIBAL GOVERNMENTS
shiekh shoes,RETAIL SALES
new mexico district attorneys assn,CIVIL SERVANTS/PUBLIC OFFICIALS
joan mitchell fdn,NONPROFIT INSTITUTIONS
texas captive insurance assn,INSURANCE
tax fdn,TAX ISSUES
good shepherd ctr,HOSPITALS & NURSING HOMES
open soc inst,LIBERAL POLICY ORGANIZATION
fairfax county commission for women,WOMEN'S ISSUES
public interest law project,LAWYERS & LOBBYISTS
red feather ranch,REAL ESTATE
tayba fdn,MISCELLANEOUS SERVICES
natl apostolic christian leadership conference,CHRISTIAN CONSERVATIVE
southern christian leadership conference-memphis chapter,MINORITY & DISABILITY GROUPS
american council of the blind,MINORITY & DISABILITY GROUPS
cedar glad capital,SECURITIES & INVESTMENT
sixth mount zion missionary baptist church,CHRISTIAN CONSERVATIVE
sunrun,MISCELLANEOUS ENERGY
uptown people’s law ctr,LAWYERS & LOBBYISTS
oral roberts university,EDUCATION
color of change,LIBERAL POLICY ORGANIZATION
healthy alternatives to violent environments,OTHER/SINGLE ISSUE GROUPS
quest communities,REAL ESTATE
voice of witness,OTHER/SINGLE ISSUE GROUPS
green party of the united states,PARTY COMMITTEES
greenlining inst (california),PRO-ENVIRONMENTAL POLICY
eternal word television network,TV & MOVIE PRODUCTION/DISTRIBUTION
christy,CANDIDATE COMMITTEES
pregnancy care ctr d/b/a elinor martin residence,ABORTION POLICY
aapi action grp,MINORITY & DISABILITY GROUPS
arizona ctr for disability law,MINORITY & DISABILITY GROUPS
texas public policy fdn,CONSERVATIVE POLICY ORGANIZATION
montana primary care assn,HEALTH PROFESSIONALS
military / veterans coalition of indiana,PUBLIC SECTOR UNIONS
american medical student assn,HEALTH PROFESSIONALS
federal defender services of idaho,CIVIL SERVANTS/PUBLIC OFFICIALS
soc for the study of psychiatry and culture,HEALTH PROFESSIONALS
american college of radiation oncology,HEALTH PROFESSIONALS
medicines360,PHARMACEUTICALS & HEALTH PRODUCTS
women’s bar assn of the district of columbia,LAWYERS & LOBBYISTS
hemophilia fed of america,HEALTH PROFESSIONALS
law and artificial intelligence soc,COMPUTER EQUIPMENT & SERVICES
forensic justice project,OTHER/SINGLE ISSUE GROUPS
united states assn of reptile keepers,ANIMAL RIGHTS
lighthouse for the blind-st. louis,MINORITY & DISABILITY GROUPS
natl assn of estate planners and councils,INSURANCE
oregon water resources congress,WATER UTILITIES
hearing loss legal fund,LAWYERS & LOBBYISTS
appalachian trail conservancy,PRO-ENVIRONMENTAL POLICY
christian life commission of the missouri baptist convention,CHRISTIAN CONSERVATIVE
lewis university,EDUCATION
industrial designers soc of america,MISCELLANEOUS SERVICES
arctic slope native assn,TRIBAL GOVERNMENTS
consumer technology assn,ELECTRONICS MANUFACTURING & SERVICES
college of southern nevada,EDUCATION
digitalis ventures,BUSINESS SERVICES
american financial services assn,BANKS & LENDING INSTITUTIONS
intl assn of plumbing and mechanical officials,SPECIAL TRADE CONTRACTORS
nike,MISCELLANEOUS MANUFACTURING & DISTRIBUTING
illinois hospital assn,HOSPITALS & NURSING HOMES
ohio creditor’s attorneys assn,LAWYERS & LOBBYISTS
california water management projects,WATER UTILITIES
liberal gun club,GUN CONTROL
aspira of new york,EDUCATION
new mexico sheriffs’ assn,PUBLIC SECTOR UNIONS
reproductive rights coalition,ABORTION POLICY
highmark,INSURANCE
brewdog brewing co.,"BEER, WINE & LIQUOR"
natl consumer bankruptcy rights ctr,CONSUMER GROUPS
klamath tribes,TRIBAL GOVERNMENTS
migrant and immigrant community action project,MINORITY & DISABILITY GROUPS
johnson and johnson,PHARMACEUTICALS & HEALTH PRODUCTS
washington assn for community health,HOSPITALS & NURSING HOMES
federal law enforcement officers assn,PUBLIC SECTOR UNIONS
pars equality ctr,OTHER/SINGLE ISSUE GROUPS
lgbtq+ lawyers assn of los angeles,GAY/LESBIAN RIGHTS & ISSUES
pennsylvania assn of pupil services administrators,EDUCATION
colorado mountain college,EDUCATION
island intellectual property,LAWYERS & LOBBYISTS
wisconsin innocence project,OTHER/SINGLE ISSUE GROUPS
catholic charities west michigan,CLERGY
protect our care,HEALTH & WELFARE POLICY
western manufactured housing communities assn,REAL ESTATE
marshall curry productions,TV & MOVIE PRODUCTION/DISTRIBUTION
idaho mining assn,MINING
natl lifeline assn,TELECOM SERVICES & EQUIPMENT
fairdistricts now,OTHER/SINGLE ISSUE GROUPS
north carolina natl sexual offense laws,OTHER/SINGLE ISSUE GROUPS
southern virginia university,EDUCATION
natl org of black law enforcement executives,PUBLIC SECTOR UNIONS
roman catholic archdiocese of new york,CLERGY
hollywood property owners alliance,REAL ESTATE
ctr for policing equity,OTHER/SINGLE ISSUE GROUPS
criminal justice inst of harvard law school,EDUCATION
volunteers of legal service,LAWYERS & LOBBYISTS
ana non-profit fed,HEALTH PROFESSIONALS
military order of the purple heart,MILITARY
california primary care assn,HEALTH PROFESSIONALS
intl public management assn for human resources,BUSINESS SERVICES
ctr for political renewal,CONSERVATIVE POLICY ORGANIZATION
pro-choice wyoming,ABORTION POLICY
seventh generation fund for indigenous peoples,TRIBAL GOVERNMENTS
astrazeneca pharmaceuticals lp,PHARMACEUTICALS & HEALTH PRODUCTS
muckrock fdn,OTHER/SINGLE ISSUE GROUPS
lay and ordained ministers,CLERGY
american fdn for addiction research,PHARMACEUTICALS & HEALTH PRODUCTS
prison fellowship ministries,CLERGY
resident culture brewing co.,"BEER, WINE & LIQUOR"
natl asian pacific american womens forum,WOMEN'S ISSUES
our bodies ourselves today,WOMEN'S ISSUES
pennsylvania chamber of business and industry,BUSINESS ASSOCIATIONS
partners for rural transformation,OTHER/SINGLE ISSUE GROUPS
t’ruah: the rabbinic call for human rights,OTHER/SINGLE ISSUE GROUPS
wisconsin coalition against sexual assault,OTHER/SINGLE ISSUE GROUPS
family and community services,WELFARE/SOCIAL WORK
irrigation and electrical districts assn of arizona,AGRICULTURAL SERVICES & PRODUCTS
ipas impact network,HEALTH & WELFARE POLICY
dēmos,LIBERAL POLICY ORGANIZATION
supportive housing network of ny,OTHER/SINGLE ISSUE GROUPS
alameda health consortium,HOSPITALS & NURSING HOMES
first han intl language school,EDUCATION
virginia assn of criminal defense lawyers,LAWYERS & LOBBYISTS
family policy inst of washington,CHRISTIAN CONSERVATIVE
hope enterprise corporation,COMMERCIAL BANKS
former united states immigration judges and members of the board of immigration appeals,CIVIL SERVANTS/PUBLIC OFFICIALS
human rights for kids,HUMAN RIGHTS
americas promise alliance,OTHER/SINGLE ISSUE GROUPS
new york city cannabis industry assn,MARIJUANA GROWERS & PRODUCT SALES
silicon valley tax directors grp,CIVIL SERVANTS/PUBLIC OFFICIALS
california water energy partners,WATER UTILITIES
cuyahoga county public defender,CIVIL SERVANTS/PUBLIC OFFICIALS
performance racing,RECREATION & LIVE ENTERTAINMENT
arizona farm bureau fed,FARM BUREAU
hispanic bar assn of new jersey,LAWYERS & LOBBYISTS
players assn of natl collegiate players,RECREATION & LIVE ENTERTAINMENT
safari club intl,HUNTING
loyola justice for atrocities clinic,LAWYERS & LOBBYISTS
catholicvote.org,CHRISTIAN CONSERVATIVE
braze,COMPUTER EQUIPMENT & SERVICES
inventors network of the capital area,BUSINESS SERVICES
virginia assn of chiefs of police and fdn,PUBLIC SECTOR UNIONS
react19,OTHER/SINGLE ISSUE GROUPS
pennsylvania assn for justice,LAWYERS & LOBBYISTS
louisiana sheriffs’ pension and relief fund,PUBLIC SECTOR UNIONS
amplify exchange,SECURITIES & INVESTMENT
natl ctr for assisted living,HOSPITALS & NURSING HOMES
government accountability project,OTHER/SINGLE ISSUE GROUPS
park view mennonite church,CLERGY
miami valley fair housing ctr,OTHER/SINGLE ISSUE GROUPS
migrant justice,OTHER/SINGLE ISSUE GROUPS
chinese social services ctr,OTHER/SINGLE ISSUE GROUPS
ultragenyx pharmaceutical,PHARMACEUTICALS & HEALTH PRODUCTS
students for live of america,ABORTION POLICY
federal public defender district of nevada,CIVIL SERVANTS/PUBLIC OFFICIALS
south carolina vapor assn,TOBACCO
brave space alliance,GAY/LESBIAN RIGHTS & ISSUES
central indiana-amg specialty hospital,HOSPITALS & NURSING HOMES
nevada system of higher education,EDUCATION
state pork producer assn of ohio,LIVESTOCK
body shop us,AUTOMOTIVE
arizona hospital and healthcare assn,HOSPITALS & NURSING HOMES
beacon lighthouse,NONPROFIT INSTITUTIONS
new york city detective investigators assn,PUBLIC SECTOR UNIONS
state innovation exchange (six),LIBERAL POLICY ORGANIZATION
azteca economic development and preservation,BUSINESS SERVICES
alvotech,PHARMACEUTICALS & HEALTH PRODUCTS
indiana psychological assn,HEALTH PROFESSIONALS
wisconsin right to life,ABORTION POLICY
norwalk community college,EDUCATION
university of notre dame,EDUCATION
chicago lawyers’ comm for civil rights,LAWYERS & LOBBYISTS
family stations,TV & MOVIE PRODUCTION/DISTRIBUTION
american college of osteopathic obstetricians and gynecologists,HEALTH PROFESSIONALS
consumer brands assn,FOOD PROCESSING & SALES
operation dignity,OTHER/SINGLE ISSUE GROUPS
san francisco apartment assn,REAL ESTATE
broadcast music,TV & MOVIE PRODUCTION/DISTRIBUTION
community health options,INSURANCE
food for the poor,WELFARE/SOCIAL WORK
fairway woods homeowners condominium assn,REAL ESTATE
king’s college,EDUCATION
dc justice lab,OTHER/SINGLE ISSUE GROUPS
american coatings assn,CHEMICAL & RELATED MANUFACTURING
california catholic conference,CLERGY
city of miami general employees’ and sanitation employees’ retirement trust,PUBLIC SECTOR UNIONS
veterans of the armed forces of the united states of america,CIVIL SERVANTS/PUBLIC OFFICIALS
natl homelessness law ctr,OTHER/SINGLE ISSUE GROUPS
healthcare assn of new york state,HOSPITALS & NURSING HOMES
american college of radiology,HEALTH PROFESSIONALS
community health plan of washington,HEALTH SERVICES
central pacific conference of the united church of christ,CLERGY
natso,OIL & GAS
catholic medical assn,HEALTH PROFESSIONALS
league of wisconsin municipalities,CIVIL SERVANTS/PUBLIC OFFICIALS
usagain,WASTE MANAGEMENT
informed consent action network,ABORTION POLICY
cascades projection,BUSINESS SERVICES
assn of california cities-orange county,CIVIL SERVANTS/PUBLIC OFFICIALS
assn on higher education and disability,EDUCATION
massachusetts chapter of the natl academy of elder law attorneys,LAWYERS & LOBBYISTS
oklahoma cattlemen’s assn,LIVESTOCK
black guns matter,GUN CONTROL
flood naught,LAWYERS & LOBBYISTS
integrity inst,OTHER/SINGLE ISSUE GROUPS
keweenaw bay indian community transitional home programs and services,TRIBAL GOVERNMENTS
pennsylvania pro-life fed,ABORTION POLICY
derek smith law grp llp,LAWYERS & LOBBYISTS
iowa state university,EDUCATION
lyell immunopharma,PHARMACEUTICALS & HEALTH PRODUCTS
thomas more law ctr,LAWYERS & LOBBYISTS
pacificorp d/b/a pacific power and rocky mountain power,ELECTRIC UTILITIES
tanenbaum ctr for interreligious understanding,CLERGY
assn of schools and programs of public health,EDUCATION
natl assn of commissions for women,WOMEN'S ISSUES
soc for academic specialists in general obstetrics and gynecology,HEALTH PROFESSIONALS
taskrabbit,COMPUTER EQUIPMENT & SERVICES
coalition on homelessness san francisco,OTHER/SINGLE ISSUE GROUPS
fourth amendment alliance,OTHER/SINGLE ISSUE GROUPS
chinese assn of northwest arkansas,MINORITY & DISABILITY GROUPS
instil bio,PHARMACEUTICALS & HEALTH PRODUCTS
american assn of swine veterinarians,AGRICULTURAL SERVICES & PRODUCTS
restore childhood,HUMAN RIGHTS
camp fiorante matthews mogerman llp,LAWYERS & LOBBYISTS
general italian confederation on labour,GENERAL TRADE UNIONS
american resort development assn,REAL ESTATE
natl org of victims of juvenile murderers,OTHER/SINGLE ISSUE GROUPS
trinity legal ctr,LAWYERS & LOBBYISTS
marywood university,EDUCATION
raoul wallenberg centre for human rights,HUMAN RIGHTS
federal defenders of montana,CIVIL SERVANTS/PUBLIC OFFICIALS
citizen power initiatives for china,OTHER/SINGLE ISSUE GROUPS
youth oasis,WELFARE/SOCIAL WORK
self-insurance inst of america,INSURANCE
natl hispanic christian leadership conference,CHRISTIAN CONSERVATIVE
mighty buildings,GENERAL CONTRACTORS
strongman,BUSINESS SERVICES
public investors advocate bar assn,LAWYERS & LOBBYISTS
african american ministers in action,CLERGY
washington trucking assn,TRUCKING
longview chamber of commerce,BUSINESS ASSOCIATIONS
restore the fourth,OTHER/SINGLE ISSUE GROUPS
major county sheriffs of america,CIVIL SERVANTS/PUBLIC OFFICIALS
pioneer public interest law ctr,LAWYERS & LOBBYISTS
first mennonite church of san francisco,CLERGY
prisoners’ legal services of new york,CIVIL SERVANTS/PUBLIC OFFICIALS
california water use system,WATER UTILITIES
colorado state university-pueblo,EDUCATION
firelight media,TV & MOVIE PRODUCTION/DISTRIBUTION
martin county conservation alliance,PRO-ENVIRONMENTAL POLICY
natl fed of independent business small business legal ctr,BUSINESS ASSOCIATIONS
habeas scholars,OTHER/SINGLE ISSUE GROUPS
new orleans pelicans,RECREATION & LIVE ENTERTAINMENT
pouhana o na wahine,PUBLIC SECTOR UNIONS
advocating opportunity,OTHER/SINGLE ISSUE GROUPS
lions clubs intl woo rhee ga,NONPROFIT INSTITUTIONS
reproductive freedom alliance,ABORTION POLICY
women enabled intl,WOMEN'S ISSUES
new mexico asian family ctr,MINORITY & DISABILITY GROUPS
american pharmacies,RETAIL SALES
everymd.com,COMPUTER EQUIPMENT & SERVICES
assn française des entreprises privées,BUSINESS ASSOCIATIONS
new progressive party,PARTY COMMITTEES
welcome home skagit,OTHER/SINGLE ISSUE GROUPS
comm for public counsel services innocence program,CIVIL SERVANTS/PUBLIC OFFICIALS
second amendment law ctr,GUN CONTROL
minnesota exploration assn dba miningminnesota,MINING
community health grp,HEALTH SERVICES
spothero,COMPUTER EQUIPMENT & SERVICES
local contexts,BUSINESS SERVICES
catholic charities of the diocese of joliet,WELFARE/SOCIAL WORK
new york assn of realtors®,REAL ESTATE
affordable broadband campaign,TELECOM SERVICES & EQUIPMENT
montana fed of public employees,PUBLIC SECTOR UNIONS
transfamily support services,MISCELLANEOUS FINANCE
regent university,EDUCATION
westchester residential opportunities,OTHER/SINGLE ISSUE GROUPS
united marine fund,COMMERCIAL FISHING
fair housing continuum,OTHER/SINGLE ISSUE GROUPS
codepink,WOMEN'S ISSUES
lipscomb university,EDUCATION
cornerstone action,CHRISTIAN CONSERVATIVE
arizona mining assn,MINING
ctr for the pacific asian family,WELFARE/SOCIAL WORK
kogod tax policy ctr,NONPROFIT INSTITUTIONS
point loma nazarene university,EDUCATION
fremont brewing,"BEER, WINE & LIQUOR"
natl ground water assn,AGRICULTURAL SERVICES & PRODUCTS
virginia inst for public policy,BUSINESS SERVICES
royal college of obstetricians and gynaecologists,HEALTH PROFESSIONALS
maryland chamber of commerce,BUSINESS ASSOCIATIONS
regina caeli academy,EDUCATION
property rights fdn of america,OTHER/SINGLE ISSUE GROUPS
speech first,OTHER/SINGLE ISSUE GROUPS
cleary gottlieb steen and hamilton llp,LAWYERS & LOBBYISTS
human coalition,ABORTION POLICY
natl assn of medical examiners,HEALTH PROFESSIONALS
ohio pirg citizen lobby,CONSUMER GROUPS
rutherford inst,OTHER/SINGLE ISSUE GROUPS
disability rights california,MINORITY & DISABILITY GROUPS
service employees intl union,PUBLIC SECTOR UNIONS
federal courts scholars,NONPROFIT INSTITUTIONS
basrai farms,CROP PRODUCTION & BASIC PROCESSING
historic core business improvement district property owners assn,REAL ESTATE
south dakota republican party,PARTY COMMITTEES
trevor project,GAY/LESBIAN RIGHTS & ISSUES
two hundred for homeownership,OTHER/SINGLE ISSUE GROUPS
oca south florida chapter,MINORITY & DISABILITY GROUPS
assn of medical school pediatric department chairs,HEALTH PROFESSIONALS
iowa vape assn,TOBACCO
protect our care a fiscally sponsored project of new venture fund,HEALTH & WELFARE POLICY
public policy legal inst,OTHER/SINGLE ISSUE GROUPS
thomas jefferson alumni for racial justice,OTHER/SINGLE ISSUE GROUPS
american retirement assn,"MISCELLANEOUS FINANCE, INSURANCE & REAL ESTATE"
love and justice in the streets oakland,OTHER/SINGLE ISSUE GROUPS
product liability advisory council,BUSINESS SERVICES
minnesota farm bureau fed,FARM BUREAU
nonprofit connect,NONPROFIT INSTITUTIONS
equally american legal defense and education fund,OTHER/SINGLE ISSUE GROUPS
florida assn for criminal defense lawyers-miami chapter,LAWYERS & LOBBYISTS
four directions cuisine,FOOD PROCESSING & SALES
wychmere shores condominium trust,REAL ESTATE
michigan technological university,EDUCATION
new mexico [chapter of] old lesbians organizing for change,GAY/LESBIAN RIGHTS & ISSUES
northrop grumman corporation,DEFENSE AEROSPACE
urban ministries,CLERGY
american family assn,CHRISTIAN CONSERVATIVE
youth sentencing and reentry project,OTHER/SINGLE ISSUE GROUPS
populi,EDUCATION
retail energy supply assn,ELECTRIC UTILITIES
miramarlabs,PHARMACEUTICALS & HEALTH PRODUCTS
twilio,COMPUTER EQUIPMENT & SERVICES
eset,COMPUTER EQUIPMENT & SERVICES
illinois trucking assn,TRUCKING
georgia hospital assn,HOSPITALS & NURSING HOMES
sonoma applied village services,ELECTRIC UTILITIES
tampa bay tech,BUSINESS SERVICES
fairness ctr,BUSINESS SERVICES
lenz therapeutics,PHARMACEUTICALS & HEALTH PRODUCTS
natural solutions fdn,PHARMACEUTICALS & HEALTH PRODUCTS
casa de esperanza,WELFARE/SOCIAL WORK
council of administrators of special education,EDUCATION
associated collegiate press,PRINTING & PUBLISHING
federal public defender for the eastern district of california,CIVIL SERVANTS/PUBLIC OFFICIALS
project on predatory student lending,EDUCATION
whitebox asymmetric partners lp,SECURITIES & INVESTMENT
services immigrant rights and education network,OTHER/SINGLE ISSUE GROUPS
tennessee citizens for wilderness planning,PRO-ENVIRONMENTAL POLICY
idaho org of resource councils,PRO-ENVIRONMENTAL POLICY
jefferson council for the university of virginia,EDUCATION
missouri farm bureau fed,FARM BUREAU
physicians for reproductive health,HEALTH PROFESSIONALS
bristol myers squibb,PHARMACEUTICALS & HEALTH PRODUCTS
oklahoma captive insurance assn,INSURANCE
nurses for sexual and reproductive health,HEALTH PROFESSIONALS
lonang inst,LAWYERS & LOBBYISTS
invest in education fdn,EDUCATION
innovation law lab,LAWYERS & LOBBYISTS
natl lgbtq+ bar assn,LAWYERS & LOBBYISTS
kinder morgan energy partners l.p.,OIL & GAS
patientrightsadvocate.org,HEALTH & WELFARE POLICY
nevada mining assn,MINING
kern family health care,HEALTH SERVICES
jewish gun violence prevention roundtable,GUN CONTROL
cvi cvf ii lux master s.a.r.l.,INVESTMENT HOLDING COMPANIES
gun violence and human rights initiative of the whitney r. harris world law inst,GUN CONTROL
american assn of collegiate registrars and admissions officers,EDUCATION
shadow rock united church of christ,CLERGY
homeowners legal rights,LAWYERS & LOBBYISTS
owl creek sri master fund,SECURITIES & INVESTMENT
natl disabled legal professionals assn,LAWYERS & LOBBYISTS
public rights project,OTHER/SINGLE ISSUE GROUPS
illinois assn of criminal defense lawyers,LAWYERS & LOBBYISTS
ujima,MINORITY & DISABILITY GROUPS
netgear,COMPUTER EQUIPMENT & SERVICES
asset forfeiture law,LAWYERS & LOBBYISTS
guardian defense fund,OTHER/SINGLE ISSUE GROUPS
media research ctr,PRINTING & PUBLISHING
kids in need of defense,HUMAN RIGHTS
boy scouts of america,NONPROFIT INSTITUTIONS
building industry assn of washington,GENERAL CONTRACTORS
new jersey parents’ caucus,OTHER/SINGLE ISSUE GROUPS
legacy fdn,NONPROFIT INSTITUTIONS
soc of independent gasoline marketers of america,OIL & GAS
alewelt concrete,BUILDING MATERIALS & EQUIPMENT
ctr for the study of social policy,OTHER/SINGLE ISSUE GROUPS
texas assn of counties,CIVIL SERVANTS/PUBLIC OFFICIALS
ocular therapeutix,PHARMACEUTICALS & HEALTH PRODUCTS
arizona justice project,LAWYERS & LOBBYISTS
louisiana republican party,PARTY COMMITTEES
natl hispanic medical assn,HEALTH PROFESSIONALS
casetext,LAWYERS & LOBBYISTS
christian animal rights assn,ANIMAL RIGHTS
mothering justice,WELFARE/SOCIAL WORK
fondazione pangea,WOMEN'S ISSUES
ctr for independent thought,OTHER/SINGLE ISSUE GROUPS
owl creek overseas master fund,SECURITIES & INVESTMENT
ltac hospital of edmond,HOSPITALS & NURSING HOMES
european centre for law and justice,LAWYERS & LOBBYISTS
adventist forum,CLERGY
ctr for integrity in forensic sciences,OTHER/SINGLE ISSUE GROUPS
arizona citizens defense league,GUN CONTROL
ctr for u.s. policy,LIBERAL POLICY ORGANIZATION
hisd student congress,EDUCATION
yes in my back yard,OTHER/SINGLE ISSUE GROUPS
fond du lac band of lake superior chippewa,TRIBAL GOVERNMENTS
houghton college,EDUCATION
washington ctr for technology policy inclusion,COMPUTER EQUIPMENT & SERVICES
structured finance assn,SECURITIES & INVESTMENT
internet soc,COMPUTER EQUIPMENT & SERVICES
harvest house publishers,PRINTING & PUBLISHING
florida student power network,EDUCATION
georgia assn of criminal defense lawyers,LAWYERS & LOBBYISTS
community health ctr assn of connecticut,HEALTH SERVICES
in the public interest,OTHER/SINGLE ISSUE GROUPS
hamilton county public defender,CIVIL SERVANTS/PUBLIC OFFICIALS
wagner faith and freedom ctr,OTHER/SINGLE ISSUE GROUPS
miracle flights,HEALTH SERVICES
neotract,PHARMACEUTICALS & HEALTH PRODUCTS
arizona dream act coalition,OTHER/SINGLE ISSUE GROUPS
safe exit initiative,OTHER/SINGLE ISSUE GROUPS
esperanza immigrant rights project,OTHER/SINGLE ISSUE GROUPS
natl assn of consumer advocates,CONSUMER GROUPS
people’s alliance fund,LIBERAL POLICY ORGANIZATION
gun owners for safety,GUN CONTROL
natl ctr on domestic and sexual violence,OTHER/SINGLE ISSUE GROUPS
general aviation manufacturers assn,AIR TRANSPORT
colegio de abogados y abogadas de puerto rico,LAWYERS & LOBBYISTS
presente.org,MINORITY & DISABILITY GROUPS
maryland crime victims resource ctr,OTHER/SINGLE ISSUE GROUPS
macalester college,EDUCATION
assn of metropolitan water agencies,WATER UTILITIES
wv free advocates for reproductive health rights and justice,ABORTION POLICY
metropolitan community churches global justice inst,CLERGY
millennial policy ctr,LIBERAL POLICY ORGANIZATION
emd serono,PHARMACEUTICALS & HEALTH PRODUCTS
missouri assn of criminal defense lawyers,LAWYERS & LOBBYISTS
muscular dystrophy assn,HEALTH & WELFARE POLICY
suquamish indian tribe of the port madison reservation,TRIBAL GOVERNMENTS
native america humane soc,ANIMAL RIGHTS
whitaker house,REAL ESTATE
cardinal newman soc,CHRISTIAN CONSERVATIVE
virginia capital case clearinghouse,OTHER/SINGLE ISSUE GROUPS
orlando magic,RECREATION & LIVE ENTERTAINMENT
new york council of defense lawyers,LAWYERS & LOBBYISTS
united against nuclear iran,FOREIGN & DEFENSE POLICY
pharmaceutical research and manufacturers of america,PHARMACEUTICALS & HEALTH PRODUCTS
american assn of public health physicians,HEALTH PROFESSIONALS
open link,COMPUTER EQUIPMENT & SERVICES
mississippi manufacturers assn,MISCELLANEOUS MANUFACTURING & DISTRIBUTING
talent yield coalition/marcelous-williams resource ctr,EDUCATION
league of united latin american citizens,MINORITY & DISABILITY GROUPS
new jersey chinese community ctr,MINORITY & DISABILITY GROUPS
family policy alliance of wyoming,CHRISTIAN CONSERVATIVE
federal public defender central district of california,CIVIL SERVANTS/PUBLIC OFFICIALS
ywca of the greater capital region,WOMEN'S ISSUES
california community colleges board of governors,EDUCATION
justice 360,OTHER/SINGLE ISSUE GROUPS
radio television digital news assn,TV & MOVIE PRODUCTION/DISTRIBUTION
coolidge-reagan fdn,CONSERVATIVE POLICY ORGANIZATION
mending the sacred hoop,TRIBAL GOVERNMENTS
central city assn of los angeles,BUSINESS ASSOCIATIONS
quantcast,COMPUTER EQUIPMENT & SERVICES
intl lgbtq+ travel assn,GAY/LESBIAN RIGHTS & ISSUES
emergency medical assistance,HEALTH SERVICES
natl urban league,MINORITY & DISABILITY GROUPS
restaurant law ctr,FOOD & BEVERAGE
rural communities collaborative,OTHER/SINGLE ISSUE GROUPS
american academy of medical ethics,HEALTH PROFESSIONALS
southwings,PRO-ENVIRONMENTAL POLICY
state pork producer assn of missouri,LIVESTOCK
providence st. joseph health,HOSPITALS & NURSING HOMES
north dakota motor carriers assoc.,TRUCKING
montana captive insurance assn,INSURANCE
peer defense project,OTHER/SINGLE ISSUE GROUPS
utah assn of criminal defense lawyers,LAWYERS & LOBBYISTS
free the states,OTHER/SINGLE ISSUE GROUPS
community veteran justice project,OTHER/SINGLE ISSUE GROUPS
ctr for justice and accountability,LAWYERS & LOBBYISTS
natl college for dui defense,EDUCATION
grassroots america-we the people pac,CONSERVATIVE POLICY ORGANIZATION
pennsylvania ctr for the first amendment,OTHER/SINGLE ISSUE GROUPS
operation save america,CHRISTIAN CONSERVATIVE
wood creek vapory,TOBACCO
disability rights bar assn,MINORITY & DISABILITY GROUPS
natl org of african americans in housing,MINORITY & DISABILITY GROUPS
centro veneto progetti donna padova,WOMEN'S ISSUES
illinois sheriffs’ assn,PUBLIC SECTOR UNIONS
nathaniel r. jones ctr for race gender and social justice,MINORITY & DISABILITY GROUPS
ctr for death penalty litigation,HUMAN RIGHTS
intl assn of coroners and medical examiners,CIVIL SERVANTS/PUBLIC OFFICIALS
partners for women and justice,WOMEN'S ISSUES
freedom vapes,TOBACCO
u.s. pastor council,CLERGY
tpg global,SECURITIES & INVESTMENT
church of god in christ,CLERGY
sault ste. marie tribe of chippewa indians,TRIBAL GOVERNMENTS
natl assn of hispanic journalists,PRINTING & PUBLISHING
phi beta kappa,EDUCATION
breathe easy alliance of alabama,HEALTH & WELFARE POLICY
women’s law project,WOMEN'S ISSUES
immigrant justice corps,MINORITY & DISABILITY GROUPS
kipp fdn,EDUCATION
complex insurance claims litigation assn,INSURANCE
lafayette transitional housing ctr,WELFARE/SOCIAL WORK
consumer action,CONSUMER GROUPS
iowa hospital assn,HOSPITALS & NURSING HOMES
by the hand club for kids,NONPROFIT INSTITUTIONS
hawkes company,LAWYERS & LOBBYISTS
american alliance for equal rights,OTHER/SINGLE ISSUE GROUPS
american soc of heating refrigerating and air conditioning engineers,SPECIAL TRADE CONTRACTORS
citizen action defense fund,LIBERAL POLICY ORGANIZATION
naral pro-choice america,ABORTION POLICY
flora’s refuge and resource,ANIMAL RIGHTS
phyllis schlafly eagles,CONSERVATIVE POLICY ORGANIZATION
libertarian party of new mexico,PARTY COMMITTEES
natl assn for biomedical research,PHARMACEUTICALS & HEALTH PRODUCTS
arkansas municipal league,CIVIL SERVANTS/PUBLIC OFFICIALS
pro-life wisconsin,ABORTION POLICY
louisiana assn of criminal defense lawyers,LAWYERS & LOBBYISTS
federal public defender’s office for the districts of colorado and wyoming,CIVIL SERVANTS/PUBLIC OFFICIALS
standardbred owners assn of new york,GAMBLING & CASINOS
tampa bay rays,RECREATION & LIVE ENTERTAINMENT
multistate tax commission,TAX ISSUES
derbecigs indiana,GENERAL TRADE UNIONS
assn of physician associates in obstetrics and gynecology,HEALTH PROFESSIONALS
american constitutional rights union,OTHER/SINGLE ISSUE GROUPS
american tort reform assn,BUSINESS ASSOCIATIONS
legal aid fdn of los angeles,LAWYERS & LOBBYISTS
bannock development corporation,TRIBAL GOVERNMENTS
catholic conferences of illinois,CLERGY
american sociological assn,EDUCATION
new jersey business and industry assn,BUSINESS ASSOCIATIONS
xylem,MISCELLANEOUS MANUFACTURING & DISTRIBUTING
nextdoor,COMPUTER EQUIPMENT & SERVICES
discord,COMPUTER EQUIPMENT & SERVICES
american energy inst,OIL & GAS
new york intellectual property law assn,LAWYERS & LOBBYISTS
madison soc fdn,NONPROFIT INSTITUTIONS
assn for vision rehabilitation and employment,HEALTH PROFESSIONALS
fountain house,HEALTH SERVICES
natl assn for equal opportunity in higher education,EDUCATION
blue cross blue shield assn,INSURANCE
women’s rights and empowerment network,WOMEN'S ISSUES
project outpour,WELFARE/SOCIAL WORK
maranatha baptist university,EDUCATION
arab american inst,MINORITY & DISABILITY GROUPS
donne in rete contro la violenza (d.i.re),WOMEN'S ISSUES
kind healthy snacks,FOOD PROCESSING & SALES
michigan assn of police org,PUBLIC SECTOR UNIONS
billy graham evangelistic assn,CLERGY
inst for justice,LAWYERS & LOBBYISTS
airbus americas,DEFENSE AEROSPACE
western journalism ctr,CONSERVATIVE POLICY ORGANIZATION
isshiki and co.,LAWYERS & LOBBYISTS
nonprofit financial sustainability fdn,NONPROFIT INSTITUTIONS
mcclatchy company,PRINTING & PUBLISHING
natl assn of evangelicals,CHRISTIAN CONSERVATIVE
massbay community college,EDUCATION
eastern shawnee tribe of oklahoma,TRIBAL GOVERNMENTS
yelp,COMPUTER EQUIPMENT & SERVICES
archdiocese of kansas city in kansas,CLERGY
red earth women’s soc,TRIBAL GOVERNMENTS
nuvig therapeutics,PHARMACEUTICALS & HEALTH PRODUCTS
west palm beach police pension fund,PUBLIC SECTOR UNIONS
natl stone sand and gravel assn,BUILDING MATERIALS & EQUIPMENT
neighbors helping neighbors (new york),WELFARE/SOCIAL WORK
yuma mesa irrigation and drainage district,AGRICULTURAL SERVICES & PRODUCTS
children’s law ctr of massachusetts,LAWYERS & LOBBYISTS
morphosys,PHARMACEUTICALS & HEALTH PRODUCTS
san diego asian americans for equality,MINORITY & DISABILITY GROUPS
v6 therapeutics,PHARMACEUTICALS & HEALTH PRODUCTS
orchard alliance,AGRICULTURAL SERVICES & PRODUCTS
maine district attorneys assn,CIVIL SERVANTS/PUBLIC OFFICIALS
e.w. scripps company,PRINTING & PUBLISHING
fdn for moral law,OTHER/SINGLE ISSUE GROUPS
planned parenthood fed of america,ABORTION POLICY
american land rights assn,PRO-ENVIRONMENTAL POLICY
connecticut college,EDUCATION
american sugar alliance,CROP PRODUCTION & BASIC PROCESSING
nbc television affiliates,TV & MOVIE PRODUCTION/DISTRIBUTION
assn of alaska housing authorities,OTHER/SINGLE ISSUE GROUPS
classical charter schools of america,EDUCATION
icwa children and families,WELFARE/SOCIAL WORK
massachusetts restaurant assn,FOOD & BEVERAGE
family fdn,NONPROFIT INSTITUTIONS
florida family policy council,CHRISTIAN CONSERVATIVE
cny fair housing,OTHER/SINGLE ISSUE GROUPS
sierra nevada brewing co.,"BEER, WINE & LIQUOR"
knowledge ecology intl,PHARMACEUTICALS & HEALTH PRODUCTS
eisai,PHARMACEUTICALS & HEALTH PRODUCTS
bavarian nordic a/s,PHARMACEUTICALS & HEALTH PRODUCTS
carrizo/comecrudo nation of texas,TRIBAL GOVERNMENTS
consumer fed of america,CONSUMER GROUPS
natural resources defense council,PRO-ENVIRONMENTAL POLICY
northwest legal fdn,LAWYERS & LOBBYISTS
affiliated tribes of northwest indians,TRIBAL GOVERNMENTS
american civil rights project,OTHER/SINGLE ISSUE GROUPS
cornell death penalty project,OTHER/SINGLE ISSUE GROUPS
equal rights advocates,WOMEN'S ISSUES
rowdies soccer d/b/a tampa bay rowdies,RECREATION & LIVE ENTERTAINMENT
80-20 initiative dc chapter,MINORITY & DISABILITY GROUPS
american unity fund,GAY/LESBIAN RIGHTS & ISSUES
atlantic philanthropies,NONPROFIT INSTITUTIONS
chicago religious leadership network on latin america,CLERGY
natl writers union,GENERAL TRADE UNIONS
new jersey primary care assn,HEALTH PROFESSIONALS
frederick douglass fdn,MINORITY & DISABILITY GROUPS
la unión del pueblo entero,GENERAL TRADE UNIONS
starbucks corporation,FOOD & BEVERAGE
natl assn of police org,PUBLIC SECTOR UNIONS
united assn of journeymen and apprentices of the plumbing and pipe fitting industry of the united states and canada afl-cio,GENERAL TRADE UNIONS
free press action,OTHER/SINGLE ISSUE GROUPS
illinois family inst,CHRISTIAN CONSERVATIVE
maine assn of police,PUBLIC SECTOR UNIONS
michigan sheriffs’ assn,PUBLIC SECTOR UNIONS
assn of arkansas counties,CIVIL SERVANTS/PUBLIC OFFICIALS
douglas timber operators,FORESTRY & FOREST PRODUCTS
florida police chiefs assn,PUBLIC SECTOR UNIONS
dramatists guild of america,LIVE THEATER/OTHER ENTERTAINMENT PRODUCTIONS
holy family university,EDUCATION
natl review,CONSERVATIVE POLICY ORGANIZATION
issues4life fdn,ABORTION POLICY
maine ctr for economic policy,LIBERAL POLICY ORGANIZATION
seneca nation of indians,TRIBAL GOVERNMENTS
mexican american catholic college,CLERGY
kentucky protection and advocacy,OTHER/SINGLE ISSUE GROUPS
digital chamber,BUSINESS SERVICES
asian americans united,MINORITY & DISABILITY GROUPS
emory civil rights soc,NONPROFIT INSTITUTIONS
coelho ctr for disability law policy and innovation,LAWYERS & LOBBYISTS
intl assn of law enforcement firearms instructors,PUBLIC SECTOR UNIONS
north carolina republican party,PARTY COMMITTEES
players assn of the natl basketball assn,RECREATION & LIVE ENTERTAINMENT
women’s ordination conference,WOMEN'S ISSUES
daikin u.s. corporation,MISCELLANEOUS MANUFACTURING & DISTRIBUTING
new jersey public interest research grp citizen lobby,CONSUMER GROUPS
ywca hamilton,WOMEN'S ISSUES
american civil rights union,CONSERVATIVE POLICY ORGANIZATION
children’s hospital assn,HOSPITALS & NURSING HOMES
american nurses assn,HEALTH PROFESSIONALS
beigene,PHARMACEUTICALS & HEALTH PRODUCTS
confederated tribes of the umatilla indian reservation,TRIBAL GOVERNMENTS
south dakota assn of healthcare org,HOSPITALS & NURSING HOMES
loaves and fishes,WELFARE/SOCIAL WORK
alumni free speech alliance,OTHER/SINGLE ISSUE GROUPS
mdwise,INSURANCE
intl legal forum,LAWYERS & LOBBYISTS
northwest justice project (washington),LAWYERS & LOBBYISTS
justia,LAWYERS & LOBBYISTS
small world adventures,LODGING & TOURISM
asian counseling and referral service,MINORITY & DISABILITY GROUPS
nexpoint asset management l.p.,SECURITIES & INVESTMENT
united carolinians assn,CONSERVATIVE POLICY ORGANIZATION
old bust head brewing co.,"BEER, WINE & LIQUOR"
pegasus legal services for children,LAWYERS & LOBBYISTS
bradbury-sullivan lgbt community ctr,GAY/LESBIAN RIGHTS & ISSUES
cvi cvf iii lux master s.a.r.l.,INVESTMENT HOLDING COMPANIES
american psychological assn,HEALTH PROFESSIONALS
colorado psychological assn,HEALTH PROFESSIONALS
lenovo (united states),ELECTRONICS MANUFACTURING & SERVICES
ripple labs,SECURITIES & INVESTMENT
transgender law ctr,GAY/LESBIAN RIGHTS & ISSUES
we count,MINORITY & DISABILITY GROUPS
celgene corporation,PHARMACEUTICALS & HEALTH PRODUCTS
virginia capital representation resource ctr,LAWYERS & LOBBYISTS
large public power council,ELECTRIC UTILITIES
motion picture assn,TV & MOVIE PRODUCTION/DISTRIBUTION
soc of american law teachers,LAWYERS & LOBBYISTS
fulcrum credit partners,SECURITIES & INVESTMENT
flagstar bank n.a.,COMMERCIAL BANKS
clergy and laity united for economic justice,CLERGY
west alabama women’s ctr,ABORTION POLICY
sprint spectrum l.p.,TELECOM SERVICES & EQUIPMENT
vilox technologies,CHEMICAL & RELATED MANUFACTURING
american vape company d/b/a ludicrous distro,TOBACCO
tax freedom inst,TAX ISSUES
summus outdoor,MISCELLANEOUS SERVICES
family council in arkansas,CHRISTIAN CONSERVATIVE
defense of freedom inst for policy studies,OTHER/SINGLE ISSUE GROUPS
food industry assn,FOOD PROCESSING & SALES
missouri hospital assn,HOSPITALS & NURSING HOMES
miami-dade chapter of the a. philip randolph inst,GENERAL TRADE UNIONS
our space lgbt youth ctr,GAY/LESBIAN RIGHTS & ISSUES
yuma county water users’ assn,AGRICULTURAL SERVICES & PRODUCTS
louisiana capital assistance ctr,LAWYERS & LOBBYISTS
california inst of technology,EDUCATION
new mexico advocacy network,LIBERAL POLICY ORGANIZATION
pensacola abortion rights task force,ABORTION POLICY
asian/american political alliance at brown,MINORITY & DISABILITY GROUPS
make the road pennsylvania,MINORITY & DISABILITY GROUPS
assn of late deafened adults,MINORITY & DISABILITY GROUPS
heartland ctr for jobs and freedom,LIBERAL POLICY ORGANIZATION
matthew bender and co.,LAWYERS & LOBBYISTS
housing works,WELFARE/SOCIAL WORK
fair housing ctr of metropolitan detroit,OTHER/SINGLE ISSUE GROUPS
energy equipment and infrastructure alliance,MISCELLANEOUS ENERGY & NATURAL RESOURCES
pastel cartel,GAY/LESBIAN RIGHTS & ISSUES
natl women’s political caucus,WOMEN'S ISSUES
san francisco aids fdn,HEALTH SERVICES
san francisco labor council,GENERAL TRADE UNIONS
northpoint bible college and graduate school,EDUCATION
strategic coalitions and initiatives,BUSINESS SERVICES
molina healthcare of california,INSURANCE
green zone recycling,MISCELLANEOUS MANUFACTURING & DISTRIBUTING
maryknoll office for global concerns,CLERGY
dane sanctuary coalition steering comm,OTHER/SINGLE ISSUE GROUPS
massachusetts advocates for children,HUMAN RIGHTS
north american soc for psychosocial obstetrics and gynecology,HEALTH PROFESSIONALS
dominican university,EDUCATION
fresno pacific university,EDUCATION
new england legal fdn,LAWYERS & LOBBYISTS
uber technologies,COMPUTER EQUIPMENT & SERVICES
new jersey family policy council,CHRISTIAN CONSERVATIVE
nfl sisters in service,GENERAL TRADE UNIONS
ourganda,OTHER/SINGLE ISSUE GROUPS
american bakers assn,FOOD PROCESSING & SALES
independent inst,CONSERVATIVE POLICY ORGANIZATION
south asian bar assn of san diego,LAWYERS & LOBBYISTS
cincinnati assn for the blind and visually impaired,MINORITY & DISABILITY GROUPS
immigrant defense project,OTHER/SINGLE ISSUE GROUPS
unidosus,MINORITY & DISABILITY GROUPS
project understanding,WELFARE/SOCIAL WORK
good stewards of rockingham,OTHER/SINGLE ISSUE GROUPS
soaring eagle consulting,BUSINESS SERVICES
natl assn for rural mental health,MISCELLANEOUS HEALTH
travis county public defender’s office,CIVIL SERVANTS/PUBLIC OFFICIALS
equality utah,GAY/LESBIAN RIGHTS & ISSUES
hawai’i innocence project,OTHER/SINGLE ISSUE GROUPS
new hampshire motor transport assoc.,TRUCKING
democratic socialists of america sf,LIBERAL POLICY ORGANIZATION
niagara university,EDUCATION
public lands council,PRO-ENVIRONMENTAL POLICY
saticoy bay,REAL ESTATE
minkwon ctr for community action,MINORITY & DISABILITY GROUPS
tennessee baptist and reflector,CLERGY
moody’s corporation,SECURITIES & INVESTMENT
common sense media,EDUCATION
california new car dealers assn,AUTOMOTIVE
shero mississippi,WOMEN'S ISSUES
vassar college,EDUCATION
california assn of federal firearms licensees,GUN CONTROL
federal police fdn ice officers div,PUBLIC SECTOR UNIONS
athletes for impact,RECREATION & LIVE ENTERTAINMENT
combined law enforcement assn of texas,PUBLIC SECTOR UNIONS
missouri coalition against domestic and sexual violence,OTHER/SINGLE ISSUE GROUPS
freedomworks fdn,CONSERVATIVE POLICY ORGANIZATION
injustice pool,OTHER/SINGLE ISSUE GROUPS
texas charter schools assn,EDUCATION
university of utah health plans,INSURANCE
california police chiefs assn,PUBLIC SECTOR UNIONS
zeta psi educational fdn,NONPROFIT INSTITUTIONS
los angeles county museum of art,NONPROFIT INSTITUTIONS
texas oil and gas assn,OIL & GAS
kpmg llp,ACCOUNTANTS
children’s law ctr of kentucky,LAWYERS & LOBBYISTS
citizens concerned for the constitutional rights of defendants,OTHER/SINGLE ISSUE GROUPS
media coalition fdn,OTHER/SINGLE ISSUE GROUPS
police executive research forum,PUBLIC SECTOR UNIONS
frontline,TV & MOVIE PRODUCTION/DISTRIBUTION
and then there were none,OTHER/SINGLE ISSUE GROUPS
diocese of colorado springs,CLERGY
eastern aleutian tribes,TRIBAL GOVERNMENTS
kerrville church of christ,CLERGY
general synod of the reformed church in america,CLERGY
utah native american caucus,TRIBAL GOVERNMENTS
new jersey muslim lawyers assn,LAWYERS & LOBBYISTS
university of northwestern-st. paul/northwestern media,EDUCATION
mng enterprises,REAL ESTATE
gateway creative broadcasting,TV & MOVIE PRODUCTION/DISTRIBUTION
blaine laboratories,PHARMACEUTICALS & HEALTH PRODUCTS
community health network of connecticut,HEALTH SERVICES
kentucky waterways alliance,PRO-ENVIRONMENTAL POLICY
civil rights org,HUMAN RIGHTS
natl treasury employees union,PUBLIC SECTOR UNIONS
california school boards assn’s education legal alliance,EDUCATION
feminists choosing life of new york,ABORTION POLICY
associated logging contractors-idaho,FORESTRY & FOREST PRODUCTS
aware,WOMEN'S ISSUES
jerome lejeune fdn,HEALTH & WELFARE POLICY
risa bermuda,CANDIDATE COMMITTEES
second amendment defense and education coalition,GUN CONTROL
west palm beach firefighters’ pension fund,"MISCELLANEOUS FINANCE, INSURANCE & REAL ESTATE"
still she rises,WOMEN'S ISSUES
mining minnesota,MINING
sonos,ELECTRONICS MANUFACTURING & SERVICES
u.s. people living with hiv caucus,MINORITY & DISABILITY GROUPS
indigenous women rising,TRIBAL GOVERNMENTS
kentucky assn of sexual assault programs,WELFARE/SOCIAL WORK
medical soc of the state of new york,HEALTH PROFESSIONALS
tyco fire products,CHEMICAL & RELATED MANUFACTURING
natl assn for college admission counseling,EDUCATION
texas state conference of the n.a.a.c.p.,MINORITY & DISABILITY GROUPS
partners behavioral health management,HEALTH SERVICES
lantern community services,WELFARE/SOCIAL WORK
nevada petroleum marketers and convenience store assn,OIL & GAS
sacramento loaves and fishes,WELFARE/SOCIAL WORK
impinj,ELECTRONICS MANUFACTURING & SERVICES
legal momentum the women’s legal defense and education fund,WOMEN'S ISSUES
islam and religious freedom action team of the religious freedom inst,CLERGY
current and former elected officials of the u.s. virgin islands,CIVIL SERVANTS/PUBLIC OFFICIALS
call to action,OTHER/SINGLE ISSUE GROUPS
administer justice,LAWYERS & LOBBYISTS
sarkarlaw,LAWYERS & LOBBYISTS
shipyard brewing co.,"BEER, WINE & LIQUOR"
maryland community health system,HOSPITALS & NURSING HOMES
waterkeeper alliance,PRO-ENVIRONMENTAL POLICY
power integrations,ELECTRONICS MANUFACTURING & SERVICES
squarespace,COMPUTER EQUIPMENT & SERVICES
greenville rancheria,TRIBAL GOVERNMENTS
friedman and gilbert,LAWYERS & LOBBYISTS
republican state leadership comm,CONSERVATIVE POLICY ORGANIZATION
transcend the binary,GAY/LESBIAN RIGHTS & ISSUES
state pork producer assn of north dakota,LIVESTOCK
espacios abiertos,OTHER/SINGLE ISSUE GROUPS
silicon valley employers forum,BUSINESS SERVICES
utah domestic violence coalition,OTHER/SINGLE ISSUE GROUPS
people for fairness coalition,OTHER/SINGLE ISSUE GROUPS
stronger north carolina,OTHER/SINGLE ISSUE GROUPS
native american disability law ctr,TRIBAL GOVERNMENTS
ctr for housing and health,OTHER/SINGLE ISSUE GROUPS
ohio council of churches,CLERGY
netchoice,BUSINESS SERVICES
unitarian universalist women’s fed,WOMEN'S ISSUES
moravian college,EDUCATION
help of southern nevada,WELFARE/SOCIAL WORK
virginia coalition for immigrant rights,OTHER/SINGLE ISSUE GROUPS
home school legal defense assn,EDUCATION
ethics bureau at yale,EDUCATION
libertarian party of oklahoma,PARTY COMMITTEES
hope fair housing ctr,OTHER/SINGLE ISSUE GROUPS
republican party of new mexico,PARTY COMMITTEES
recovery and insolvency specialists assn of the cayman islands,MISCELLANEOUS FINANCE
teamchild,LAWYERS & LOBBYISTS
volunteer lawyers project of cny,LAWYERS & LOBBYISTS
american assn of school administrators,EDUCATION
free speech for people,OTHER/SINGLE ISSUE GROUPS
1441 manufactured-home residents assn,HOME BUILDERS
ctr on the administration of criminal law at nyu school of law,CIVIL SERVANTS/PUBLIC OFFICIALS
california innocence project,OTHER/SINGLE ISSUE GROUPS
intl assn of democratic lawyers,LAWYERS & LOBBYISTS
natl action network,MINORITY & DISABILITY GROUPS
military and veterans’ law inst,LAWYERS & LOBBYISTS
bay mills indian community,TRIBAL GOVERNMENTS
nelson-atkins museum of art,NONPROFIT INSTITUTIONS
intl foodservice distributors assn,FOOD PROCESSING & SALES
natl academy of arbitrators,GENERAL TRADE UNIONS
las vegas-amg specialty hospital,HOSPITALS & NURSING HOMES
tri delta fdn,WOMEN'S ISSUES
natl assn of rural health clinics,HOSPITALS & NURSING HOMES
natl retiree legislative network,OTHER/SINGLE ISSUE GROUPS
americans for prosperity fdn,CONSERVATIVE POLICY ORGANIZATION
ctr for individual freedom,CONSERVATIVE POLICY ORGANIZATION
catholic migration services,CHRISTIAN CONSERVATIVE
muslim advocates,CLERGY
red wind consulting,BUSINESS SERVICES
warrior defense project,OTHER/SINGLE ISSUE GROUPS
natl coalition against censorship,OTHER/SINGLE ISSUE GROUPS
new england innocence project,OTHER/SINGLE ISSUE GROUPS
long island community fdn,NONPROFIT INSTITUTIONS
pacific southwest mennonite conference,CHRISTIAN CONSERVATIVE
pro-life texas,ABORTION POLICY
natl grocers assn,FOOD PROCESSING & SALES
church world service,CLERGY
italo-american jurists and attorneys,LAWYERS & LOBBYISTS
enterprise community partners,COMMERCIAL BANKS
general council on finance and administration of the united methodist church,CLERGY
christian professional photographers,BUSINESS SERVICES
entervault,COMPUTER EQUIPMENT & SERVICES
catholic charities of the diocese of springfield in illinois,CLERGY
percent tap house,"BEER, WINE & LIQUOR"
peaceful families project,OTHER/SINGLE ISSUE GROUPS
vermont assn of hospitals and health systems,HOSPITALS & NURSING HOMES
chicago fdn for women,WOMEN'S ISSUES
authors alliance,PRINTING & PUBLISHING
lung kong tin yee assn of sacramento,MINORITY & DISABILITY GROUPS
columbia college,EDUCATION
synopsys,COMPUTER EQUIPMENT & SERVICES
partnership health plan of california,INSURANCE
american immigrant investor alliance,OTHER/SINGLE ISSUE GROUPS
drug policy alliance,HEALTH & WELFARE POLICY
saint anselm college,EDUCATION
evangel university,EDUCATION
era minnesota,WOMEN'S ISSUES
xilinx,ELECTRONICS MANUFACTURING & SERVICES
tn ranching company,LIVESTOCK
lifepointe ministries,CLERGY
cape and islands veterans outreach ctr,NONPROFIT INSTITUTIONS
intermountain forestry assn,FORESTRY & FOREST PRODUCTS
retired federal judges,CIVIL SERVANTS/PUBLIC OFFICIALS
85 religious org,CLERGY
itexaspolitics d/b/a the texan,PRINTING & PUBLISHING
food and water watch,PRO-ENVIRONMENTAL POLICY
oklahoma city indian clinic,HEALTH PROFESSIONALS
sino-american finance assn,MISCELLANEOUS FINANCE
kalderos,LAWYERS & LOBBYISTS
georgia advancing communities together,MINORITY & DISABILITY GROUPS
stephen wise temple,CLERGY
vfw-missouri department,MILITARY
medical students for choice,HEALTH PROFESSIONALS
president of the house of deputies of the episcopal church,CLERGY
pride construction,GENERAL CONTRACTORS
galen inst,HEALTH & WELFARE POLICY
merck sharp and dohme,PHARMACEUTICALS & HEALTH PRODUCTS
florida access network,MINORITY & DISABILITY GROUPS
south dakota trucking assn,TRUCKING
truth in energy and climate,PRO-ENVIRONMENTAL POLICY
american soc of hematology,HEALTH PROFESSIONALS
hoosier uplands edc,BUSINESS SERVICES
nevada captive insurance council,INSURANCE
st. paul’s ctr,NONPROFIT INSTITUTIONS
anthem,INSURANCE
praxis precision medicines,PHARMACEUTICALS & HEALTH PRODUCTS
church of the savior,CLERGY
accompany capital,SECURITIES & INVESTMENT
major cities chiefs assn,PUBLIC SECTOR UNIONS
chinese community ctr,MINORITY & DISABILITY GROUPS
tennessee municipal attorneys assn,CIVIL SERVANTS/PUBLIC OFFICIALS
lotus vaping technologies,TOBACCO
activism caucus of the assn for women in psychology,WOMEN'S ISSUES
partnership schools,EDUCATION
long beach gray panthers (california),GENERAL TRADE UNIONS
north carolina farm bureau fed,FARM BUREAU
rejac,REAL ESTATE
michigan trucking assn,TRUCKING
associazione manden-diritti civili e legalità,OTHER/SINGLE ISSUE GROUPS
atsign,COMPUTER EQUIPMENT & SERVICES
korean assn of howard county,MINORITY & DISABILITY GROUPS
citizens’ alliance for property rights legal fund,OTHER/SINGLE ISSUE GROUPS
ctr for prosecutor integrity,CIVIL SERVANTS/PUBLIC OFFICIALS
north star insurance services,INSURANCE
reicks view farms l.l.c.,LIVESTOCK
nationwide biweekly administration,MISCELLANEOUS FINANCE
freedom partners chamber of commerce,BUSINESS ASSOCIATIONS
phoenix community development services,REAL ESTATE
consumers’ research,CONSUMER GROUPS
ingersoll rand,MISCELLANEOUS MANUFACTURING & DISTRIBUTING
chicago abortion fund,ABORTION POLICY
lutheran child and family services of illinois,WELFARE/SOCIAL WORK
new mexico family action movement,CHRISTIAN CONSERVATIVE
marine resource council of east florida,PRO-ENVIRONMENTAL POLICY
one america,OTHER/SINGLE ISSUE GROUPS
humane soc of charlotte,ANIMAL RIGHTS
actionaid italy,NONPROFIT INSTITUTIONS
disability rights mississippi,MINORITY & DISABILITY GROUPS
ndh denver colorado,HOSPITALS & NURSING HOMES
virgin islands bar assn,LAWYERS & LOBBYISTS
eberle associates,BUSINESS SERVICES
condemned usa,OTHER/SINGLE ISSUE GROUPS
california public defenders assn,CIVIL SERVANTS/PUBLIC OFFICIALS
hudson valley cannabis industry assn,MARIJUANA GROWERS & PRODUCT SALES
ohio domestic violence network,OTHER/SINGLE ISSUE GROUPS
c.a. goldberg pllc,LAWYERS & LOBBYISTS
horizon house,HOSPITALS & NURSING HOMES
election integrity project arizona,OTHER/SINGLE ISSUE GROUPS
georgia coalition against domestic violence,OTHER/SINGLE ISSUE GROUPS
women veterans interactive fdn,GAY/LESBIAN RIGHTS & ISSUES
fur information council of america,MISCELLANEOUS MANUFACTURING & DISTRIBUTING
i am vanessa guillen fdn,OTHER/SINGLE ISSUE GROUPS
morris and dickson,PHARMACEUTICALS & HEALTH PRODUCTS
pricewaterhousecoopers llp,ACCOUNTANTS
new hope,PHARMACEUTICALS & HEALTH PRODUCTS
jesse tree of idaho,OTHER/SINGLE ISSUE GROUPS
sulphur inst,CHEMICAL & RELATED MANUFACTURING
protect our gun rights,GUN CONTROL
sheet metal air rail transportation workers-transportation div,GENERAL TRADE UNIONS
quixote ctr,OTHER/SINGLE ISSUE GROUPS
shenzhen software industry assn,COMPUTER EQUIPMENT & SERVICES
santa rosa indian community of the santa rosa rancheria california,TRIBAL GOVERNMENTS
semiconductor industry assn,ELECTRONICS MANUFACTURING & SERVICES
state government leadership fdn,PUBLIC SECTOR UNIONS
unity housing of johnson city,OTHER/SINGLE ISSUE GROUPS
stonewall bar assn of georgia,LAWYERS & LOBBYISTS
jack kemp fdn,CONSERVATIVE POLICY ORGANIZATION
lawyers for children,LAWYERS & LOBBYISTS
experiments in time light and motion,OTHER/SINGLE ISSUE GROUPS
wyoming assn of conservation districts,PRO-ENVIRONMENTAL POLICY
march for our lives action fund,GUN CONTROL
haw river assembly,PRO-ENVIRONMENTAL POLICY
kraft heinz company,FOOD PROCESSING & SALES
natl assn of diversity officers in higher education,EDUCATION
resources intl care of america,HOSPITALS & NURSING HOMES
ctr for law and education,OTHER/SINGLE ISSUE GROUPS
aclu of maryland,OTHER/SINGLE ISSUE GROUPS
knight first amendment inst at columbia university,OTHER/SINGLE ISSUE GROUPS
louisiana fair housing action ctr,OTHER/SINGLE ISSUE GROUPS
adobe,COMPUTER EQUIPMENT & SERVICES
victims of communism memorial fdn,OTHER/SINGLE ISSUE GROUPS
bi-state primary care assn,HEALTH PROFESSIONALS
minnesota freedom fund,OTHER/SINGLE ISSUE GROUPS
east kentucky power cooperative,ELECTRIC UTILITIES
bridge collective,OTHER/SINGLE ISSUE GROUPS
casa,OTHER/SINGLE ISSUE GROUPS
washington public ports assn,SEA TRANSPORT
b’nai b’rith intl,MINORITY & DISABILITY GROUPS
faith and freedom fdn,CHRISTIAN CONSERVATIVE
rural community assistance corporation,WASTE MANAGEMENT
intl victims action ctr,HUMAN RIGHTS
turtle mountain band of chippewa indians of north dakota,TRIBAL GOVERNMENTS
upper snake river tribes fdn,TRIBAL GOVERNMENTS
assn of classical christian schools,EDUCATION
potomac conservancy,PRO-ENVIRONMENTAL POLICY
louder partners,LAWYERS & LOBBYISTS
great hearts academies,EDUCATION
heat initiative,WELFARE/SOCIAL WORK
arizona christian school tuition org,EDUCATION
global liberty alliance,OTHER/SINGLE ISSUE GROUPS
natl health law program,LAWYERS & LOBBYISTS
environmental advocates,PRO-ENVIRONMENTAL POLICY
coalition for jewish values,MINORITY & DISABILITY GROUPS
intl business machines,COMPUTER EQUIPMENT & SERVICES
sas inst,COMPUTER EQUIPMENT & SERVICES
women’s equal rights legal defense and education fund,WOMEN'S ISSUES
natl fed of state high school assn,EDUCATION
we testify,WOMEN'S ISSUES
texas city attorneys assn,CIVIL SERVANTS/PUBLIC OFFICIALS
ctr for workplace compliance,BUSINESS SERVICES
natl habeas inst,LAWYERS & LOBBYISTS
software preservation network,COMPUTER EQUIPMENT & SERVICES
advancing real change,OTHER/SINGLE ISSUE GROUPS
fund,OTHER/SINGLE ISSUE GROUPS
mathworks,COMPUTER EQUIPMENT & SERVICES
alabama trucking assn,TRUCKING
new mexico farm and livestock bureau,FARM BUREAU
north carolina healthcare assn,HOSPITALS & NURSING HOMES
community assn inst,REAL ESTATE
upmc,HOSPITALS & NURSING HOMES
khbc partners ii,REAL ESTATE
women’s law ctr of maryland,WOMEN'S ISSUES
intl franchise assn,BUSINESS SERVICES
natl corn growers assn,CROP PRODUCTION & BASIC PROCESSING
zionist org of america,MINORITY & DISABILITY GROUPS
bridgercare,INSURANCE
building industry assn of the greater valley,GENERAL CONTRACTORS
street wise,RETAIL SALES
utah legislators current and former,CIVIL SERVANTS/PUBLIC OFFICIALS
villagecaremax,HOSPITALS & NURSING HOMES
harriet’s wildest dreams,ANIMAL RIGHTS
apartment assn of northeast wisconsin,REAL ESTATE
danone north america pbc,FOOD PROCESSING & SALES
pacific marine fund,SEA TRANSPORT
puerto rico restaurant assn/asociación de restaurantes de puerto rico,FOOD & BEVERAGE
rhode island assn of criminal lawyers,LAWYERS & LOBBYISTS
atlantic ctr for capital representation,LAWYERS & LOBBYISTS
washington contract loggers assn,FORESTRY & FOREST PRODUCTS
kennedy plaintiffs,LAWYERS & LOBBYISTS
arizona alliance for community health ctr,HOSPITALS & NURSING HOMES
natl assn for behavioral healthcare,HEALTH SERVICES
maryland public policy inst,CONSERVATIVE POLICY ORGANIZATION
alaska district attorneys assn,CIVIL SERVANTS/PUBLIC OFFICIALS
illinois farm bureau,FARM BUREAU
american lending ctr holdings,PAYDAY/TITLE LOANS
democrats for life,ABORTION POLICY
colorado river indian tribe,TRIBAL GOVERNMENTS
robert f. kennedy human rights,HUMAN RIGHTS
wooden robot brewery,"BEER, WINE & LIQUOR"
american cancer soc,HEALTH & WELFARE POLICY
atlantic media,PRINTING & PUBLISHING
american fuel and petrochemical manufacturers,OIL & GAS
health partners plans,INSURANCE
junior chamber intl (jci) florida,BUSINESS SERVICES
assn of oil pipe lines,OIL & GAS
washington state assn of municipal attorneys,CIVIL SERVANTS/PUBLIC OFFICIALS
red wine and blue,LIBERAL POLICY ORGANIZATION
oregon coalition against domestic and sexual violence,OTHER/SINGLE ISSUE GROUPS
u.s. chamber litigation ctr,BUSINESS ASSOCIATIONS
able americans,OTHER/SINGLE ISSUE GROUPS
women’s fdn of california,WOMEN'S ISSUES
infectious diseases soc of america,HEALTH PROFESSIONALS
wesleyan university,EDUCATION
environmental defense fund,PRO-ENVIRONMENTAL POLICY
intercept abuse-voices set free,OTHER/SINGLE ISSUE GROUPS
envision,OTHER/SINGLE ISSUE GROUPS
lvdg,LAWYERS & LOBBYISTS
nc league of conservation voters,PRO-ENVIRONMENTAL POLICY
rapid7,COMPUTER EQUIPMENT & SERVICES
reason fdn,NONPROFIT INSTITUTIONS
seattle chapter natl org for women,WOMEN'S ISSUES
public integrity alliance,OTHER/SINGLE ISSUE GROUPS
civil liberties for urban believers,CLERGY
legal aid justice ctr,LAWYERS & LOBBYISTS
trans(forming),GAY/LESBIAN RIGHTS & ISSUES
soc of interventional radiology,HEALTH PROFESSIONALS
missionary sisters of the most sacred heart of jesus,CLERGY
partnership for working families,LIBERAL POLICY ORGANIZATION
ip justice,OTHER/SINGLE ISSUE GROUPS
reconciling ministries network,CLERGY
constitutional attorneys,LAWYERS & LOBBYISTS
advocacy for fairness in sports,OTHER/SINGLE ISSUE GROUPS
ra capital management lp,SECURITIES & INVESTMENT
european assn of automotive suppliers,AUTOMOTIVE
midwest vape coalition,TOBACCO
ctr on budget and policy priorities,LIBERAL POLICY ORGANIZATION
kirkwood inst,CONSERVATIVE POLICY ORGANIZATION
constitutional natl comm,CHRISTIAN CONSERVATIVE
confederated tribes and bands of the yakama nation,TRIBAL GOVERNMENTS
h3 project,OTHER/SINGLE ISSUE GROUPS
fair fight action,OTHER/SINGLE ISSUE GROUPS
washington legal fdn,CONSERVATIVE POLICY ORGANIZATION
hannibal-lagrange university,EDUCATION
university of pennsylvania,EDUCATION
north carolina state conference of the naacp,MINORITY & DISABILITY GROUPS
technology channel sales professionals,BUSINESS SERVICES
disability rights texas,MINORITY & DISABILITY GROUPS
associated industries of florida,BUSINESS ASSOCIATIONS
women’s medical fund,ABORTION POLICY
ctr for consumer law and economic justice,CONSUMER GROUPS
lenny boy brewing co.,"BEER, WINE & LIQUOR"
illinois pork producers assn,LIVESTOCK
indianapolis greek-american wine consumers,"BEER, WINE & LIQUOR"
progressive pathways,LIBERAL POLICY ORGANIZATION
america’s health insurance plans,INSURANCE
former executive office for immigration review judges,CIVIL SERVANTS/PUBLIC OFFICIALS
moms in office,WOMEN'S ISSUES
innisfree fdn,NONPROFIT INSTITUTIONS
justice and freedom fund,OTHER/SINGLE ISSUE GROUPS
advocates for youth,WOMEN'S ISSUES
longhorn cattle and swine confinement systems,LIVESTOCK
rabbinical alliance of america,CLERGY
veterans education success,OTHER/SINGLE ISSUE GROUPS
ctr for american progress,LIBERAL POLICY ORGANIZATION
new york state catholic conference,CLERGY
sourceamerica,MISCELLANEOUS SERVICES
common cause,OTHER/SINGLE ISSUE GROUPS
downtown denver partnership,BUSINESS ASSOCIATIONS
liberty counsel,CHRISTIAN CONSERVATIVE
multimedia production professionals,TV & MOVIE PRODUCTION/DISTRIBUTION
southern baptists for abolishing abortion,CHRISTIAN CONSERVATIVE
globaltranz enterprises,MISCELLANEOUS TRANSPORT
salida pregnancy resource ctr,ABORTION POLICY
american inns of court,LAWYERS & LOBBYISTS
end overdose,HEALTH & WELFARE POLICY
south dallas fair park inner city community development corporation (texas),WELFARE/SOCIAL WORK
louisiana assn of chiefs of police,PUBLIC SECTOR UNIONS
new york residents alliance,OTHER/SINGLE ISSUE GROUPS
western journal,PRINTING & PUBLISHING
la raza community resource ctr,MINORITY & DISABILITY GROUPS
advancement project,MINORITY & DISABILITY GROUPS
natl assn of catholic nurses usa,HEALTH PROFESSIONALS
disciples for public witness,CHRISTIAN CONSERVATIVE
colorado org for latina opportunity and reproductive rights (color) and color action fund,WOMEN'S ISSUES
rhedi (reproductive health education in family medicine),HEALTH PROFESSIONALS
lgbt community ctr of greater cleveland,GAY/LESBIAN RIGHTS & ISSUES
potomac riverkeeper network,PRO-ENVIRONMENTAL POLICY
arts district la,LIVE THEATER/OTHER ENTERTAINMENT PRODUCTIONS
mississippi office of capital post-conviction counsel,CIVIL SERVANTS/PUBLIC OFFICIALS
grp health fdn,HOSPITALS & NURSING HOMES
natl ocean industries assn,OIL & GAS
auto care assn,AUTOMOTIVE
harvard pilgrim health care,INSURANCE
uniting three fires against violence,TRIBAL GOVERNMENTS
california chamber of commerce,BUSINESS ASSOCIATIONS
fdn to abolish abortion,ABORTION POLICY
beyond vision,MISCELLANEOUS SERVICES
state farm mutual automobile insurance company,INSURANCE
china software industry assn,COMPUTER EQUIPMENT & SERVICES
interamerican inst for constitutional rights,HUMAN RIGHTS
albany housing coalition,OTHER/SINGLE ISSUE GROUPS
manufactured housing inst,HOME BUILDERS
korean american soc of virginia,MINORITY & DISABILITY GROUPS
first look media works,PRINTING & PUBLISHING
korey wise innocence project,OTHER/SINGLE ISSUE GROUPS
transgender resource ctr of new mexico,GAY/LESBIAN RIGHTS & ISSUES
bioethics defense fund,ABORTION POLICY
mf global holdings,SECURITIES & INVESTMENT
animal legal defense fund,ANIMAL RIGHTS
coalition ending gender-based violence,WOMEN'S ISSUES
garmin intl,ELECTRONICS MANUFACTURING & SERVICES
chau sim chan,CANDIDATE CONTRIBUTIONS
academy of rail labor attorneys,TRANSPORTATION UNIONS
florence immigrant and refugee rights project,OTHER/SINGLE ISSUE GROUPS
citizen outreach,CONSERVATIVE POLICY ORGANIZATION
frontier communications corporation,TELECOM SERVICES & EQUIPMENT
missouri ctr-right coalition,CONSERVATIVE POLICY ORGANIZATION
one hundred miles,PRO-ENVIRONMENTAL POLICY
federal public defender of oregon,CIVIL SERVANTS/PUBLIC OFFICIALS
forced trajectory project,OTHER/SINGLE ISSUE GROUPS
heritage defense fdn,CONSERVATIVE POLICY ORGANIZATION
altice usa,TELECOM SERVICES & EQUIPMENT
human rights watch,HUMAN RIGHTS
natl asian pacific american bar assn,LAWYERS & LOBBYISTS
ctr for judeo-christian morality,CHRISTIAN CONSERVATIVE
civil rights corps,OTHER/SINGLE ISSUE GROUPS
council of parent attorneys and advocates,LAWYERS & LOBBYISTS
transcend legal,LAWYERS & LOBBYISTS
comm for a constructive tomorrow,PRO-ENVIRONMENTAL POLICY
habonim dror north america,NONPROFIT INSTITUTIONS
riverside films,TV & MOVIE PRODUCTION/DISTRIBUTION
j.b. hunt transport services,TRUCKING
federal public defender northern district of california,CIVIL SERVANTS/PUBLIC OFFICIALS
muslim caucus of america,CLERGY
life after release,WELFARE/SOCIAL WORK
catholic education partners,EDUCATION
intl soc for krishna consciousness,CLERGY
lovelace consulting services,BUSINESS SERVICES
experts in democracy,OTHER/SINGLE ISSUE GROUPS
pathways to housing pa,WELFARE/SOCIAL WORK
maryland shall issue,GUN CONTROL
u.s. vets,WELFARE/SOCIAL WORK
forum on the military chaplaincy,CLERGY
reed smith llp,LAWYERS & LOBBYISTS
chhaya community development corporation,MINORITY & DISABILITY GROUPS
geraci law l.l.c.,LAWYERS & LOBBYISTS
government justice ctr,BUSINESS SERVICES
good food inst,FOOD PROCESSING & SALES
hispanic leadership fund,CONSERVATIVE POLICY ORGANIZATION
montana coalition against domestic and sexual violence,OTHER/SINGLE ISSUE GROUPS
minnesota multi housing assn,REAL ESTATE
lawyers’ comm for civil rights of the san francisco bay area,LAWYERS & LOBBYISTS
assn of college and research libraries,NONPROFIT INSTITUTIONS
asian americans advancing justice | chicago,MINORITY & DISABILITY GROUPS
saint regis mohawk tribe,TRIBAL GOVERNMENTS
louisiana ctr for children’s rights,HUMAN RIGHTS
independence law ctr,LAWYERS & LOBBYISTS
sisterlove,WOMEN'S ISSUES
ctr for competitive democracy,OTHER/SINGLE ISSUE GROUPS
minority cannabis business assn,MARIJUANA GROWERS & PRODUCT SALES
american council of life insurers,INSURANCE
willamette valley miners,MINING
asian american voters,MINORITY & DISABILITY GROUPS
united way of greater lorain county,NONPROFIT INSTITUTIONS
natl shooting sports fdn,GUN CONTROL
stopantisemitism,OTHER/SINGLE ISSUE GROUPS
plymouth welcoming migrants comm,OTHER/SINGLE ISSUE GROUPS
agricultural retailers assn,AGRICULTURAL SERVICES & PRODUCTS
south asian public health assn,HEALTH PROFESSIONALS
ctr for science in the public interest,PRO-ENVIRONMENTAL POLICY
ratio christi,CHRISTIAN CONSERVATIVE
central valley immigrant integration collaborative,OTHER/SINGLE ISSUE GROUPS
dc shy-yab,OTHER/SINGLE ISSUE GROUPS
minnesota sheriffs’ assn,PUBLIC SECTOR UNIONS
team enough,GUN CONTROL
american soc of nephrology,HEALTH PROFESSIONALS
agudas harabbonim,CLERGY
parents grp of new york,OTHER/SINGLE ISSUE GROUPS
neighbor to neighbor massachusetts action fund,LIBERAL POLICY ORGANIZATION
dri-the voice of the defense bar,LAWYERS & LOBBYISTS
alliance of community health plans,HEALTH SERVICES
assn of natl advertisers,BUSINESS SERVICES
boadwine farms,CROP PRODUCTION & BASIC PROCESSING
marietta college,EDUCATION
5 law library org,NONPROFIT INSTITUTIONS
washington innocence project,OTHER/SINGLE ISSUE GROUPS
farm sanctuary,ANIMAL RIGHTS
independent women’s forum,WOMEN'S ISSUES
american assn of community colleges,EDUCATION
government information watch,OTHER/SINGLE ISSUE GROUPS
utah crime victims legal clinic,LAWYERS & LOBBYISTS
cities of mission viejo oroville solana beach south pasadena and barstow california,CIVIL SERVANTS/PUBLIC OFFICIALS
disability rights ctr of the virgin islands,MINORITY & DISABILITY GROUPS
rensselaer county regional chamber of commerce,BUSINESS ASSOCIATIONS
blanca telephone company,TELECOM SERVICES & EQUIPMENT
do no harm,OTHER/SINGLE ISSUE GROUPS
buckeye inst,CONSERVATIVE POLICY ORGANIZATION
tabor college,EDUCATION
young invincibles,LIBERAL POLICY ORGANIZATION
fight for freelancers,BUSINESS SERVICES
sunita jain anti-trafficking initiative,OTHER/SINGLE ISSUE GROUPS
end abortion now,ABORTION POLICY
ohio innocence project,OTHER/SINGLE ISSUE GROUPS
california state sheriffs’ assn,PUBLIC SECTOR UNIONS
ecig charleston,TOBACCO
oklahoma sheriffs’ assn,PUBLIC SECTOR UNIONS
monuments men and women fdn,NONPROFIT INSTITUTIONS
naugatuck valley community college,EDUCATION
smoke free alternatives coalition of illinois,TOBACCO
marriott intl,LODGING & TOURISM
public advocacy for kids,OTHER/SINGLE ISSUE GROUPS
rein tech,COMPUTER EQUIPMENT & SERVICES
ctr for election confidence,OTHER/SINGLE ISSUE GROUPS
authors guild,PRINTING & PUBLISHING
multicultural media telecom and internet council,BUSINESS SERVICES
harpeth conservancy,PRO-ENVIRONMENTAL POLICY
children’s law ctr,LAWYERS & LOBBYISTS
protect the harvest,OTHER/SINGLE ISSUE GROUPS
aeris communications,BUSINESS SERVICES
selecthealth of south carolina,INSURANCE
raising women’s voices for the health care we need,WOMEN'S ISSUES
patriotic veterans,OTHER/SINGLE ISSUE GROUPS
nneka productions,TV & MOVIE PRODUCTION/DISTRIBUTION
sueños sin fronteras de tejas,MINORITY & DISABILITY GROUPS
family policy alliance of new jersey,CHRISTIAN CONSERVATIVE
saj,LAWYERS & LOBBYISTS
virginia poverty law ctr,LAWYERS & LOBBYISTS
health services for children with special needs,HEALTH SERVICES
italy innocence project,OTHER/SINGLE ISSUE GROUPS
michigan vape shop owners,TOBACCO
associazione casa delle donne per non subire violenza bologna,WOMEN'S ISSUES
hughes outdoor media,BUSINESS SERVICES
natl press club journalism inst,PRINTING & PUBLISHING
justice and corporate accountability project,OTHER/SINGLE ISSUE GROUPS
orange county coastkeeper,PRO-ENVIRONMENTAL POLICY
united states council for intl business,BUSINESS ASSOCIATIONS
montreat college,EDUCATION
sixth circuit appointed counsel,LAWYERS & LOBBYISTS
southern coalition for social justice,OTHER/SINGLE ISSUE GROUPS
fed of southern cooperatives/land assistance fund,OTHER/SINGLE ISSUE GROUPS
lawyers defending american democracy,LAWYERS & LOBBYISTS
alliance for hippocratic medicine,HEALTH PROFESSIONALS
missing and murdered native americans mmiw usa,TRIBAL GOVERNMENTS
charity navigator,NONPROFIT INSTITUTIONS
ctr to keep and bear arms,GUN CONTROL
nextremity solutions,PHARMACEUTICALS & HEALTH PRODUCTS
united steelworkers,GENERAL TRADE UNIONS
driscoll health plan,INSURANCE
claremont graduate university,EDUCATION
indiana hospital assn,HOSPITALS & NURSING HOMES
immigrant justice idaho,OTHER/SINGLE ISSUE GROUPS
senior citizen league,ELDERLY/SOCIAL SECURITY
american soc of clinical oncology,HEALTH PROFESSIONALS
minnesota assn of county land commissioners,CIVIL SERVANTS/PUBLIC OFFICIALS
southwest fair housing council,OTHER/SINGLE ISSUE GROUPS
ctr for humane technology,OTHER/SINGLE ISSUE GROUPS
depaul university,EDUCATION
northwest regional primary care assn,HEALTH PROFESSIONALS
washington appellate project,LAWYERS & LOBBYISTS
congregation shaare emeth,CLERGY
ysleta del sur pueblo tribe of texas,TRIBAL GOVERNMENTS
christian medical and dental assn,HEALTH PROFESSIONALS
ctr for education reform,PUBLIC EDUCATION POLICY
j n j construction,GENERAL CONTRACTORS
just neighbors,LAWYERS & LOBBYISTS
pirgim public interest lobby (michigan),LIBERAL POLICY ORGANIZATION
stronghearts native helpline,TRIBAL GOVERNMENTS
maine heritage policy ctr,CONSERVATIVE POLICY ORGANIZATION
ctr for lng,OIL & GAS
athlete ally,OTHER/SINGLE ISSUE GROUPS
frontline policy council,CONSERVATIVE POLICY ORGANIZATION
michigan psychological assn,HEALTH PROFESSIONALS
north american council on adoptable children,WELFARE/SOCIAL WORK
partners for progressive israel,OTHER/SINGLE ISSUE GROUPS
natl advocates for pregnant women,WOMEN'S ISSUES
catholics for choice,CHRISTIAN CONSERVATIVE
mountain health co-op,HEALTH SERVICES
empire health fdn,HEALTH SERVICES
long island housing services,OTHER/SINGLE ISSUE GROUPS
cornell college,EDUCATION
intertribal trade consortium,TRIBAL GOVERNMENTS
legal aid soc of columbus,LAWYERS & LOBBYISTS
protect the first fdn,OTHER/SINGLE ISSUE GROUPS
carolinas agc,GENERAL CONTRACTORS
mccrummen immigration law grp,LAWYERS & LOBBYISTS
fpc action fdn,LAWYERS & LOBBYISTS
friends of wintergreen,LODGING & TOURISM
patreon,MISCELLANEOUS SERVICES
secure justice,OTHER/SINGLE ISSUE GROUPS
buckeye firearms assn,GUN CONTROL
nonprofit leadership alliance,NONPROFIT INSTITUTIONS
jaffe raitt heuer and weiss p.c. counsel for barbara hernandez in people v. hernandez no. 350565 (mich. ct. app.),LAWYERS & LOBBYISTS
natl hispanic media coalition,MINORITY & DISABILITY GROUPS
ctr for the rule of law,OTHER/SINGLE ISSUE GROUPS
kino border initiative,CLERGY
legal aid soc of rockland county,LAWYERS & LOBBYISTS
friends for lgbtq concerns,GAY/LESBIAN RIGHTS & ISSUES
holocaust education ctr in the desert,OTHER/SINGLE ISSUE GROUPS
people united for privacy fdn,OTHER/SINGLE ISSUE GROUPS
minnesota assn of assessing officers,CIVIL SERVANTS/PUBLIC OFFICIALS
planned parenthood south texas surgical ctr,ABORTION POLICY
az aanhpi for equity,MINORITY & DISABILITY GROUPS
assn for neighborhood and housing development,OTHER/SINGLE ISSUE GROUPS
andrew wommack ministries,CLERGY
410 texas women injured by abortion,ABORTION POLICY
assn of california water agencies,WATER UTILITIES
new jersey second amendment soc,GUN CONTROL
law ctr for better housing,OTHER/SINGLE ISSUE GROUPS
captive insurance council of the district of columbia,INSURANCE
oregon food bank,WELFARE/SOCIAL WORK
kentucky student voice team,EDUCATION
alabama bicycle coalition,MISCELLANEOUS TRANSPORT
reporters comm for freedom of the press,PRINTING & PUBLISHING
midcontinent independent system operator,ELECTRIC UTILITIES
pasadena mennonite church,CLERGY
due process inst,OTHER/SINGLE ISSUE GROUPS
children to love intl,WELFARE/SOCIAL WORK
uniformed services league,PUBLIC SECTOR UNIONS
u-blox,ELECTRONICS MANUFACTURING & SERVICES
virginia housing alliance,OTHER/SINGLE ISSUE GROUPS
adventist development and relief agency intl,CLERGY
montana wood products assn,FORESTRY & FOREST PRODUCTS
justice soc,OTHER/SINGLE ISSUE GROUPS
wisconsin conservation voters,PRO-ENVIRONMENTAL POLICY
natl assn of tribal historic preservation officers,TRIBAL GOVERNMENTS
episcopal housing corporation,NONPROFIT INSTITUTIONS
synlogic,COMPUTER EQUIPMENT & SERVICES
legal council for health justice,LAWYERS & LOBBYISTS
defense attorneys,LAWYERS & LOBBYISTS
adaptive phage therapeutics,PHARMACEUTICALS & HEALTH PRODUCTS
associazione spazio donna caserta,WOMEN'S ISSUES
pi kappa alpha fdn,EDUCATION
madres e hijos,OTHER/SINGLE ISSUE GROUPS
faith in new jersey,CLERGY
natl soc of entertainment and arts lawyers,LAWYERS & LOBBYISTS
arkansas health care assn,HOSPITALS & NURSING HOMES
cablelabs,TELECOM SERVICES & EQUIPMENT
ohio chamber of commerce,BUSINESS ASSOCIATIONS
onejustice,LAWYERS & LOBBYISTS
n.c. sheriffs’ ass’n,PUBLIC SECTOR UNIONS
tolowa dee-ni’ nation,TRIBAL GOVERNMENTS
nrcc,PARTY COMMITTEES
outfront media,BUSINESS SERVICES
united states of care,HEALTH & WELFARE POLICY
texas brewshed alliance,"BEER, WINE & LIQUOR"
lighthouse for the blind and visually impaired of san francisco,WELFARE/SOCIAL WORK
taxpayers’ fed of illinois,TAX ISSUES
justice and freedom law ctr,OTHER/SINGLE ISSUE GROUPS
community care network of kansas,HEALTH SERVICES
soc of gynecologic oncology,HEALTH PROFESSIONALS
afa action,CHRISTIAN CONSERVATIVE
candel therapeutics,PHARMACEUTICALS & HEALTH PRODUCTS
gfr media (el nuevo día/primera hora),PRINTING & PUBLISHING
u.s. conference of mayors,CIVIL SERVANTS/PUBLIC OFFICIALS
fort defiance indian hospital board,HOSPITALS & NURSING HOMES
miami intl arbitration soc,LAWYERS & LOBBYISTS
putco,TRUCKING
transformative justice coalition,OTHER/SINGLE ISSUE GROUPS
police officers labor council,PUBLIC SECTOR UNIONS
american soc of crime laboratory directors,CIVIL SERVANTS/PUBLIC OFFICIALS
mgm resorts intl,LODGING & TOURISM
louisiana alliance for life,ABORTION POLICY
american college of surgeons,HEALTH PROFESSIONALS
planned parenthood empire state acts,ABORTION POLICY
florida hospital assn,HOSPITALS & NURSING HOMES
our duty-usa,OTHER/SINGLE ISSUE GROUPS
alameda alliance for health,INSURANCE
partners for ethical care,ANIMAL RIGHTS
children’s partnership,HUMAN RIGHTS
illinois states attorneys assn,CIVIL SERVANTS/PUBLIC OFFICIALS
clearplay,RETAIL SALES
latin america working grp,OTHER/SINGLE ISSUE GROUPS
sage nyc,GAY/LESBIAN RIGHTS & ISSUES
alliance absolute justice women’s div,WOMEN'S ISSUES
state water contractors,WATER UTILITIES
salinas valley chamber of commerce,BUSINESS ASSOCIATIONS
american assn of christian counselors,CLERGY
family inst of connecticut action,CHRISTIAN CONSERVATIVE
hamaspik choice,HEALTH SERVICES
foia advisor,OTHER/SINGLE ISSUE GROUPS
tennessee equality project,GAY/LESBIAN RIGHTS & ISSUES
council for higher education accreditation,EDUCATION
fogarty inst for innovation,PHARMACEUTICALS & HEALTH PRODUCTS
presentation partners in housing,REAL ESTATE
archcity defenders,OTHER/SINGLE ISSUE GROUPS
intl academy of family lawyers,LAWYERS & LOBBYISTS
inst for compassion in justice,OTHER/SINGLE ISSUE GROUPS
family farm action alliance,FARM BUREAU
natl inst for workers’ rights,GENERAL TRADE UNIONS
american civil liberties union,OTHER/SINGLE ISSUE GROUPS
philanthropy new york,NONPROFIT INSTITUTIONS
org for intl investment,SECURITIES & INVESTMENT
fireeye,COMPUTER EQUIPMENT & SERVICES
new york city gay and lesbian anti-violence project,GAY/LESBIAN RIGHTS & ISSUES
trans pride initiative,GAY/LESBIAN RIGHTS & ISSUES
transgender justice law project of illinois,GAY/LESBIAN RIGHTS & ISSUES
women nc,WOMEN'S ISSUES
catholic diocese of kansas city-saint joseph,CLERGY
loma linda university,EDUCATION
disarming films,OTHER/SINGLE ISSUE GROUPS
orange county gun owners,GUN CONTROL
mothers against murderers assn,OTHER/SINGLE ISSUE GROUPS
los angeles ctr for law and justice,LAWYERS & LOBBYISTS
asociacion pro derechos humanos-aprodeh,HUMAN RIGHTS
chinese american heritage assn,MINORITY & DISABILITY GROUPS
central california alliance for health,INSURANCE
paralyzed veterans of america,GENERAL TRADE UNIONS
cnn en español,TV & MOVIE PRODUCTION/DISTRIBUTION
interfaith alliance of colorado,CLERGY
matrix minds,EDUCATION
birnbaum women’s leadership network nyu law,WOMEN'S ISSUES
eliot unitarian universalist chapel,CLERGY
here technologies,COMPUTER EQUIPMENT & SERVICES
askinosie chocolate,FOOD PROCESSING & SALES
asian american fed,MINORITY & DISABILITY GROUPS
robbinsdale clinic pa,HEALTH PROFESSIONALS
fosterclub,WELFARE/SOCIAL WORK
girl and a gun women’s shooting league,GUN CONTROL
hope credit union,CREDIT UNIONS
indeed,BUSINESS SERVICES
advanced biofuels assn,MISCELLANEOUS ENERGY
health plan of san mateo,HEALTH SERVICES
sun life,INSURANCE
counter extremism project,OTHER/SINGLE ISSUE GROUPS
pennsylvania lodge of the fraternal order of police,PUBLIC SECTOR UNIONS
baptist general convention of texas,CLERGY
drew brandt construction,GENERAL CONTRACTORS
algotransparency,COMPUTER EQUIPMENT & SERVICES
archdiocese of chicago domestic violence outreach,CLERGY
american assn of christian schools,EDUCATION
caloptima,HEALTH SERVICES
amicus populi,LAWYERS & LOBBYISTS
arkansas state chamber of commerce,BUSINESS ASSOCIATIONS
pivot-the progressive vietnamese american org,MINORITY & DISABILITY GROUPS
southfield school,EDUCATION
new york state council of churches,CLERGY
presidential women’s ctr,ABORTION POLICY
women’s coalition,WOMEN'S ISSUES
adoptees united,OTHER/SINGLE ISSUE GROUPS
ohio dominican university,EDUCATION
great egg harbor watershed assn,PRO-ENVIRONMENTAL POLICY
wisconsin realtors assn,REAL ESTATE
zenpayroll d/b/a gusto,BUSINESS SERVICES
california assn of nonprofits,NONPROFIT INSTITUTIONS
colorado strong business alliance,BUSINESS ASSOCIATIONS
new york young republican club,CONSERVATIVE POLICY ORGANIZATION
natl immigration project of the natl lawyers guild,LAWYERS & LOBBYISTS
republican caucus of the pennsylvania senate,PARTY COMMITTEES
access housing district of columbia,OTHER/SINGLE ISSUE GROUPS
isiah intl,PUBLIC SECTOR UNIONS
asylumworks,OTHER/SINGLE ISSUE GROUPS
assn of california egg farmers,POULTRY & EGGS
inner city law ctr,LAWYERS & LOBBYISTS
fed of american hospitals,HOSPITALS & NURSING HOMES
massachusetts district attorneys assn,CIVIL SERVANTS/PUBLIC OFFICIALS
operation rescue,ABORTION POLICY
resale power grp of iowa,RETAIL SALES
comm for freedom in hong kong,OTHER/SINGLE ISSUE GROUPS
san francisco lgbt ctr,GAY/LESBIAN RIGHTS & ISSUES
corbin opportunity fund l.p.,SECURITIES & INVESTMENT
kalamazoo college,EDUCATION
commonwealth second amendment,GUN CONTROL
danaher corporation,MISCELLANEOUS MANUFACTURING & DISTRIBUTING
accessories council,RETAIL SALES
new american leaders action fund,OTHER/SINGLE ISSUE GROUPS
security health plan,INSURANCE
american staffing assn,BUSINESS SERVICES
north dakota hospital assn,HOSPITALS & NURSING HOMES
evangelical lutheran church in america,CLERGY
netapp,COMPUTER EQUIPMENT & SERVICES
dakota outdoor advertising,BUSINESS SERVICES
oweesta,MISCELLANEOUS FINANCE
natl assn of regulatory utility commissioners,CIVIL SERVANTS/PUBLIC OFFICIALS
georgia conservation voters,PRO-ENVIRONMENTAL POLICY
mount vernon nazarene university,EDUCATION
christian educators assn intl,CLERGY
kidney care partners,HEALTH PROFESSIONALS
general council of the assemblies of god,CLERGY
advancing american freedom,CHRISTIAN CONSERVATIVE
natl women’s law ctr,WOMEN'S ISSUES
league of conservation voters,PRO-ENVIRONMENTAL POLICY
robert wood johnson fdn,HEALTH & WELFARE POLICY
missouri republican party,PARTY COMMITTEES
league of oregon cities,CIVIL SERVANTS/PUBLIC OFFICIALS
catholic conferences of tennessee,CLERGY
stomp out bullying,OTHER/SINGLE ISSUE GROUPS
coalition to stop violence against native women,WOMEN'S ISSUES
voices organized in civic engagement (oklahoma),LIBERAL POLICY ORGANIZATION
care net,ABORTION POLICY
partnership for civil justice fund,OTHER/SINGLE ISSUE GROUPS
hear their cries-stop child rape in aid,OTHER/SINGLE ISSUE GROUPS
provident energy,OIL & GAS
church of the brethren office of peacebuilding and policy,CLERGY
navigators,CLERGY
georgia advocacy office,OTHER/SINGLE ISSUE GROUPS
women’s ctr,ABORTION POLICY
university of puerto rico law school amicus justitiae probono project,EDUCATION
american speech-language-hearing assn,HEALTH PROFESSIONALS
parental rights fdn,OTHER/SINGLE ISSUE GROUPS
three bo’s,"BEER, WINE & LIQUOR"
fellowship southwest,CLERGY
wisconsin family council,CHRISTIAN CONSERVATIVE
muslims for progressive values,NONPROFIT INSTITUTIONS
denver health,HOSPITALS & NURSING HOMES
wells fargo and company,COMMERCIAL BANKS
natl catholic educational assn,CLERGY
nonprofit alliance fdn,NONPROFIT INSTITUTIONS
intl chamber of commerce of switzerland,BUSINESS ASSOCIATIONS
vna-community services,HEALTH SERVICES
american sheep industry assn,LIVESTOCK
presidential coalition,OTHER/SINGLE ISSUE GROUPS
pennsylvania coal alliance,MINING
mariposa legal a program of common fdn,OTHER/SINGLE ISSUE GROUPS
low income housing inst,OTHER/SINGLE ISSUE GROUPS
norwegian org for sexual and gender diversity,GAY/LESBIAN RIGHTS & ISSUES
circular congregational church,CLERGY
ctr for the human rights of children,HUMAN RIGHTS
pathways of hope,WELFARE/SOCIAL WORK
newscred,COMPUTER EQUIPMENT & SERVICES
wage and hour defense inst,BUSINESS SERVICES
kaiser permanente,HOSPITALS & NURSING HOMES
families for freedom,OTHER/SINGLE ISSUE GROUPS
freestate justice,GAY/LESBIAN RIGHTS & ISSUES
houston area women’s ctr,WOMEN'S ISSUES
toshiba corporation,ELECTRONICS MANUFACTURING & SERVICES
st. catherine university,EDUCATION
end citizens united / let america vote action fund,LIBERAL POLICY ORGANIZATION
georgia motor trucking assn,TRUCKING
swedish fed for lesbian gay bisexual transgender queer and intersex rights,GAY/LESBIAN RIGHTS & ISSUES
intl municipal lawyers assn,LAWYERS & LOBBYISTS
louisiana shooting assn,GUN CONTROL
cooperativa sociale e.v.a. caserta,MISCELLANEOUS SERVICES
natl black chamber of commerce,BUSINESS ASSOCIATIONS
champion women,WOMEN'S ISSUES
era-nc alliance,WOMEN'S ISSUES
louisiana psychological assn,HEALTH PROFESSIONALS
htc corporation,TELECOM SERVICES & EQUIPMENT
tax executives inst,ACCOUNTANTS
assn of defense counsel of northern california and nevada,LAWYERS & LOBBYISTS
jaya apparel grp,MISCELLANEOUS MANUFACTURING & DISTRIBUTING
citizens equal rights alliance,OTHER/SINGLE ISSUE GROUPS
human trafficking legal ctr,HUMAN RIGHTS
north carolina conference of district attorneys,CIVIL SERVANTS/PUBLIC OFFICIALS
intl org of motor vehicle manufacturers,AUTOMOTIVE
natural gas supply assn,OIL & GAS
solas ai,COMPUTER EQUIPMENT & SERVICES
free speech coalition,OTHER/SINGLE ISSUE GROUPS
tyler clementi fdn,OTHER/SINGLE ISSUE GROUPS
zaxcom,MISCELLANEOUS COMMUNICATIONS & ELECTRONICS
atlantic legal fdn,CONSERVATIVE POLICY ORGANIZATION
justicia reinvindicada puerto rico innocence project,OTHER/SINGLE ISSUE GROUPS
employer assn of america,BUSINESS ASSOCIATIONS
compassionate counsel,LAWYERS & LOBBYISTS
swfl regional coalition to end homelessness,OTHER/SINGLE ISSUE GROUPS
illinois coal assn,MINING
sisters of mercy of the americas justice team,CLERGY
nc asian american coalition,MINORITY & DISABILITY GROUPS
arkansas civil liberties fdn,OTHER/SINGLE ISSUE GROUPS
ddi media,TV & MOVIE PRODUCTION/DISTRIBUTION
south dakota mineral industries assn,MINING
veterans’ advocacy law clinic,LAWYERS & LOBBYISTS
exploramed,PHARMACEUTICALS & HEALTH PRODUCTS
civitas childlaw ctr,OTHER/SINGLE ISSUE GROUPS
yemeni american merchants assn-yama,BUSINESS ASSOCIATIONS
law forward,OTHER/SINGLE ISSUE GROUPS
charitywatch,NONPROFIT INSTITUTIONS
grand valley state university,EDUCATION
washington va united korean senior citizens’ assn,ELDERLY/SOCIAL SECURITY
law fdn of silicon valley,LAWYERS & LOBBYISTS
waterways council,SEA TRANSPORT
illinois state medical soc,HEALTH PROFESSIONALS
swissmem,MISCELLANEOUS MANUFACTURING & DISTRIBUTING
iowans for alternatives to smoke and tobacco,HEALTH & WELFARE POLICY
woman’s club of olympia,WOMEN'S ISSUES
forge youth mentoring,WELFARE/SOCIAL WORK
louisiana municipal assn,CIVIL SERVANTS/PUBLIC OFFICIALS
airlines for america,AIR TRANSPORT
legal advocates for washington,LAWYERS & LOBBYISTS
beacon ctr of tennessee,CONSERVATIVE POLICY ORGANIZATION
washington state charter schools assn,PUBLIC EDUCATION POLICY
childhelp,HUMAN RIGHTS
georgia republican party,PARTY COMMITTEES
goucher college,EDUCATION
utopia seattle,TELECOM SERVICES & EQUIPMENT
ctr for christian virtue (ohio),CHRISTIAN CONSERVATIVE
soundbuilt homes,HOME BUILDERS
faithbridge foster care,WELFARE/SOCIAL WORK
soc for adolescent health and medicine,HEALTH PROFESSIONALS
frontera fund,MINORITY & DISABILITY GROUPS
chesapeake bay fdn,PRO-ENVIRONMENTAL POLICY
natl newspaper publishers assn,PRINTING & PUBLISHING
yale new haven health system,HOSPITALS & NURSING HOMES
catholic conferences of iowa,CLERGY
kinderusa,CHRISTIAN CONSERVATIVE
longwood venues and destinations,LODGING & TOURISM
new york county lawyers assn,LAWYERS & LOBBYISTS
just detention intl,HUMAN RIGHTS
wallenius wilhelmsen ocean as,SEA TRANSPORT
owl creek asia i l.p.,SECURITIES & INVESTMENT
ctr for american rights,LIBERAL POLICY ORGANIZATION
safe haven family shelter,WELFARE/SOCIAL WORK
sesame workshop,TV & MOVIE PRODUCTION/DISTRIBUTION
thunder properties,REAL ESTATE
north american soc for pediatric and adolescent gynecology,HEALTH PROFESSIONALS
connecticut humane soc,ANIMAL RIGHTS
intl brotherhood of teamsters,TRANSPORTATION UNIONS
shelter house iowa,WELFARE/SOCIAL WORK
lubbock christian university,EDUCATION
new jersey abortion access fund,ABORTION POLICY
unitarian universalist massachusetts action network,CLERGY
city of roseville,CIVIL SERVANTS/PUBLIC OFFICIALS
pinnacle forum,BUSINESS SERVICES
children’s law ctr of california,HUMAN RIGHTS
wagner ctr,REAL ESTATE
ace fdn,GENERAL CONTRACTORS
immigration reform law inst,OTHER/SINGLE ISSUE GROUPS
board of trustees of the university of arkansas,EDUCATION
city of garden grove,CIVIL SERVANTS/PUBLIC OFFICIALS
laredo college,EDUCATION
sakhi for south asian women,WOMEN'S ISSUES
iowa pork producers assn,LIVESTOCK
ucb biopharma sprl,PHARMACEUTICALS & HEALTH PRODUCTS
at-sea processors assn,COMMERCIAL FISHING
women for afghan women,WOMEN'S ISSUES
american citizens for justice,MINORITY & DISABILITY GROUPS
women’s liberation front,WOMEN'S ISSUES
befree cooperativa sociale di roma,MISCELLANEOUS SERVICES
women’s and children’s advocacy project,WOMEN'S ISSUES
pangea legal services,LAWYERS & LOBBYISTS
american booksellers for free expression,RETAIL SALES
texas realtors®,REAL ESTATE
capital area muslim bar assn,LAWYERS & LOBBYISTS
transsocial,MISCELLANEOUS FINANCE
industrial energy consumers of america,MISCELLANEOUS MANUFACTURING & DISTRIBUTING
west virginia coalition against domestic violence,WELFARE/SOCIAL WORK
maine primary care assn,HEALTH PROFESSIONALS
forum of united states administrative law judges,CIVIL SERVANTS/PUBLIC OFFICIALS
cleveland golf,RECREATION & LIVE ENTERTAINMENT
natl right to life comm,ABORTION POLICY
natl org of social security claimants representatives,MISCELLANEOUS FINANCE
river project,PRO-ENVIRONMENTAL POLICY
natl immigration law ctr,MINORITY & DISABILITY GROUPS
san francisco tenants union,OTHER/SINGLE ISSUE GROUPS
southeast asia resource action ctr,MINORITY & DISABILITY GROUPS
missouri captive insurance assn,INSURANCE
housing justice ctr,OTHER/SINGLE ISSUE GROUPS
torah umesorah,CLERGY
ctr for rural affairs,NONPROFIT INSTITUTIONS
alabama policy inst,CONSERVATIVE POLICY ORGANIZATION
natl council of farmer cooperatives,CROP PRODUCTION & BASIC PROCESSING
tennessee firearms assn,GUN CONTROL
loyola university new orleans,EDUCATION
hennepin health,INSURANCE
kentucky assn of criminal defense lawyers,LAWYERS & LOBBYISTS
nafsa: assn of intl educators,EDUCATION
usa sales,RETAIL SALES
english first fdn,OTHER/SINGLE ISSUE GROUPS
japanese american citizens league,MINORITY & DISABILITY GROUPS
minnesota agrigrowth council,AGRICULTURAL SERVICES & PRODUCTS
law enforcement training and interrogation experts,LAWYERS & LOBBYISTS
assn for accessible medicines,PHARMACEUTICALS & HEALTH PRODUCTS
surescripts,PHARMACEUTICALS & HEALTH PRODUCTS
alturas indian rancheria,TRIBAL GOVERNMENTS
massachusetts assn of criminal defense lawyers,LAWYERS & LOBBYISTS
rhia ventures,REAL ESTATE
taxpayers against fraud education fund,TAX ISSUES
tegna,TV & MOVIE PRODUCTION/DISTRIBUTION
usa rice fed,CROP PRODUCTION & BASIC PROCESSING
ba sports nutrition,PHARMACEUTICALS & HEALTH PRODUCTS
samuel s. fels fund,NONPROFIT INSTITUTIONS
indivisible action tampa bay,LIBERAL POLICY ORGANIZATION
grace youth and family fdn,WELFARE/SOCIAL WORK
junta for progressive action,LIBERAL POLICY ORGANIZATION
natl assn of disability representatives,HEALTH PROFESSIONALS
riveter,WOMEN'S ISSUES
dr. bronner’s family fdn,"BEER, WINE & LIQUOR"
michigan family forum,CHRISTIAN CONSERVATIVE
florida rural water assn,WATER UTILITIES
disability rights washington,MINORITY & DISABILITY GROUPS
child justice,HUMAN RIGHTS
judi’s midnight diner (medford or),FOOD & BEVERAGE
american assn of law libraries,CIVIL SERVANTS/PUBLIC OFFICIALS
santa fe dreamers project,OTHER/SINGLE ISSUE GROUPS
asian american fed of florida-south region,MINORITY & DISABILITY GROUPS
nexpoint advisors l.p.,SECURITIES & INVESTMENT
lambeth magnetic structures,CHEMICAL & RELATED MANUFACTURING
natl assn of hispanic real estate professionals,REAL ESTATE
new york midwives,HEALTH PROFESSIONALS
justice in motion,OTHER/SINGLE ISSUE GROUPS
divx,COMPUTER EQUIPMENT & SERVICES
cascade aids project,MISCELLANEOUS HEALTH
crpa fdn,GUN CONTROL
ketchikan indian community,TRIBAL GOVERNMENTS
public lands for the people,PRO-ENVIRONMENTAL POLICY
dc volunteer lawyers project,LAWYERS & LOBBYISTS
refugees intl,OTHER/SINGLE ISSUE GROUPS
pacific maritime assn,SEA TRANSPORT
reconstructing judaism,CLERGY
natl railway labor conference,TRANSPORTATION UNIONS
american soc of metabolic and bariatric surgery,HEALTH PROFESSIONALS
universal chinese culture recovery fdn,NONPROFIT INSTITUTIONS
sisseton-wahpeton oyate of the lake traverse reservation,TRIBAL GOVERNMENTS
impact fund,LAWYERS & LOBBYISTS
saginaw valley state university,EDUCATION
dordt university,EDUCATION
colorado democratic party,PARTY COMMITTEES
tewa women united,WOMEN'S ISSUES
mississippi hospital assn,HOSPITALS & NURSING HOMES
wikimedia fdn,COMPUTER EQUIPMENT & SERVICES
american academy of matrimonial lawyers,LAWYERS & LOBBYISTS
art ashes,OTHER/SINGLE ISSUE GROUPS
qlaw fdn of washington,LAWYERS & LOBBYISTS
bates college,EDUCATION
las vegas development grp,REAL ESTATE
witness at the border,OTHER/SINGLE ISSUE GROUPS
bruderhof,CLERGY
blue cross of idaho health service,INSURANCE
illinois health care assn,HOSPITALS & NURSING HOMES
citizens defending freedom,OTHER/SINGLE ISSUE GROUPS
disability rights vermont,MINORITY & DISABILITY GROUPS
sarah lawrence college,EDUCATION
self-help credit union,CREDIT UNIONS
credit union natl assn,CREDIT UNIONS
washington state native american coalition against domestic violence and sexual assault,TRIBAL GOVERNMENTS
adeia,OTHER/SINGLE ISSUE GROUPS
bashor childrens home,HOSPITALS & NURSING HOMES
united airlines,AIR TRANSPORT
économiesuisse,BUSINESS ASSOCIATIONS
christians united for israel,CHRISTIAN CONSERVATIVE
street democracy,OTHER/SINGLE ISSUE GROUPS
briner inst,NONPROFIT INSTITUTIONS
los angeles catholic worker,WELFARE/SOCIAL WORK
compass lgbtq community ctr,GAY/LESBIAN RIGHTS & ISSUES
chinese american alliance,MINORITY & DISABILITY GROUPS
pacific crest trail assn,PRO-ENVIRONMENTAL POLICY
former prison officials,PUBLIC SECTOR UNIONS
natl republican congressional comm,PARTY COMMITTEES
abraham knowledge academy,EDUCATION
jews against circumcision (j.a.c.),OTHER/SINGLE ISSUE GROUPS
judicial action grp,CIVIL SERVANTS/PUBLIC OFFICIALS
presbyterians affirming reproductive options,CHRISTIAN CONSERVATIVE
ctr for a humane economy,ANIMAL RIGHTS
arkansas medical soc,HEALTH PROFESSIONALS
former leadership of the universal service administrative company,CIVIL SERVANTS/PUBLIC OFFICIALS
rising tide brewing co.,"BEER, WINE & LIQUOR"
sanford fed of teachers,PUBLIC SECTOR UNIONS
housing equality ctr of pennsylvania,OTHER/SINGLE ISSUE GROUPS
assn of amicus counsel,LAWYERS & LOBBYISTS
60 plus assn,ELDERLY/SOCIAL SECURITY
liberty life and law fdn,OTHER/SINGLE ISSUE GROUPS
natl foreign trade council,BUSINESS ASSOCIATIONS
boegel farms,CROP PRODUCTION & BASIC PROCESSING
scythe,OTHER/SINGLE ISSUE GROUPS
security people,BUSINESS SERVICES
horse and dragon brewing co.,"BEER, WINE & LIQUOR"
indigenous idaho alliance,TRIBAL GOVERNMENTS
minority veterans of america,MINORITY & DISABILITY GROUPS
ohio assn of community health ctr,HOSPITALS & NURSING HOMES
ctr for alcohol policy,OTHER/SINGLE ISSUE GROUPS
edison innovators assn,ELECTRIC UTILITIES
minnesota forest industries,FORESTRY & FOREST PRODUCTS
crow tribe of indians,TRIBAL GOVERNMENTS
linkedin corporation,COMPUTER EQUIPMENT & SERVICES
juvenile justice initiative,OTHER/SINGLE ISSUE GROUPS
assn of journalists giulia,PRINTING & PUBLISHING
new orleans abortion fund,ABORTION POLICY
transgender children’s legal defense fund,GAY/LESBIAN RIGHTS & ISSUES
pelican consulting grp,LAWYERS & LOBBYISTS
georgia catholic conference,CLERGY
comunidades sin fronteras,OTHER/SINGLE ISSUE GROUPS
rearden studios,TV & MOVIE PRODUCTION/DISTRIBUTION
pipe line contractors assn,GENERAL CONTRACTORS
independent bankers assn of texas,COMMERCIAL BANKS
st. thomas aquinas college,EDUCATION
city of fillmore,CIVIL SERVANTS/PUBLIC OFFICIALS
stop abusive and violent environments,OTHER/SINGLE ISSUE GROUPS
federal public defender for the district of arizona,CIVIL SERVANTS/PUBLIC OFFICIALS
innovent biologics,PHARMACEUTICALS & HEALTH PRODUCTS
silicon valley chinese assn fdn,MINORITY & DISABILITY GROUPS
young women united,WOMEN'S ISSUES
compassion and choices,HEALTH & WELFARE POLICY
mondelēz global,FOOD PROCESSING & SALES
central florida council bsa,NONPROFIT INSTITUTIONS
unione donne in italia,WOMEN'S ISSUES
outdoor voices,RETAIL SALES
roseburg area chamber of commerce,BUSINESS ASSOCIATIONS
georgia goal scholarship program,EDUCATION
greater los angeles communities alliance,LIBERAL POLICY ORGANIZATION
animal protection and rescue league,ANIMAL RIGHTS
ncta-the internet and television assn,TELECOM SERVICES & EQUIPMENT
natl collaborative of jewish domestic violence programs,OTHER/SINGLE ISSUE GROUPS
middle states commission on higher education,EDUCATION
colorado asian pacific united,MINORITY & DISABILITY GROUPS
repro rising virginia,ABORTION POLICY
business and human rights resource centre,HUMAN RIGHTS
commonwealth care alliance,INSURANCE
council on social work education,WELFARE/SOCIAL WORK
shower the people,WELFARE/SOCIAL WORK
colorado community health network,HEALTH & WELFARE POLICY
tidelift,COMPUTER EQUIPMENT & SERVICES
natl minority quality forum,MINORITY & DISABILITY GROUPS
new england fishermen’s stewardship assn,COMMERCIAL FISHING
oregon criminal defense lawyers assn,LAWYERS & LOBBYISTS
abn amro custodial services (ireland),COMMERCIAL BANKS
texas royalty council,OIL & GAS
conservatives against discrimination,OTHER/SINGLE ISSUE GROUPS
small business technology council,BUSINESS ASSOCIATIONS
university of the incarnate word,EDUCATION
people concern,WELFARE/SOCIAL WORK
air products and chemicals,CHEMICAL & RELATED MANUFACTURING
common sense club,CONSERVATIVE POLICY ORGANIZATION
asc english and asc aplus program,EDUCATION
cook inlet region,TRIBAL GOVERNMENTS
sentencing project,OTHER/SINGLE ISSUE GROUPS
unite here intl,GENERAL TRADE UNIONS
mississippi school boards assn,EDUCATION
angry troll brewing,"BEER, WINE & LIQUOR"
illinois innocence project,OTHER/SINGLE ISSUE GROUPS
priority health,INSURANCE
ethics and religious liberty commission of the southern baptist convention,CLERGY
oneida nation,TRIBAL GOVERNMENTS
o.school,EDUCATION
asian american hotel owners assn,LODGING & TOURISM
natl cannabis industry assn,MARIJUANA GROWERS & PRODUCT SALES
we engage,MINORITY & DISABILITY GROUPS
takeda pharmaceuticals usa,PHARMACEUTICALS & HEALTH PRODUCTS
catholic charities of kansas city-saint joseph,CLERGY
internet infrastructure coalition,COMPUTER EQUIPMENT & SERVICES
william e. morris inst for justice (arizona),LAWYERS & LOBBYISTS
overseas press club of puerto rico,PRINTING & PUBLISHING
maryland physicians care,INSURANCE
pueblo of cochiti,TRIBAL GOVERNMENTS
hadassah the women’s zionist org of america,MINORITY & DISABILITY GROUPS
u.s. chamber of commerce fdn,BUSINESS ASSOCIATIONS
natl assn of chiefs of police,PUBLIC SECTOR UNIONS
sisterreach illinois,WOMEN'S ISSUES
republican natl comm,PARTY COMMITTEES
intl action network for gender equity and law,WOMEN'S ISSUES
voto latino,MINORITY & DISABILITY GROUPS
business roundtable,BUSINESS ASSOCIATIONS
women4change indiana,WOMEN'S ISSUES
natl tuberous sclerosis assn,HEALTH & WELFARE POLICY
argentum,HOSPITALS & NURSING HOMES
texas police chiefs assn,PUBLIC SECTOR UNIONS
indiana health care assn,HOSPITALS & NURSING HOMES
equal means equal,WOMEN'S ISSUES
vanderbilt university,EDUCATION
white horse vapor,TOBACCO
natl assn of social workers texas chapter,WELFARE/SOCIAL WORK
altria grp,TOBACCO
article 19: global campaign for free expression,OTHER/SINGLE ISSUE GROUPS
intl downtown assn,BUSINESS SERVICES
american farm bureau fed,FARM BUREAU
west virginia focus: reproductive education and equity (wv free),ABORTION POLICY
natl health fed,INSURANCE
elsewhere films,TV & MOVIE PRODUCTION/DISTRIBUTION
competitive carriers assn,TELECOM SERVICES & EQUIPMENT
president and chancellors of the university of california,EDUCATION
mahzi therapeutics,PHARMACEUTICALS & HEALTH PRODUCTS
new hampshire hospital assn,HOSPITALS & NURSING HOMES
ensign united states drilling (california),OIL & GAS
energy infrastructure council,OIL & GAS
natl taxpayers union fdn,TAX ISSUES
federal public defender district of idaho,CIVIL SERVANTS/PUBLIC OFFICIALS
prosperity indiana,BUSINESS ASSOCIATIONS
south asian network,MINORITY & DISABILITY GROUPS
jewish war veterans of the united states of america,GAMBLING & CASINOS
aclu of northern california,OTHER/SINGLE ISSUE GROUPS
american college of chest physicians,HEALTH PROFESSIONALS
state bar of georgia family law section,LAWYERS & LOBBYISTS
black women’s health imperative,WOMEN'S ISSUES
paramount global,TV & MOVIE PRODUCTION/DISTRIBUTION
council of islamic schools in north america,EDUCATION
fairfax county parents assn,EDUCATION
zonta club of kenmore,WOMEN'S ISSUES
avodah,OTHER/SINGLE ISSUE GROUPS
nascentia health,HEALTH SERVICES
santee sioux nation,TRIBAL GOVERNMENTS
montana smoke free assn,HEALTH & WELFARE POLICY
ocean peace,PRO-ENVIRONMENTAL POLICY
american road and transportation builders assn,GENERAL CONTRACTORS
natl assn of clean water agencies,WATER UTILITIES
san antonio spurs,RECREATION & LIVE ENTERTAINMENT
federal firearms licensees of illinois,GUN CONTROL
independent women’s law ctr,WOMEN'S ISSUES
new american voices,MINORITY & DISABILITY GROUPS
california water quality assn,WATER UTILITIES
distilled spirits council of the united states,"BEER, WINE & LIQUOR"
housing arkansas,OTHER/SINGLE ISSUE GROUPS
cachil dehe band of wintun indians of the colusa indian community,TRIBAL GOVERNMENTS
rio grande intl study ctr,OTHER/SINGLE ISSUE GROUPS
citizens’ commission for a comprehensive audit of the public credit,OTHER/SINGLE ISSUE GROUPS
trane technologies,MISCELLANEOUS MANUFACTURING & DISTRIBUTING
lower sioux indian community in the state of michigan,TRIBAL GOVERNMENTS
tennessee captive insurance assn,INSURANCE
trans advocacy in rural places,GAY/LESBIAN RIGHTS & ISSUES
family fdn action,OTHER/SINGLE ISSUE GROUPS
fdn for excellence in education,EDUCATION
natl human services assembly,HEALTH SERVICES
ceterix orthopaedics,HEALTH PROFESSIONALS
ctr for medicine in the public interest,HEALTH PROFESSIONALS
american fed of state county and municipal employees,PUBLIC SECTOR UNIONS
american-chinese fellowship of houston,MINORITY & DISABILITY GROUPS
massachusetts health and hospital assn,HOSPITALS & NURSING HOMES
assn of fundraising professionals (afp)-nyc chapter,NONPROFIT INSTITUTIONS
bridgeville rifle and pistol club,GUN CONTROL
rappahannock tribe,TRIBAL GOVERNMENTS
americans united for separation of church and state,OTHER/SINGLE ISSUE GROUPS
gun owners of america,GUN CONTROL
nebraska republican party,PARTY COMMITTEES
esperanza united,MINORITY & DISABILITY GROUPS
madmoms fight for justice,OTHER/SINGLE ISSUE GROUPS
nkarta,HOSPITALS & NURSING HOMES
heart women and girls,WOMEN'S ISSUES
w.k. kellogg fdn,NONPROFIT INSTITUTIONS
act,OTHER/SINGLE ISSUE GROUPS
ctr for responsible lending,BANKS & LENDING INSTITUTIONS
pennsylvania newsmedia assn,PRINTING & PUBLISHING
latinx afro-latin-america abya yala education network,MINORITY & DISABILITY GROUPS
deaf equality,MINORITY & DISABILITY GROUPS
cameroon advocacy network,OTHER/SINGLE ISSUE GROUPS
birdsong brewing co.,"BEER, WINE & LIQUOR"
georgia assn of manufacturers,MISCELLANEOUS MANUFACTURING & DISTRIBUTING
texas assn of school boards legal assistance fund,EDUCATION
sojourners,CLERGY
chinese for affirmative action,MINORITY & DISABILITY GROUPS
not the bee,COMPUTER EQUIPMENT & SERVICES
indiana primary health care assn,HOSPITALS & NURSING HOMES
rcw speakers,CIVIL SERVANTS/PUBLIC OFFICIALS
friends of the earth,PRO-ENVIRONMENTAL POLICY
vape away,TOBACCO
emmanuel house,WELFARE/SOCIAL WORK
united states hispanic leadership inst,MINORITY & DISABILITY GROUPS
new disabled south,MINORITY & DISABILITY GROUPS
american soc for reproductive medicine,HEALTH PROFESSIONALS
early learning focus,EDUCATION
american fed of government employees,PUBLIC SECTOR UNIONS
native women’s soc of the great plains,TRIBAL GOVERNMENTS
alphapointe,HEALTH PROFESSIONALS
american planning assn,BUSINESS SERVICES
trikone,GAY/LESBIAN RIGHTS & ISSUES
naples roundtable,BUSINESS SERVICES
assn of independent music publishers,RETAIL SALES
offshore operators comm,OIL & GAS
inst for marine mammal studies,ANIMAL RIGHTS
citizens for responsibility and ethics in washington,OTHER/SINGLE ISSUE GROUPS
pottstown beacon of hope,OTHER/SINGLE ISSUE GROUPS
former commissioners and staff of the securities and exchange commission,CIVIL SERVANTS/PUBLIC OFFICIALS
traveltax,LODGING & TOURISM
inst for free speech,OTHER/SINGLE ISSUE GROUPS
intl rescue comm,OTHER/SINGLE ISSUE GROUPS
cure america action,HEALTH & WELFARE POLICY
refinery29,PRINTING & PUBLISHING
faith in public life,CLERGY
assn of american law schools,EDUCATION
saltwater brewery,"BEER, WINE & LIQUOR"
anti-defamation league,MINORITY & DISABILITY GROUPS
poll watchers,OTHER/SINGLE ISSUE GROUPS
journalism education assn,EDUCATION
new jersey right to life,ABORTION POLICY
nevada district attorneys assn,CIVIL SERVANTS/PUBLIC OFFICIALS
transgender legal defense and education fund,GAY/LESBIAN RIGHTS & ISSUES
digital media assn,COMPUTER EQUIPMENT & SERVICES
congressional prayer caucus fdn,CHRISTIAN CONSERVATIVE
king ranch,LIVESTOCK
phoenix ctr for advanced legal and economic public policy studies,LAWYERS & LOBBYISTS
ecpat-usa,OTHER/SINGLE ISSUE GROUPS
natl coalition against domestic violence,OTHER/SINGLE ISSUE GROUPS
st. louis inter-faith comm on latin america,OTHER/SINGLE ISSUE GROUPS
roman catholic diocese of jackson,CLERGY
catholic league for religious and civil rights,CHRISTIAN CONSERVATIVE
cancer support community,HEALTH & WELFARE POLICY
genbiopro,PHARMACEUTICALS & HEALTH PRODUCTS
mississippi vaping advocacy assn,TOBACCO
mallinckrodt,PHARMACEUTICALS & HEALTH PRODUCTS
revelle aesthetics,PHARMACEUTICALS & HEALTH PRODUCTS
catholic health assn of the united states,HOSPITALS & NURSING HOMES
kickstarter pbc,COMPUTER EQUIPMENT & SERVICES
natl queer asian pacific islander alliance,GAY/LESBIAN RIGHTS & ISSUES
seattle times co.,PRINTING & PUBLISHING
bar assn of the district of columbia,LAWYERS & LOBBYISTS
partnership for the advancement of new americans,OTHER/SINGLE ISSUE GROUPS
natl alliance of state and territorial aids directors,HEALTH & WELFARE POLICY
dream corps justice,OTHER/SINGLE ISSUE GROUPS
pennsylvania chiefs of police assn,PUBLIC SECTOR UNIONS
beacon,LAWYERS & LOBBYISTS
americans for safe access,OTHER/SINGLE ISSUE GROUPS
são paulo memorial of jewish immigration and the holocaust,NONPROFIT INSTITUTIONS
community health systems,HOSPITALS & NURSING HOMES
ctr for immigration studies,OTHER/SINGLE ISSUE GROUPS
leukemia and lymphoma soc,HEALTH & WELFARE POLICY
associazione donne in genere roma,WOMEN'S ISSUES
promise arizona,OTHER/SINGLE ISSUE GROUPS
fdn for individual rights in education,OTHER/SINGLE ISSUE GROUPS
red cliff band of lake superior chippewa indians,TRIBAL GOVERNMENTS
lawyers for good government,LAWYERS & LOBBYISTS
massachusetts psychological assn,HEALTH PROFESSIONALS
saving down syndrome,HEALTH & WELFARE POLICY
california reserve peace officers assn,PUBLIC SECTOR UNIONS
student veterans of america,GAMBLING & CASINOS
texas progressive action network,LIBERAL POLICY ORGANIZATION
native village of paimiut,TRIBAL GOVERNMENTS
caresource ohio,INSURANCE
arnold ventures,"MISCELLANEOUS FINANCE, INSURANCE & REAL ESTATE"
asian american legal fdn,MINORITY & DISABILITY GROUPS
texas cattle feeders assn,LIVESTOCK
black nonbelievers,MINORITY & DISABILITY GROUPS
fort lewis college,EDUCATION
manufactured home owners assn of new jersey,HOME BUILDERS
ctr for biological diversity,PRO-ENVIRONMENTAL POLICY
southern ctr for human rights,HUMAN RIGHTS
assn of american railroads,RAILROADS
hadassah,WOMEN'S ISSUES
concerned veterans for america fdn,OTHER/SINGLE ISSUE GROUPS
open the government,OTHER/SINGLE ISSUE GROUPS
renal healthcare assn,HOSPITALS & NURSING HOMES
rails to trails conservancy,OTHER/SINGLE ISSUE GROUPS
local government legal ctr,LAWYERS & LOBBYISTS
minnesota 8,CANDIDATE COMMITTEES
wisconsin physicians service insurance corporation,INSURANCE
ohio justice and policy ctr,LAWYERS & LOBBYISTS
centro de estudios ecuménicos a.c.,CLERGY
texas values,CHRISTIAN CONSERVATIVE
powerhouse management,REAL ESTATE
genentech,PHARMACEUTICALS & HEALTH PRODUCTS
brigid alliance,ABORTION POLICY
washington coalition against domestic violence,OTHER/SINGLE ISSUE GROUPS
freedom fund,OTHER/SINGLE ISSUE GROUPS
noise for now,OTHER/SINGLE ISSUE GROUPS
theravance biopharma,PHARMACEUTICALS & HEALTH PRODUCTS
disability rights oregon,MINORITY & DISABILITY GROUPS
dredging contractors of america,GENERAL CONTRACTORS
maryland vapor alliance,TOBACCO
tyra biosciences,PHARMACEUTICALS & HEALTH PRODUCTS
whole woman’s health (va md mn il nm),ABORTION POLICY
christian civic league of maine,CHRISTIAN CONSERVATIVE
voatz,COMPUTER EQUIPMENT & SERVICES
17 healthcare providers,HEALTH PROFESSIONALS
sovereign bodies inst,TRIBAL GOVERNMENTS
ikorongo technology,COMPUTER EQUIPMENT & SERVICES
aids united,HEALTH & WELFARE POLICY
bowling green state university,EDUCATION
litigation ctr of the american medical assn and the state medical societies,HEALTH PROFESSIONALS
louisiana coalition for reproductive freedom,ABORTION POLICY
upper midwest law ctr,CONSERVATIVE POLICY ORGANIZATION
natl council of urban indian health,TRIBAL GOVERNMENTS
friends (quaker) comm on maine public policy,CLERGY
natl electrical manufacturers assn,MISCELLANEOUS MANUFACTURING & DISTRIBUTING
american psychiatric assn,HEALTH PROFESSIONALS
health care without harm,HEALTH & WELFARE POLICY
lifemine therapeutics,PHARMACEUTICALS & HEALTH PRODUCTS
supportive housing advocates-nj,OTHER/SINGLE ISSUE GROUPS
texas tech university system,EDUCATION
youth progressive action catalyst,OTHER/SINGLE ISSUE GROUPS
waddell phillips pc,LAWYERS & LOBBYISTS
baltimore abortion fund,ABORTION POLICY
team sharing,WELFARE/SOCIAL WORK
natl right to work legal defense fdn,OTHER/SINGLE ISSUE GROUPS
individual rights fdn,OTHER/SINGLE ISSUE GROUPS
federal public defender offices in the second circuit,CIVIL SERVANTS/PUBLIC OFFICIALS
african american juvenile justice project,MINORITY & DISABILITY GROUPS
musconetcong watershed assn,PRO-ENVIRONMENTAL POLICY
american professional soc on the abuse of children,OTHER/SINGLE ISSUE GROUPS
tennessee fair housing council,OTHER/SINGLE ISSUE GROUPS
natl motor freight traffic assn,TRUCKING
davidson college,EDUCATION
atlanta gas light company,OIL & GAS
missouri asian american youth fdn,MINORITY & DISABILITY GROUPS
oregon state public interest research grp,CONSUMER GROUPS
global children fdn of virginia,HUMAN RIGHTS
pascua yaqui tribe,TRIBAL GOVERNMENTS
screen actors guild-american fed of television and radio artists,GENERAL TRADE UNIONS
sylvia rivera law project,GAY/LESBIAN RIGHTS & ISSUES
legacy medical transport,HEALTH SERVICES
refugee health alliance,WELFARE/SOCIAL WORK
shingle springs band of miwok indians,TRIBAL GOVERNMENTS
natl assn of shareholder and consumer attorneys,LAWYERS & LOBBYISTS
southern baptists of texas convention,CLERGY
askeladden l.l.c.,LAWYERS & LOBBYISTS
african human rights coalition,HUMAN RIGHTS
emma bowen fdn for minority interests in media,MINORITY & DISABILITY GROUPS
traxcell technologies,TELECOM SERVICES & EQUIPMENT
freedom fdn of washington,CONSERVATIVE POLICY ORGANIZATION
mississippi in action,OTHER/SINGLE ISSUE GROUPS
father vincent capodanno memorial catholic war veterans post 1974,CIVIL SERVANTS/PUBLIC OFFICIALS
soraa,MISCELLANEOUS MANUFACTURING & DISTRIBUTING
pacific justice inst,LAWYERS & LOBBYISTS
phoenix transition program,WELFARE/SOCIAL WORK
missionaries to the preborn,ABORTION POLICY
proposition 8 legal defense fund,CHRISTIAN CONSERVATIVE
cigna corporation,INSURANCE
yaya por vida,OTHER/SINGLE ISSUE GROUPS
young americans for freedom,CONSERVATIVE POLICY ORGANIZATION
muslim bar assn of new york,LAWYERS & LOBBYISTS
north american securities administrators assn,CIVIL SERVANTS/PUBLIC OFFICIALS
tenable,PHARMACEUTICALS & HEALTH PRODUCTS
samaritan’s purse,CLERGY
wisconsin catholic conference,CLERGY
receivables management assn intl,MISCELLANEOUS FINANCE
new jersey assn of women lawyers,LAWYERS & LOBBYISTS
california financial services assn,MISCELLANEOUS FINANCE
pension rights ctr,OTHER/SINGLE ISSUE GROUPS
natl law school veterans clinic consortium,EDUCATION
northern new jersey now,WOMEN'S ISSUES
sidewalk advocates for life,ABORTION POLICY
tom homann lgbtq+ law assn,GAY/LESBIAN RIGHTS & ISSUES
american pharmacists assn,HEALTH PROFESSIONALS
walker river paiute tribe,TRIBAL GOVERNMENTS
ctr for law brain and behavior,HEALTH PROFESSIONALS
poder sf,MINORITY & DISABILITY GROUPS
assn of research libraries,NONPROFIT INSTITUTIONS
koki holdings america,REAL ESTATE
greek orthodox archdiocese of america,CLERGY
soc of the little flower,CLERGY
liberty rising inst,CONSERVATIVE POLICY ORGANIZATION
peloton,MISCELLANEOUS MANUFACTURING & DISTRIBUTING
empirical legal researchers,LAWYERS & LOBBYISTS
assn on american indian affairs,TRIBAL GOVERNMENTS
nature conservancy,PRO-ENVIRONMENTAL POLICY
american public transportation assn,MISCELLANEOUS TRANSPORT
anagenex,PHARMACEUTICALS & HEALTH PRODUCTS
org for transformative works,NONPROFIT INSTITUTIONS
north pacific union conference of seventh-day adventists,CLERGY
christian methodist episcopal church,CLERGY
brown university,EDUCATION
cooperative restraining order clinic,HEALTH PROFESSIONALS
state natl bank of big spring,COMMERCIAL BANKS
fair housing partnership of greater pittsburgh,OTHER/SINGLE ISSUE GROUPS
ohio public defender,CIVIL SERVANTS/PUBLIC OFFICIALS
leadership conference education fund,MINORITY & DISABILITY GROUPS
wet weather partnership,WASTE MANAGEMENT
american humanist assn,NONPROFIT INSTITUTIONS
robert rauschenberg fdn,NONPROFIT INSTITUTIONS
virginia school boards assn,EDUCATION
leak surveys,SPECIAL TRADE CONTRACTORS
delaware family policy council,CHRISTIAN CONSERVATIVE
puerto rican bar assn of florida,LAWYERS & LOBBYISTS
nicquid,TOBACCO
bowen capital,SECURITIES & INVESTMENT
ctr for migration studies of new york,OTHER/SINGLE ISSUE GROUPS
inventors assn of arizona,BUSINESS SERVICES
intl centre for missing and exploited children,OTHER/SINGLE ISSUE GROUPS
uropep,PHARMACEUTICALS & HEALTH PRODUCTS
college athlete advocates,RECREATION & LIVE ENTERTAINMENT
advocates for faith and freedom,CHRISTIAN CONSERVATIVE
electronic privacy information ctr,COMPUTER EQUIPMENT & SERVICES
north dakota league of cities,CIVIL SERVANTS/PUBLIC OFFICIALS
caplan cobb,LAWYERS & LOBBYISTS
natl hispanic health fdn,MINORITY & DISABILITY GROUPS
standwithus,OTHER/SINGLE ISSUE GROUPS
turnitin,COMPUTER EQUIPMENT & SERVICES
michigan health and hospital assn,HOSPITALS & NURSING HOMES
phoenix financial and advisory services,INSURANCE
surveymonkey,COMPUTER EQUIPMENT & SERVICES
associated builders and contractors,GENERAL CONTRACTORS
wisconsin motor carriers assn,TRUCKING
alohacare,INSURANCE
aft local 3711,PUBLIC SECTOR UNIONS
washington farm bureau,FARM BUREAU
connecticut innocence project,OTHER/SINGLE ISSUE GROUPS
intl liquid terminals assn,SEA TRANSPORT
thomas more university,EDUCATION
caring to love ministries,CLERGY
colorado fire and police pension assn,PUBLIC SECTOR UNIONS
us fund for unicef,NONPROFIT INSTITUTIONS
new hope housing,OTHER/SINGLE ISSUE GROUPS
veterans of foreign wars of the united states,GAMBLING & CASINOS
warner pacific university,EDUCATION
fundación colectivo hombres xx ac,WOMEN'S ISSUES
environmental law and policy ctr,PRO-ENVIRONMENTAL POLICY
transitional housing corporation d/b/a housing up,OTHER/SINGLE ISSUE GROUPS
setting things right,OTHER/SINGLE ISSUE GROUPS
veterans legal inst,LAWYERS & LOBBYISTS
comic book legal defense fund,PRINTING & PUBLISHING
natl comm for amish religious freedom,MINORITY & DISABILITY GROUPS
ag installers,SPECIAL TRADE CONTRACTORS
campaign for tobacco-free kids,HEALTH & WELFARE POLICY
ecomp consultants,BUSINESS SERVICES
fund for empowerment,OTHER/SINGLE ISSUE GROUPS
puerto rican bar assn of illinois,LAWYERS & LOBBYISTS
ywca seattle king snohomish,WOMEN'S ISSUES
emory law volunteer clinic for veterans,LAWYERS & LOBBYISTS
eco: a covenant order of evangelical presbyterians,CLERGY
saturn road church of christ,CLERGY
state farm bureau org of new mexico,INSURANCE
equal justice ctr,LAWYERS & LOBBYISTS
community catalyst,HEALTH & WELFARE POLICY
north carolina school boards assn,EDUCATION
oklahoma district attorneys assn,CIVIL SERVANTS/PUBLIC OFFICIALS
michigan league of conservation voters,PRO-ENVIRONMENTAL POLICY
swarthmore college,EDUCATION
access now,COMPUTER EQUIPMENT & SERVICES
human rights in childbirth,HUMAN RIGHTS
texas homeless network,WELFARE/SOCIAL WORK
black veterans for social justice,MINORITY & DISABILITY GROUPS
natl ice council,TRANSPORTATION UNIONS
united states technology policy comm of the acm,COMPUTER EQUIPMENT & SERVICES
stephen hopkins ctr for civil rights,HUMAN RIGHTS
hotel des arts,LODGING & TOURISM
community legal ctr,LAWYERS & LOBBYISTS
earth-bread + brewery,FOOD & BEVERAGE
kansas republican party,PARTY COMMITTEES
washington bar assn,LAWYERS & LOBBYISTS
yuma county agriculture water coalition,CROP PRODUCTION & BASIC PROCESSING
state pork producer assn of montana,LIVESTOCK
project lifeline,HEALTH SERVICES
los angeles times communications and the san diego union-tribune,PRINTING & PUBLISHING
publicis grp,BUSINESS SERVICES
workers circle,OTHER/SINGLE ISSUE GROUPS
california district attorneys assn,CIVIL SERVANTS/PUBLIC OFFICIALS
ctr for individual rights,OTHER/SINGLE ISSUE GROUPS
kennedy forum,OTHER/SINGLE ISSUE GROUPS
nielsen company (us),BUSINESS SERVICES
pinnacle pet,AGRICULTURAL SERVICES & PRODUCTS
wisconsin inst for law and liberty,CONSERVATIVE POLICY ORGANIZATION
american airlines grp,AIR TRANSPORT
new mexico criminal defense lawyers assn,LAWYERS & LOBBYISTS
georgia supportive housing assn,REAL ESTATE
new mexico immigrant law ctr,LAWYERS & LOBBYISTS
shoes by firebug,RETAIL SALES
plymouth congregational united church of christ,CLERGY
vermont states attorneys assn,CIVIL SERVANTS/PUBLIC OFFICIALS
cayuga nation,TRIBAL GOVERNMENTS
pathways to housing dc,WELFARE/SOCIAL WORK
natl police fdn,PUBLIC SECTOR UNIONS
georgia equality,GAY/LESBIAN RIGHTS & ISSUES
twelve state universities and state university systems,EDUCATION
charter oak state college,EDUCATION
direct flow medical,PHARMACEUTICALS & HEALTH PRODUCTS
headwater research,ENVIRONMENTAL SERVICES & EQUIPMENT
great basin college,EDUCATION
korean american lawyers assn of greater new york,LAWYERS & LOBBYISTS
education law ctr,LAWYERS & LOBBYISTS
utah mining assn,MINING
equal protection project,OTHER/SINGLE ISSUE GROUPS
new georgia project,LIBERAL POLICY ORGANIZATION
various member schools,EDUCATION
wi balance of state coc,BUSINESS ASSOCIATIONS
incline global management,SECURITIES & INVESTMENT
unitarian universalist assn,CLERGY
connecticut veterans legal ctr,CIVIL SERVANTS/PUBLIC OFFICIALS
greater pensacola chamber of commerce,BUSINESS ASSOCIATIONS
dc abortion fund,ABORTION POLICY
greater boston legal services low-income taxpayer clinic,LAWYERS & LOBBYISTS
y combinator management,BUSINESS SERVICES
trans sistas of color project,MINORITY & DISABILITY GROUPS
united brotherhood of carpenters and joiners of america,GENERAL TRADE UNIONS
electric power supply assn,ELECTRIC UTILITIES
clarke university,EDUCATION
nbcuniversal media,TV & MOVIE PRODUCTION/DISTRIBUTION
american forest and paper assn,FORESTRY & FOREST PRODUCTS
orthodox jewish chamber of commerce,BUSINESS ASSOCIATIONS
valley youth house,WELFARE/SOCIAL WORK
markup,COMPUTER EQUIPMENT & SERVICES
soc of the divine word-chicago province,CLERGY
internet archive,COMPUTER EQUIPMENT & SERVICES
media action ctr,MISCELLANEOUS SERVICES
american distilled spirits alliance,"BEER, WINE & LIQUOR"
anglican church in north america,CLERGY
washington nonprofits,NONPROFIT INSTITUTIONS
our children’s trust,PRO-ENVIRONMENTAL POLICY
samaritan inn,WELFARE/SOCIAL WORK
century american regional ctr,MISCELLANEOUS FINANCE
pure integrity michigan elections,OTHER/SINGLE ISSUE GROUPS
intl arbitration ctr in tokyo,LAWYERS & LOBBYISTS
legal rights ctr,LAWYERS & LOBBYISTS
colorado women’s bar assn,LAWYERS & LOBBYISTS
exoneration initiative,OTHER/SINGLE ISSUE GROUPS
pro-life action ministries,ABORTION POLICY
natl louis university,EDUCATION
georgia smoke free assn,HEALTH & WELFARE POLICY
pinnacle classical academy,EDUCATION
players assn of the natl football league,RECREATION & LIVE ENTERTAINMENT
quinebaug valley community college,EDUCATION
natl juvenile defender ctr,LAWYERS & LOBBYISTS
ctr for human liberty,OTHER/SINGLE ISSUE GROUPS
minnkota power cooperative,ELECTRIC UTILITIES
canna research fdn,MARIJUANA GROWERS & PRODUCT SALES
midland credit management,FINANCE & CREDIT COMPANIES
civil liberties and public policy,OTHER/SINGLE ISSUE GROUPS
bloomberg lp,SECURITIES & INVESTMENT
rocky mountain conference of the united church of christ,CLERGY
texas criminal defense lawyers assn,LAWYERS & LOBBYISTS
media inst,PRINTING & PUBLISHING
lac courte oreilles band of lake superior chippewa indians,TRIBAL GOVERNMENTS
puretech health,PHARMACEUTICALS & HEALTH PRODUCTS
software and system developers and engineers for united states government agencies,COMPUTER EQUIPMENT & SERVICES
jupiter entertainment,TV & MOVIE PRODUCTION/DISTRIBUTION
american assn of independent music,"BANDS, ORCHESTRAS & OTHER LIVE MUSIC PRODUCTION"
stussy,RETAIL SALES
doctors for disaster preparedness,HEALTH PROFESSIONALS
interdigital,TELECOM SERVICES & EQUIPMENT
lawfare project,OTHER/SINGLE ISSUE GROUPS
charity and security network,NONPROFIT INSTITUTIONS
honr network,OTHER/SINGLE ISSUE GROUPS
pacific source health plans,INSURANCE
minnesota assistance council for veterans,WELFARE/SOCIAL WORK
southern assn of colleges and schools commission on colleges,EDUCATION
queens fed of churches,CLERGY
chinese american parent assn of montgomery county (capa-mc),EDUCATION
vera house,WELFARE/SOCIAL WORK
veterans legal advocacy grp,LAWYERS & LOBBYISTS
leap,OTHER/SINGLE ISSUE GROUPS
karamah: muslim women lawyers for human rights,LAWYERS & LOBBYISTS
north dakota assn of criminal defense lawyers,LAWYERS & LOBBYISTS
silverwood mennonite church,CLERGY
idaho assn of criminal defense lawyers,LAWYERS & LOBBYISTS
hamilton college,EDUCATION
restore minnesota action,OTHER/SINGLE ISSUE GROUPS
starbucks workers,GENERAL TRADE UNIONS
christian medical assn,HEALTH PROFESSIONALS
texas district and county attorneys assn,CIVIL SERVANTS/PUBLIC OFFICIALS
albuquerque-amg specialty hospital,HOSPITALS & NURSING HOMES
washington university in st. louis,EDUCATION
louisiana district attorneys assn,CIVIL SERVANTS/PUBLIC OFFICIALS
housing rights ctr,OTHER/SINGLE ISSUE GROUPS
american foreign service assn,CIVIL SERVANTS/PUBLIC OFFICIALS
michigan beer and wine wholesalers assn,"BEER, WINE & LIQUOR"
new mexico hospital assn,HOSPITALS & NURSING HOMES
federal defenders for the middle district of alabama,CIVIL SERVANTS/PUBLIC OFFICIALS
unitarian universalist soc: east,CLERGY
natl perinatal assn,HEALTH PROFESSIONALS
capital community college,EDUCATION
entering canaan ministry,CLERGY
new york state sheriffs’ assn,PUBLIC SECTOR UNIONS
citizens crime commission of new york city,OTHER/SINGLE ISSUE GROUPS
separation of powers clinic,LAWYERS & LOBBYISTS
ikea north america services,RETAIL SALES
asian american futures,MINORITY & DISABILITY GROUPS
venice justice comm,CIVIL SERVANTS/PUBLIC OFFICIALS
bidi vapor,TOBACCO
georgia resource ctr,LAWYERS & LOBBYISTS
sanofi,PHARMACEUTICALS & HEALTH PRODUCTS
dolby laboratories,ELECTRONICS MANUFACTURING & SERVICES
manhattan mennonite fellowship,CLERGY
new jersey county prosecutors assn,CIVIL SERVANTS/PUBLIC OFFICIALS
texas bankers assn,COMMERCIAL BANKS
ctr for auto safety,OTHER/SINGLE ISSUE GROUPS
seton hall university,EDUCATION
scotts valley band of pomo indians,TRIBAL GOVERNMENTS
amherst college,EDUCATION
natl partnership for women and families,WOMEN'S ISSUES
information technology and innovation fdn,COMPUTER EQUIPMENT & SERVICES
lambda legal defense and education fund,GAY/LESBIAN RIGHTS & ISSUES
minorities for medical marijuana,MINORITY & DISABILITY GROUPS
asian american legal defense and education fund,MINORITY & DISABILITY GROUPS
american council on education,EDUCATION
clark university,EDUCATION
california lawyers assn,LAWYERS & LOBBYISTS
rescue those,OTHER/SINGLE ISSUE GROUPS
council of state governments,CIVIL SERVANTS/PUBLIC OFFICIALS
innovation alliance,COMPUTER EQUIPMENT & SERVICES
south carolina trucking assoc.,TRUCKING
american legislative exchange council,CONSERVATIVE POLICY ORGANIZATION
olivet nazarene university,EDUCATION
soc for cardiovascular angiography and interventions,HEALTH PROFESSIONALS
delaware captive insurance assn,INSURANCE
natl police assn,PUBLIC SECTOR UNIONS
three rivers community college,EDUCATION
york county conservative christian ctr/action,CHRISTIAN CONSERVATIVE
university of florida,EDUCATION
truth in advertising,CONSUMER GROUPS
bright peak therapeutics,PHARMACEUTICALS & HEALTH PRODUCTS
dfw muslim bar assn,LAWYERS & LOBBYISTS
montana catholic school parents,EDUCATION
zero to three,WELFARE/SOCIAL WORK
macy’s,RETAIL SALES
seattle school district no. 1,EDUCATION
indiana disability rights,MINORITY & DISABILITY GROUPS
developers alliance,REAL ESTATE
palss,WELFARE/SOCIAL WORK
huaxia evangelical seminary,EDUCATION
sweet impact chocolate,FOOD PROCESSING & SALES
long island chinese american assn,MINORITY & DISABILITY GROUPS
benevity,BUSINESS SERVICES
communicationfirst,COMPUTER EQUIPMENT & SERVICES
alliance for automotive innovation,AUTOMOTIVE
aclu of san diego and imperial counties,OTHER/SINGLE ISSUE GROUPS
north carolina asian americans together,MINORITY & DISABILITY GROUPS
guns save life,GUN CONTROL
bay area council,BUSINESS ASSOCIATIONS
new covenant legal services,LAWYERS & LOBBYISTS
western growers assn,CROP PRODUCTION & BASIC PROCESSING
white house watch,OTHER/SINGLE ISSUE GROUPS
gun owners’ action league massachusetts,GUN CONTROL
natl employment lawyers assn,LAWYERS & LOBBYISTS
barrelmaker productions,LIVE THEATER/OTHER ENTERTAINMENT PRODUCTIONS
hillsdale college,EDUCATION
federal public defender for the northern district of california,CIVIL SERVANTS/PUBLIC OFFICIALS
assn of missouri cleanwater agencies,PRO-ENVIRONMENTAL POLICY
positive women’s network-usa,WOMEN'S ISSUES
codemiko project,OTHER/SINGLE ISSUE GROUPS
constellation brands,"BEER, WINE & LIQUOR"
picture social justice,OTHER/SINGLE ISSUE GROUPS
blue ridge christian news,CHRISTIAN CONSERVATIVE
san diego county gun owners,GUN CONTROL
callen-lorde community health ctr,HOSPITALS & NURSING HOMES
square,MISCELLANEOUS FINANCE
southern connecticut state university,EDUCATION
civil justice assn of california,BUSINESS ASSOCIATIONS
taxpayers protection alliance,TAX ISSUES
natl assn of bankruptcy trustees,SECURITIES & INVESTMENT
world jewish congress,MINORITY & DISABILITY GROUPS
chickasaw nation,TRIBAL GOVERNMENTS
maryland criminal defense attorneys’ assn,LAWYERS & LOBBYISTS
bear republic brewing co.,"BEER, WINE & LIQUOR"
diocesan migrant and refugee services,WELFARE/SOCIAL WORK
benedictine university-mesa,EDUCATION
natl ctr for transgender equality,GAY/LESBIAN RIGHTS & ISSUES
rockwell automation,MISCELLANEOUS MANUFACTURING & DISTRIBUTING
independent health plan,INSURANCE
veterans legal services,LAWYERS & LOBBYISTS
natl alliance of state pharmacy assn,PHARMACEUTICALS & HEALTH PRODUCTS
fitzgerald griffin fdn,NONPROFIT INSTITUTIONS
tennessee scenic rivers assn,PRO-ENVIRONMENTAL POLICY
animal welfare league of arlington,ANIMAL RIGHTS
chubb grp holdings,INSURANCE
military women’s coalition,WOMEN'S ISSUES
north carolina water quality assn,PRO-ENVIRONMENTAL POLICY
mid-atlantic assn of community health ctr,HOSPITALS & NURSING HOMES
ujima: natl ctr on violence against women in the black community,WOMEN'S ISSUES
intl brotherhood of electrical workers,GENERAL TRADE UNIONS
one circle fdn,WELFARE/SOCIAL WORK
north carolina coalition against domestic violence,OTHER/SINGLE ISSUE GROUPS
encore fiduciary,MISCELLANEOUS FINANCE
inst de estudios para el desarrollo y la paz,NONPROFIT INSTITUTIONS
state farmers unions,INSURANCE
voice for the voiceless,ANIMAL RIGHTS
assn of ship brokers and agents,SEA TRANSPORT
atlantic richfield company,OIL & GAS
sunday breakfast mission,WELFARE/SOCIAL WORK
north carolina community health ctr assn,HOSPITALS & NURSING HOMES
state pork producer assn of indiana,LIVESTOCK
gannett co.,PRINTING & PUBLISHING
land ctr for cultural engagement,OTHER/SINGLE ISSUE GROUPS
spokeo,COMPUTER EQUIPMENT & SERVICES
pathfinder intl,HEALTH SERVICES
protect our defenders,OTHER/SINGLE ISSUE GROUPS
middlesex community college,EDUCATION
natl republican senatorial comm,PARTY COMMITTEES
republican women for progress,CONSERVATIVE POLICY ORGANIZATION
saginaw chippewa indian tribe of michigan,TRIBAL GOVERNMENTS
empire justice ctr,LAWYERS & LOBBYISTS
gold coast health plan,HEALTH SERVICES
american kidney fund,HEALTH & WELFARE POLICY
down pride,OTHER/SINGLE ISSUE GROUPS
urbanpromise wilmington,NONPROFIT INSTITUTIONS
city of miami fire fighters’ and police officers’ retirement trust,PUBLIC SECTOR UNIONS
tricon energy,OIL & GAS
olmsted ctr for sight,HEALTH PROFESSIONALS
florida republican party,PARTY COMMITTEES
mabel wadsworth ctr,HEALTH SERVICES
nortek global hvac,MISCELLANEOUS MANUFACTURING & DISTRIBUTING
intl org for standardization,BUSINESS SERVICES
caldwell university,EDUCATION
o’hara corporation,REAL ESTATE
breas medical ab,PHARMACEUTICALS & HEALTH PRODUCTS
north american export grain assn,CROP PRODUCTION & BASIC PROCESSING
american assn of people with disabilities,MINORITY & DISABILITY GROUPS
asian pacific inst on gender-based violence,WOMEN'S ISSUES
bridge home,WELFARE/SOCIAL WORK
wellton-mohawk irrigation and drainage district,WATER UTILITIES
domestic violence legal empowerment and appeals project,OTHER/SINGLE ISSUE GROUPS
united farm workers of america,GENERAL TRADE UNIONS
asian american organizing project,MINORITY & DISABILITY GROUPS
american principles project,CONSERVATIVE POLICY ORGANIZATION
postmates,COMPUTER EQUIPMENT & SERVICES
franklin county public defender,CIVIL SERVANTS/PUBLIC OFFICIALS
naspa-student affairs administrators in higher education,EDUCATION
rhode island religious coalition for reproductive freedom,OTHER/SINGLE ISSUE GROUPS
kentucky equal justice,LAWYERS & LOBBYISTS
heller fdn,NONPROFIT INSTITUTIONS
venugopals consulting services,LAWYERS & LOBBYISTS
federal public defender for the district of hawaii,CIVIL SERVANTS/PUBLIC OFFICIALS
allied daily newspapers,PRINTING & PUBLISHING
home ownership ctr of greater cincinnati (ohio),OTHER/SINGLE ISSUE GROUPS
campaña natl por el aborto libre seguro y accesible,ABORTION POLICY
fair housing advocates assn,OTHER/SINGLE ISSUE GROUPS
motor carriers of montana,TRUCKING
episcopal community services of sf,WELFARE/SOCIAL WORK
alpha ctr,ABORTION POLICY
march of dimes,HEALTH & WELFARE POLICY
arizona state university,EDUCATION
assn of american physicians and surgeons,HEALTH PROFESSIONALS
wasc senior college and university commission,EDUCATION
vermont network against domestic or sexual violence,OTHER/SINGLE ISSUE GROUPS
lone star justice alliance,CONSERVATIVE POLICY ORGANIZATION
mexican american legal defense and educational fund,MINORITY & DISABILITY GROUPS
america first legal fdn,CONSERVATIVE POLICY ORGANIZATION
louisiana legislative black caucus,CANDIDATE COMMITTEES
software finance and tax executives council,COMPUTER EQUIPMENT & SERVICES
natl conference on public employee retirement systems,PUBLIC SECTOR UNIONS
knife rights fdn,OTHER/SINGLE ISSUE GROUPS
ctr for public justice,OTHER/SINGLE ISSUE GROUPS
montanans for choice,ABORTION POLICY
women’s natl history alliance,WOMEN'S ISSUES
flv usa d/b/a flavorah,TOBACCO
rocky mountain mining inst,MINING
general conference of seventh-day adventists,CLERGY
chaplain alliance for religious liberty,CLERGY
disciples refugee and immigration ministries,OTHER/SINGLE ISSUE GROUPS
natl inst for jail operations,MISCELLANEOUS BUSINESS
family council and family policy inst,CHRISTIAN CONSERVATIVE
lighthouse for the blind-seattle,WELFARE/SOCIAL WORK
cabarrus brewing co.,"BEER, WINE & LIQUOR"
earlens corporation,PHARMACEUTICALS & HEALTH PRODUCTS
match grp,COMPUTER EQUIPMENT & SERVICES
members of michigan fair elections inst,OTHER/SINGLE ISSUE GROUPS
salesian missions,CLERGY
washington oil marketers assn,OIL & GAS
natl council of churches of christ in the usa,CLERGY
oregon farm bureau,FARM BUREAU
zume,FOOD & BEVERAGE
natl assn of the deaf,MINORITY & DISABILITY GROUPS
china aid assn,OTHER/SINGLE ISSUE GROUPS
missouri forest products assn,FORESTRY & FOREST PRODUCTS
california valley land company,REAL ESTATE
wisconsin family action,CHRISTIAN CONSERVATIVE
tesla,AUTOMOTIVE
simon wiesenthal ctr,NONPROFIT INSTITUTIONS
faith commons,OTHER/SINGLE ISSUE GROUPS
ute mountain ute tribe,TRIBAL GOVERNMENTS
great plains tribal chairmen’s assn,TRIBAL GOVERNMENTS
u.s. constitutional rights legal defense fund,OTHER/SINGLE ISSUE GROUPS
lehigh county employees’ retirement system,PUBLIC SECTOR UNIONS
louis d. brandeis ctr for human rights under law,OTHER/SINGLE ISSUE GROUPS
trucking assn of new york,TRUCKING
houma-amg specialty hospital,HOSPITALS & NURSING HOMES
gsk,PHARMACEUTICALS & HEALTH PRODUCTS
defender assn of philadelphia,CIVIL SERVANTS/PUBLIC OFFICIALS
haitian bridge alliance,MINORITY & DISABILITY GROUPS
human services council,WELFARE/SOCIAL WORK
sc right to life,ABORTION POLICY
google,COMPUTER EQUIPMENT & SERVICES
lennox intl,MISCELLANEOUS MANUFACTURING & DISTRIBUTING
luxor capital grp lp,SECURITIES & INVESTMENT
empire ctr,CONSERVATIVE POLICY ORGANIZATION
parkland community health plan,HEALTH SERVICES
independent petroleum assn of america,OIL & GAS
catholic legal services archdiocese of miami,CLERGY
black women for wellness,WOMEN'S ISSUES
trinity washington university,EDUCATION
union university,EDUCATION
women’s rabbinic network,CLERGY
intl fed for human rights,HUMAN RIGHTS
korean council of washington dc,MINORITY & DISABILITY GROUPS
germantown mennonite church,CLERGY
regeneron pharmaceuticals,PHARMACEUTICALS & HEALTH PRODUCTS
lgbt bar assn of greater new york,GAY/LESBIAN RIGHTS & ISSUES
united synagogue of conservative judaism,CLERGY
independent journalists,PRINTING & PUBLISHING
mississippi ctr for investigative reporting,PRINTING & PUBLISHING
salt lake legal defender assn,LAWYERS & LOBBYISTS
aequitas,LAWYERS & LOBBYISTS
alliance of u.s. startups and inventors for jobs,BUSINESS SERVICES
oregon innocence project,OTHER/SINGLE ISSUE GROUPS
accenture,BUSINESS SERVICES
alaska state hospital and nursing home assn,HOSPITALS & NURSING HOMES
america’s essential hospitals,HOSPITALS & NURSING HOMES
natl assn of wheat growers,CROP PRODUCTION & BASIC PROCESSING
recording industry assn of america,"BANDS, ORCHESTRAS & OTHER LIVE MUSIC PRODUCTION"
american immigration council,OTHER/SINGLE ISSUE GROUPS
ariel investments,SECURITIES & INVESTMENT
united state of women,WOMEN'S ISSUES
texas childrens health plan,INSURANCE
latinojustice prldef,MINORITY & DISABILITY GROUPS
jewish women’s fdn of new york,WOMEN'S ISSUES
wxia-tv,TV & MOVIE PRODUCTION/DISTRIBUTION
shell usa,OIL & GAS
ctr for forensic science research and education,OTHER/SINGLE ISSUE GROUPS
notre dame de namur university,EDUCATION
coalición de coaliciones pro personas sin hogar de pr,OTHER/SINGLE ISSUE GROUPS
quicken loans,REAL ESTATE
sigma nu educational fdn,NONPROFIT INSTITUTIONS
soc of family planning,ABORTION POLICY
student loan servicing alliance,BANKS & LENDING INSTITUTIONS
hopi-tewa womens coalition to end abuse,WOMEN'S ISSUES
farmworker justice,AGRICULTURAL SERVICES & PRODUCTS
open communities,MINORITY & DISABILITY GROUPS
tennessee freedom circle,OTHER/SINGLE ISSUE GROUPS
natl jewish advocacy ctr,MINORITY & DISABILITY GROUPS
clare boothe luce ctr for conservative women,CONSERVATIVE POLICY ORGANIZATION
doctors for camp closure (d4cc),HEALTH PROFESSIONALS
wireless research services,TELECOM SERVICES & EQUIPMENT
civil rights law section of the federal bar assn,LAWYERS & LOBBYISTS
gpa midstream assn,OIL & GAS
repair assn,BUSINESS SERVICES
138 women hurt by planned parenthood abortions,ABORTION POLICY
georgia captive insurance assn,INSURANCE
associazione voce donna pordenone,WOMEN'S ISSUES
opawl-building aapi feminist leadership in ohio,WOMEN'S ISSUES
soc of american archivists,NONPROFIT INSTITUTIONS
public knowledge,CONSUMER GROUPS
reproaction,ABORTION POLICY
sunlight giving,NONPROFIT INSTITUTIONS
power to decide,ABORTION POLICY
united negro college fund,MINORITY & DISABILITY GROUPS
foundry grp,BUSINESS SERVICES
american airlines,AIR TRANSPORT
amerihealth caritas pennsylvania,INSURANCE
baptist memorial health care corporation,HOSPITALS & NURSING HOMES
public citizen fdn,OTHER/SINGLE ISSUE GROUPS
société natl sncf,RAILROADS
arizona voter empowerment task force,OTHER/SINGLE ISSUE GROUPS
north american nature photography assn,PRO-ENVIRONMENTAL POLICY
stonewall equality limited,GAY/LESBIAN RIGHTS & ISSUES
arkansas school boards assn,EDUCATION
inst for energy research,MISCELLANEOUS ENERGY & NATURAL RESOURCES
samford university,EDUCATION
queens parents united,EDUCATION
dialysis patient citizens,HEALTH & WELFARE POLICY
parents defending education,OTHER/SINGLE ISSUE GROUPS
associazione centro contro la violenza alle donne “roberta lanzino” cosenza,WOMEN'S ISSUES
safe living space,WELFARE/SOCIAL WORK
interactive advertising bureau,BUSINESS SERVICES
american soc of inventors,BUSINESS SERVICES
cheyenne river sioux tribe,TRIBAL GOVERNMENTS
global business alliance,BUSINESS ASSOCIATIONS
natl wildlife refuge assn,PRO-ENVIRONMENTAL POLICY
new jersey crime victims’ law ctr,OTHER/SINGLE ISSUE GROUPS
oberlin college and conservatory,EDUCATION
hindus for human rights,HUMAN RIGHTS
heartland inst,NONPROFIT INSTITUTIONS
savannah riverkeeper,PRO-ENVIRONMENTAL POLICY
puerto rico assn of criminal defense lawyers,LAWYERS & LOBBYISTS
elizabeth cady stanton trust,WOMEN'S ISSUES
serving seniors (the org),HOSPITALS & NURSING HOMES
2twenty club,"BEER, WINE & LIQUOR"
north carolina values coalition,CHRISTIAN CONSERVATIVE
randr christo construction,GENERAL CONTRACTORS
tax collectors and treasurers assn of new jersey,CIVIL SERVANTS/PUBLIC OFFICIALS
u.s. hemp roundtable,MARIJUANA GROWERS & PRODUCT SALES
tenderloin people’s congress,OTHER/SINGLE ISSUE GROUPS
washington state school directors’ assn,EDUCATION
reward fdn,OTHER/SINGLE ISSUE GROUPS
moximed,PHARMACEUTICALS & HEALTH PRODUCTS
ctr for a free cuba,OTHER/SINGLE ISSUE GROUPS
innocence project of florida,OTHER/SINGLE ISSUE GROUPS
vapor unlimited,TOBACCO
winona community fdn,NONPROFIT INSTITUTIONS
caring works,HEALTH SERVICES
brutus trading,SECURITIES & INVESTMENT
natl disability rights network,MINORITY & DISABILITY GROUPS
royal manticoran navy: the official honor harrington fan assn,OTHER/SINGLE ISSUE GROUPS
voice for adoption,OTHER/SINGLE ISSUE GROUPS
california pan-ethnic health network,MINORITY & DISABILITY GROUPS
ywca-gcr,WOMEN'S ISSUES
mschf product studio,MISCELLANEOUS SERVICES
north carolina family policy council,CHRISTIAN CONSERVATIVE
terves,PHARMACEUTICALS & HEALTH PRODUCTS
university of california free speech alliance,EDUCATION
business council of new york state,BUSINESS ASSOCIATIONS
jewish activists for immigration justice western ma,OTHER/SINGLE ISSUE GROUPS
nebraska assn of school boards,EDUCATION
east spokane business assn,BUSINESS ASSOCIATIONS
pregnancy justice,ABORTION POLICY
new visions homeless services,WELFARE/SOCIAL WORK
western tidewater free clinic,HOSPITALS & NURSING HOMES
educational fund to stop gun violence,GUN CONTROL
project rainbow,OTHER/SINGLE ISSUE GROUPS
public justice inst,OTHER/SINGLE ISSUE GROUPS
general mills,FOOD PROCESSING & SALES
thai american bar assn,LAWYERS & LOBBYISTS
associated general contractors of america,GENERAL CONTRACTORS
natl panhellenic conference,NONPROFIT INSTITUTIONS
shoals environmental alliance,PRO-ENVIRONMENTAL POLICY
azteca partners,LAWYERS & LOBBYISTS
call,OTHER/SINGLE ISSUE GROUPS
hindu american fdn,NONPROFIT INSTITUTIONS
arkansas assn of educational administrators,EDUCATION
natl military families assn,MILITARY
alliance for educational justice,PUBLIC EDUCATION POLICY
people for the ethical treatment of animals,ANIMAL RIGHTS
st. john’s presbyterian church berkeley,CLERGY
amethyst place,HOSPITALS & NURSING HOMES
nuance communications,COMPUTER EQUIPMENT & SERVICES
platte inst,CONSERVATIVE POLICY ORGANIZATION
ctr for fair housing,OTHER/SINGLE ISSUE GROUPS
move,OTHER/SINGLE ISSUE GROUPS
freedom and justice fdn,LIBERAL POLICY ORGANIZATION
trinity intl university,EDUCATION
binkley for president 2024,CANDIDATE COMMITTEES
san francisco veteran police officers assn,PUBLIC SECTOR UNIONS
sauk-suiattle indian tribe,TRIBAL GOVERNMENTS
global professional mentorship fdn,NONPROFIT INSTITUTIONS
independent bakers assn,FOOD PROCESSING & SALES
university of toledo,EDUCATION
state farm bureau org of nevada,INSURANCE
florida supportive housing coalition,OTHER/SINGLE ISSUE GROUPS
american diabetes assn,HEALTH & WELFARE POLICY
colorado state university,EDUCATION
connecticut captive insurance assn,INSURANCE
grace to you,CLERGY
if/when/how: lawyering for reproductive justice,ABORTION POLICY
united muslims of america interfaith alliance,MINORITY & DISABILITY GROUPS
villanova university,EDUCATION
legal services of the hudson valley,LAWYERS & LOBBYISTS
idaho family policy ctr,CHRISTIAN CONSERVATIVE
kempe fdn,HEALTH & WELFARE POLICY
conservative christian ctr,CHRISTIAN CONSERVATIVE
witness to innocence,OTHER/SINGLE ISSUE GROUPS
louisiana mid-continent oil and gas assn,OIL & GAS
liquid energy pipeline assn,OIL & GAS
yes. every kid.,OTHER/SINGLE ISSUE GROUPS
washington legal clinic for the homeless,LAWYERS & LOBBYISTS
freedom of the press fdn,PRINTING & PUBLISHING
grassroot inst of hawaii,CONSERVATIVE POLICY ORGANIZATION
fellowship of christian athletes,CLERGY
amerihealth caritas new hampshire,INSURANCE
montana conservation voters education fund,PRO-ENVIRONMENTAL POLICY
public health advocates,HEALTH & WELFARE POLICY
firearms policy coalition,GUN CONTROL
trinity college,EDUCATION
intl lawyers assisting workers network,LAWYERS & LOBBYISTS
lawyers club of san diego,LAWYERS & LOBBYISTS
maine policy inst,CONSERVATIVE POLICY ORGANIZATION
pepsico,FOOD PROCESSING & SALES
rhode island state council of churches,CLERGY
california retail assn,RETAIL SALES
hollywood firefighters’ pension fund,PUBLIC SECTOR UNIONS
victim rights law ctr,OTHER/SINGLE ISSUE GROUPS
urban land conservancy (colorado),PRO-ENVIRONMENTAL POLICY
asian american youth rising (aapi youth rising),MINORITY & DISABILITY GROUPS
central atlantic conference of the united church of christ,CLERGY
family policy of west virginia,CHRISTIAN CONSERVATIVE
equality florida,GAY/LESBIAN RIGHTS & ISSUES
montana assn of criminal defense lawyers,LAWYERS & LOBBYISTS
chambers of commerce,BUSINESS ASSOCIATIONS
north texas fair housing ctr,OTHER/SINGLE ISSUE GROUPS
northwest mineral prospector’s club,MINING
ctr on reproductive rights and justice,ABORTION POLICY
opportunities for a better tomorrow,WELFARE/SOCIAL WORK
african american alliance of cdfi ceos (multistate),COMMERCIAL BANKS
sur legal collaborative,LAWYERS & LOBBYISTS
guttmacher inst,ABORTION POLICY
vizio,ELECTRONICS MANUFACTURING & SERVICES
kohlnhofer farms,CROP PRODUCTION & BASIC PROCESSING
weidner apartment homes,REAL ESTATE
fiddlin’ fish brewing co.,"BEER, WINE & LIQUOR"
utility water act grp,OTHER/SINGLE ISSUE GROUPS
forcey bible church,CLERGY
chinese american parent assn of northern virginia (capa-nova),EDUCATION
illinois policy,CONSERVATIVE POLICY ORGANIZATION
eight million stories,LIBERAL POLICY ORGANIZATION
medianews grp,PRINTING & PUBLISHING
retail litigation ctr,RETAIL SALES
opeiu 29,GENERAL TRADE UNIONS
swiss bankers assn,COMMERCIAL BANKS
10 members of the united states senate,CANDIDATE CONTRIBUTIONS
north carolina psychological assn,HEALTH PROFESSIONALS
pacific juvenile defender ctr,CIVIL SERVANTS/PUBLIC OFFICIALS
american college of bankruptcy,ACCOUNTANTS
trident seafoods corporation,FOOD & BEVERAGE
hospital and healthsystem assn of pennsylvania,HOSPITALS & NURSING HOMES
north dakota farm bureau,FARM BUREAU
criswell college,EDUCATION
justice at work,GENERAL TRADE UNIONS
michigan united,LIBERAL POLICY ORGANIZATION
texas catholic conference of bishops,CLERGY
century fdn,COMMERCIAL BANKS
assn of catholic colleges and universities,EDUCATION
natl resource ctr on domestic violence,OTHER/SINGLE ISSUE GROUPS
global seas,SEA TRANSPORT
march for moms,WELFARE/SOCIAL WORK
ohio hospital assn,HOSPITALS & NURSING HOMES
owners counsel of america,LAWYERS & LOBBYISTS
landmark legal fdn,LAWYERS & LOBBYISTS
texas medical assn,HEALTH PROFESSIONALS
alabama hiking trail soc,PRO-ENVIRONMENTAL POLICY
orlando chinese assn,MINORITY & DISABILITY GROUPS
hoosiers for responsible lending (indiana),BANKS & LENDING INSTITUTIONS
aventisub f/d/b/a aventis pharmaceuticals,PHARMACEUTICALS & HEALTH PRODUCTS
nevada policy research inst,CONSERVATIVE POLICY ORGANIZATION
ascend justice,LAWYERS & LOBBYISTS
ctr for public representation,OTHER/SINGLE ISSUE GROUPS
sawtooth conservation and recreation alliance,PRO-ENVIRONMENTAL POLICY
community hope,WELFARE/SOCIAL WORK
uber freight,MISCELLANEOUS TRANSPORT
bull city burger and brewery,"BEER, WINE & LIQUOR"
south dakota states attorneys assn,CIVIL SERVANTS/PUBLIC OFFICIALS
assn of the bar of the city of new york,LAWYERS & LOBBYISTS
public justice ctr (maryland),LAWYERS & LOBBYISTS
union congregational church,CLERGY
american probation and parole assn,CIVIL SERVANTS/PUBLIC OFFICIALS
better days ahead outreach,WELFARE/SOCIAL WORK
edgewood veterans,MISCELLANEOUS SERVICES
funders together to end homelessness,OTHER/SINGLE ISSUE GROUPS
gynuity health projects,HEALTH SERVICES
interaction,OTHER/SINGLE ISSUE GROUPS
icc switzerland,BUSINESS SERVICES
nebraska county attorneys assn,CIVIL SERVANTS/PUBLIC OFFICIALS
california farm bureau fed,FARM BUREAU
alliance for transparent and affordable prescriptions,PHARMACEUTICALS & HEALTH PRODUCTS
natl coalition for men,MISCELLANEOUS ENERGY & NATURAL RESOURCES
washington and lee university,EDUCATION
workers’ injury law and advocacy grp,LAWYERS & LOBBYISTS
virginia citizens consumer council,CONSUMER GROUPS
pacific merchant shipping assn,SEA TRANSPORT
puracath medical,PHARMACEUTICALS & HEALTH PRODUCTS
council for opportunity in education,EDUCATION
pueblo council of governors,TRIBAL GOVERNMENTS
leidos holdings,DEFENSE AEROSPACE
north carolina farm bureau,FARM BUREAU
natl assn of railroad referees,RAILROADS
american maritime assn,SEA TRANSPORT
aclu of mississippi,OTHER/SINGLE ISSUE GROUPS
clean ocean action,PRO-ENVIRONMENTAL POLICY
coalition of labor union women,GENERAL TRADE UNIONS
fynder grp d/b/a nature’s fynd,FOOD PROCESSING & SALES
california legislative women’s caucus,WOMEN'S ISSUES
native american rights fund,TRIBAL GOVERNMENTS
her justice,LAWYERS & LOBBYISTS
american bankers assn,COMMERCIAL BANKS
fair housing ctr of west michigan,OTHER/SINGLE ISSUE GROUPS
florida legal fdn,LAWYERS & LOBBYISTS
illinois coalition against domestic violence,OTHER/SINGLE ISSUE GROUPS
minnesota-wisconsin baptist convention,CLERGY
associated gospel churches,CLERGY
natl assn of college and university business officers,EDUCATION
grant and eisenhofer esg inst,LAWYERS & LOBBYISTS
marian university,EDUCATION
pathways to safety intl,WELFARE/SOCIAL WORK
southwest airlines co.,AIR TRANSPORT
fdn for government accountability,OTHER/SINGLE ISSUE GROUPS
women’s bar assn of the state of new york,LAWYERS & LOBBYISTS
north carolina chapter of the a. philip randolph inst,GENERAL TRADE UNIONS
montana republican party,PARTY COMMITTEES
natl ctr on adoption and permanency,OTHER/SINGLE ISSUE GROUPS
pflag-san gabriel valley asian pacific islander,GAY/LESBIAN RIGHTS & ISSUES
associazione trama di terre imola,BUSINESS SERVICES
pouhana o nā wāhine,GENERAL TRADE UNIONS
missouri assn of counties,CIVIL SERVANTS/PUBLIC OFFICIALS
natl fire protection assn,SPECIAL TRADE CONTRACTORS
lugar ctr,CONSERVATIVE POLICY ORGANIZATION
tpg capital,SECURITIES & INVESTMENT
legal aid soc,LAWYERS & LOBBYISTS
wyoming mining assn,MINING
oklahoma innocence project,OTHER/SINGLE ISSUE GROUPS
save our saluda,PRO-ENVIRONMENTAL POLICY
indianapolis urban league (indiana),MINORITY & DISABILITY GROUPS
nebraska appleseed ctr for law in the public interest,OTHER/SINGLE ISSUE GROUPS
rocky mountain immigrant advocacy network,OTHER/SINGLE ISSUE GROUPS
boston medical ctr healthnet plan,INSURANCE
alj capital management,SECURITIES & INVESTMENT
caredx,PHARMACEUTICALS & HEALTH PRODUCTS
ctr on wrongful convictions of youth,OTHER/SINGLE ISSUE GROUPS
vnsny choice health plans,INSURANCE
american indian development associates,TRIBAL GOVERNMENTS
atandt benefit plan investment comm,TELECOM SERVICES & EQUIPMENT
oklahoma hospital assn,HOSPITALS & NURSING HOMES
hyattsville mennonite church,CLERGY
crista ministries,CLERGY
power county development authority,CIVIL SERVANTS/PUBLIC OFFICIALS
lakeland regional health system,HOSPITALS & NURSING HOMES
thumbtack,BUSINESS SERVICES
texas medical-legal partnerships,LAWYERS & LOBBYISTS
ny laundromat business assn,MISCELLANEOUS SERVICES
verily life sciences,PHARMACEUTICALS & HEALTH PRODUCTS
oregon quakers: the south mountain friends meeting,CLERGY
ufw fdn,AGRICULTURAL SERVICES & PRODUCTS
open primaries,OTHER/SINGLE ISSUE GROUPS
intermountain fair housing council,OTHER/SINGLE ISSUE GROUPS
dean health plan,INSURANCE
nanay,MINORITY & DISABILITY GROUPS
assn of university programs in health administration,EDUCATION
high 5 games,GAMBLING & CASINOS
family policy alliance,CHRISTIAN CONSERVATIVE
natl scholastic press assn,PRINTING & PUBLISHING
students at columbia against censorship,EDUCATION
communities united for status and protection,OTHER/SINGLE ISSUE GROUPS
kappa alpha educational fdn,EDUCATION
agudath israel of america,CLERGY
virginia chamber of commerce,BUSINESS ASSOCIATIONS
children’s rights,HUMAN RIGHTS
restoration project,OTHER/SINGLE ISSUE GROUPS
movement advancement project,GAY/LESBIAN RIGHTS & ISSUES
natl fdn for gun rights,GUN CONTROL
treatment action grp,HEALTH & WELFARE POLICY
cambio pr,MINORITY & DISABILITY GROUPS
california women lawyers,WOMEN'S ISSUES
roots young adult shelter,WELFARE/SOCIAL WORK
americans for peace now,OTHER/SINGLE ISSUE GROUPS
hc bioscience,PHARMACEUTICALS & HEALTH PRODUCTS
san francisco health plan,INSURANCE
jewish social policy action network,MINORITY & DISABILITY GROUPS
restart,WELFARE/SOCIAL WORK
fullsteam brewery,"BEER, WINE & LIQUOR"
indi chocolate,FOOD PROCESSING & SALES
southwest baptist university,EDUCATION
liberty justice ctr,CONSERVATIVE POLICY ORGANIZATION
siskinds llp,LAWYERS & LOBBYISTS
natl republican redistricting trust,CONSERVATIVE POLICY ORGANIZATION
zoological assn of america,ANIMAL RIGHTS
abolish abortion idaho,ABORTION POLICY
strava,COMPUTER EQUIPMENT & SERVICES
catholic conferences of washington,CLERGY
scopely,COMPUTER EQUIPMENT & SERVICES
alabama-coushatta tribe of texas,TRIBAL GOVERNMENTS
kentucky commonwealths attorneys assn,CIVIL SERVANTS/PUBLIC OFFICIALS
southwestern women’s options,ABORTION POLICY
historic districts council,OTHER/SINGLE ISSUE GROUPS
santa clara university,EDUCATION
merck and co,PHARMACEUTICALS & HEALTH PRODUCTS
make the road new york,MINORITY & DISABILITY GROUPS
natl assn of student financial aid administrators,EDUCATION
alabama employer health consortium,INSURANCE
numerous other americans for abolishing abortion,ABORTION POLICY
warner press,PRINTING & PUBLISHING
las vegas development,REAL ESTATE
american royalty council,OIL & GAS
arizona indian gaming assn,GAMBLING & CASINOS
natl assn for the employment of people who are blind,MINORITY & DISABILITY GROUPS
council for advancement and support of education,EDUCATION
abn amro retained custodial services (ireland) limited,COMMERCIAL BANKS
energy policy advocates,OIL & GAS
fight for the future,PRO-ENVIRONMENTAL POLICY
hvfg,"BEER, WINE & LIQUOR"
seventh-day adventist church in canada,CLERGY
natl assn of social workers,HEALTH PROFESSIONALS
coeur d’alene mining district,MINING
california manufacturers and technology assn,MISCELLANEOUS MANUFACTURING & DISTRIBUTING
satilla riverkeeper,PRO-ENVIRONMENTAL POLICY
bastard nation: the adoptee rights org,OTHER/SINGLE ISSUE GROUPS
natl assn of human rights workers,HUMAN RIGHTS
gettysburg college,EDUCATION
dc lgbtq+ community ctr,GAY/LESBIAN RIGHTS & ISSUES
intl mayan league,TRIBAL GOVERNMENTS
tennessee baptist mission board,CLERGY
league for sportsmen law enforcement and defense,HUNTING
brady ctr to prevent gun violence,GUN CONTROL
summus 2,OTHER/SINGLE ISSUE GROUPS
saint louis university,EDUCATION
grants pass gospel rescue mission,WELFARE/SOCIAL WORK
timao ctr,EDUCATION
american vaping manufacturers assn,TOBACCO
ohio assn of criminal defense lawyers,LAWYERS & LOBBYISTS
coalition of large tribes,TRIBAL GOVERNMENTS
north america branch of the chartered inst of arbitrators,BUSINESS SERVICES
alliance for choice in education,PUBLIC EDUCATION POLICY
asian/pacific islander domestic violence resource project,WOMEN'S ISSUES
fontbonne university,EDUCATION
trust women fdn,ABORTION POLICY
women of color network,WOMEN'S ISSUES
alaska bering sea crabbers,COMMERCIAL FISHING
kwh law ctr for social justice and change,LAWYERS & LOBBYISTS
glsen,GAY/LESBIAN RIGHTS & ISSUES
metallurgical coal producers assn,MINING
natl assn of specialty pharmacy,PHARMACEUTICALS & HEALTH PRODUCTS
news media alliance,PRINTING & PUBLISHING
natl employment lawyers’ assn,LAWYERS & LOBBYISTS
pro-choice washington,ABORTION POLICY
natl fair housing alliance,OTHER/SINGLE ISSUE GROUPS
access reproductive care-southeast (arc-southeast),ABORTION POLICY
american health care assn,HOSPITALS & NURSING HOMES
council for christian colleges and universities,EDUCATION
clarity women’s ctr,ABORTION POLICY
assn of university technology managers,EDUCATION
natl security counselors,OTHER/SINGLE ISSUE GROUPS
natl crittenton,WELFARE/SOCIAL WORK
philippi mennonite church,CLERGY
america’s frontline doctors,HEALTH PROFESSIONALS
innocence project new york new york,OTHER/SINGLE ISSUE GROUPS
illinois right to life,ABORTION POLICY
city of chino,CIVIL SERVANTS/PUBLIC OFFICIALS
oklahoma council of public affairs,CONSERVATIVE POLICY ORGANIZATION
wintergreen property owners assn,REAL ESTATE
immigrant legal defense,LAWYERS & LOBBYISTS
prairie abortion fund,ABORTION POLICY
cadeau boston,RETAIL SALES
christ medicus fdn,CLERGY
washington multi-family housing assn,REAL ESTATE
lift our voices,OTHER/SINGLE ISSUE GROUPS
american university,EDUCATION
new belgium brewing co.,"BEER, WINE & LIQUOR"
portland trail blazers,RECREATION & LIVE ENTERTAINMENT
okta,COMPUTER EQUIPMENT & SERVICES
texas municipal league intergovernmental risk pool,INSURANCE
certain institutional investors,SECURITIES & INVESTMENT
igm biosciences,PHARMACEUTICALS & HEALTH PRODUCTS
ctr for worker freedom,GENERAL TRADE UNIONS
people’s parity project,OTHER/SINGLE ISSUE GROUPS
florida assn of criminal defense lawyers,LAWYERS & LOBBYISTS
oklahoma defense lawyers assn,LAWYERS & LOBBYISTS
inprint,PRINTING & PUBLISHING
illinois rental property owners assn,REAL ESTATE
intl cannabis bar assn,MARIJUANA GROWERS & PRODUCT SALES
atandt services,TELECOM SERVICES & EQUIPMENT
american marine fund,COMMERCIAL FISHING
pioneer inst,CONSERVATIVE POLICY ORGANIZATION
clean elections texas,OTHER/SINGLE ISSUE GROUPS
parent educational advocacy training ctr,EDUCATION
pennsylvania manufacturers’ assn,MISCELLANEOUS MANUFACTURING & DISTRIBUTING
veterans northeast outreach ctr,HEALTH SERVICES
american assn on health and disability,HEALTH & WELFARE POLICY
montana coal council,MINING
elon university,EDUCATION
natl council of negro women,MINORITY & DISABILITY GROUPS
virginia municipal stormwater agency,CIVIL SERVANTS/PUBLIC OFFICIALS
asian community and cultural ctr,MINORITY & DISABILITY GROUPS
louisiana family fdn,CHRISTIAN CONSERVATIVE
america’s future,CONSERVATIVE POLICY ORGANIZATION
rising ground,WELFARE/SOCIAL WORK
natl cooperative services corporation,COMMERCIAL BANKS
americans for tax reform,TAX ISSUES
albertus magnus college,EDUCATION
women’s centers: ct ga nj and pa,WOMEN'S ISSUES
americans for immigrant justice,OTHER/SINGLE ISSUE GROUPS
footwear distributors and retailers of america,RETAIL SALES
ctr for children and youth justice,HUMAN RIGHTS
natl asian pacific american women’s forum,MINORITY & DISABILITY GROUPS
tranzmission,MISCELLANEOUS TRANSPORT
community fdn of south lake county,NONPROFIT INSTITUTIONS
public counsel’s ctr for veteran advancement,HEALTH & WELFARE POLICY
prosecutors against gun violence,OTHER/SINGLE ISSUE GROUPS
monitoring analytics,ELECTRIC UTILITIES
oca-asian pacific american advocates,MINORITY & DISABILITY GROUPS
natl school boards assn,EDUCATION
arizona petroleum marketers assn,OIL & GAS
precision biopsy,PHARMACEUTICALS & HEALTH PRODUCTS
accuracy in media,PRINTING & PUBLISHING
california yimby,OTHER/SINGLE ISSUE GROUPS
tucson abortion support collective,ABORTION POLICY
seed ip law grp llp,LAWYERS & LOBBYISTS
covenant network of presbyterians,CLERGY
childrens community health plan,INSURANCE
wind of the spirit immigrant resource ctr,OTHER/SINGLE ISSUE GROUPS
cvic lux master s.a.r.l.,INVESTMENT HOLDING COMPANIES
new york county defender services,CIVIL SERVANTS/PUBLIC OFFICIALS
tech data corporation,COMPUTER EQUIPMENT & SERVICES
partners for our children,OTHER/SINGLE ISSUE GROUPS
tumblr,COMPUTER EQUIPMENT & SERVICES
american board of forensic toxicology,HEALTH PROFESSIONALS
survive first,OTHER/SINGLE ISSUE GROUPS
brighton park neighborhood council,OTHER/SINGLE ISSUE GROUPS
legion brewing co.,"BEER, WINE & LIQUOR"
ahc,REAL ESTATE
bjc health care,HOSPITALS & NURSING HOMES
south asian bar assn of north america (saba-na),LAWYERS & LOBBYISTS
right on crime,OTHER/SINGLE ISSUE GROUPS
american assn of state colleges and universities,EDUCATION
tennessee education assn,PUBLIC SECTOR UNIONS
american college of medical genetics and genomics,HEALTH PROFESSIONALS
community alliance of tenants,OTHER/SINGLE ISSUE GROUPS
iowa assn of school boards,EDUCATION
maryland citizens’ health initiative,PRO-ENVIRONMENTAL POLICY
avenidas,WELFARE/SOCIAL WORK
new economy project (new york),OTHER/SINGLE ISSUE GROUPS
under armour,MISCELLANEOUS MANUFACTURING & DISTRIBUTING
scott hord ministries,CLERGY
compass family services,WELFARE/SOCIAL WORK
central united methodist church,CLERGY
founders’ first freedom,OTHER/SINGLE ISSUE GROUPS
benco dental supply company,PHARMACEUTICALS & HEALTH PRODUCTS
women of reform judaism,WOMEN'S ISSUES
brazos valley financial fitness ctr (texas),MISCELLANEOUS FINANCE
greenlyne,MISCELLANEOUS MANUFACTURING & DISTRIBUTING
immigration law and justice network,LAWYERS & LOBBYISTS
obed watershed community assn,PRO-ENVIRONMENTAL POLICY
north carolina public interest research grp citizen lobby,CONSUMER GROUPS
rainbow railroad,OTHER/SINGLE ISSUE GROUPS
healthcare assn of hawaii,HOSPITALS & NURSING HOMES
cvi aa lux master s.a.r.l.,INVESTMENT HOLDING COMPANIES
new york state coalition against sexual assault,WOMEN'S ISSUES
vet voice fdn,OTHER/SINGLE ISSUE GROUPS
pennsylvania independent oil and gas assn,OIL & GAS
diálogo por puerto rico,OTHER/SINGLE ISSUE GROUPS
american psychoanalytic assn,HEALTH PROFESSIONALS
intl conference of evangelical chaplain endorsers,CLERGY
mountain states legal fdn,CONSERVATIVE POLICY ORGANIZATION
syria shriners,NONPROFIT INSTITUTIONS
north carolina ctr on actual innocence,OTHER/SINGLE ISSUE GROUPS
employee rights advocacy inst for law and policy,BUSINESS SERVICES
menominee indian tribe of wisconsin,TRIBAL GOVERNMENTS
ohio prosecuting attorneys assn,CIVIL SERVANTS/PUBLIC OFFICIALS
john locke fdn,CONSERVATIVE POLICY ORGANIZATION
coastal enterprises,BUSINESS SERVICES
burn pits 360,HEALTH & WELFARE POLICY
oklahoma farm bureau legal fdn and affiliated county farm bureaus,FARM BUREAU
owl creek i l.p.,REAL ESTATE
voices for illinois children,HUMAN RIGHTS
californians for homeownership,REAL ESTATE
pennsylvania family inst,CHRISTIAN CONSERVATIVE
oklahoma pharmacists assn,HEALTH PROFESSIONALS
gays against groomers,GAY/LESBIAN RIGHTS & ISSUES
taxpayers for honest elections,TAX ISSUES
patagonia,RETAIL SALES
restoring integrity and trust in elections,OTHER/SINGLE ISSUE GROUPS
altsean-burma,HUMAN RIGHTS
transohio,TRANSPORTATION UNIONS
trialcard,PHARMACEUTICALS & HEALTH PRODUCTS
vape element d/b/a blvk e-liquid,TOBACCO
intl union of police assn,PUBLIC SECTOR UNIONS
tohono o’odham nation,TRIBAL GOVERNMENTS
tradition family property,REAL ESTATE
armored cow brewing co.,"BEER, WINE & LIQUOR"
pueblo of santa clara,TRIBAL GOVERNMENTS
vapermate,TOBACCO
elephant circle,LIBERAL POLICY ORGANIZATION
women employed,WOMEN'S ISSUES
disability rights education and defense fund,MINORITY & DISABILITY GROUPS
bend the arc: a jewish partnership for justice,OTHER/SINGLE ISSUE GROUPS
beer inst,"BEER, WINE & LIQUOR"
elliot inst,OTHER/SINGLE ISSUE GROUPS
florida asian services,BUSINESS SERVICES
california applicants’ attorneys assn,LAWYERS & LOBBYISTS
natl assn of nurse practitioners in women’s health,HEALTH PROFESSIONALS
two kingdoms ministry,CLERGY
agribusiness and water council of arizona,AGRICULTURAL SERVICES & PRODUCTS
rhode island trucking assn,TRUCKING
arizona trucking assn,TRUCKING
greater houston fair housing ctr,OTHER/SINGLE ISSUE GROUPS
moms for liberty,OTHER/SINGLE ISSUE GROUPS
union square ventures,SECURITIES & INVESTMENT
fair immigration reform movement,OTHER/SINGLE ISSUE GROUPS
maine conservation voters,PRO-ENVIRONMENTAL POLICY
hygiene4all,OTHER/SINGLE ISSUE GROUPS
san francisco taxpayers assn,TAX ISSUES
year up,EDUCATION
westchester community fdn,NONPROFIT INSTITUTIONS
ctr for renewing america,CONSERVATIVE POLICY ORGANIZATION
california tribal chairpersons’ assn,TRIBAL GOVERNMENTS
american medical women’s assn,HEALTH PROFESSIONALS
community legal services in east palo alto,LAWYERS & LOBBYISTS
united states intelligence council,CIVIL SERVANTS/PUBLIC OFFICIALS
devereux ctr,HOSPITALS & NURSING HOMES
asian real estate assn of america,REAL ESTATE
united catcher boats assn,COMMERCIAL FISHING
xavier university of louisiana,EDUCATION
idaho freedom action,CONSERVATIVE POLICY ORGANIZATION
mha nation,TRIBAL GOVERNMENTS
equal voice network,WOMEN'S ISSUES
computing technology industry assn,COMPUTER EQUIPMENT & SERVICES
philanthropy ohio,NONPROFIT INSTITUTIONS
community health ctr alliance for patient access,HEALTH SERVICES
sierra health fdn,HOSPITALS & NURSING HOMES
downtown spokane development assn,BUSINESS SERVICES
amerihealth caritas north carolina,INSURANCE
logitech,ELECTRONICS MANUFACTURING & SERVICES
target,RETAIL SALES
montana innocence project,OTHER/SINGLE ISSUE GROUPS
natl consumer law ctr,CONSUMER GROUPS
mississippi coalition against domestic violence,OTHER/SINGLE ISSUE GROUPS
idaho republican party,PARTY COMMITTEES
woc,MINORITY & DISABILITY GROUPS
swanbio therapeutics,PHARMACEUTICALS & HEALTH PRODUCTS
charles hamilton houston inst for race and justice,OTHER/SINGLE ISSUE GROUPS
mental health advocacy services,HEALTH SERVICES
housing rights comm of sf,OTHER/SINGLE ISSUE GROUPS
directorio democratico cubano,OTHER/SINGLE ISSUE GROUPS
dignity alliance massachusetts,OTHER/SINGLE ISSUE GROUPS
orbital research,DEFENSE AEROSPACE
doctors opposing circumcision (d.o.c),OTHER/SINGLE ISSUE GROUPS
indiana coalition against domestic violence,OTHER/SINGLE ISSUE GROUPS
northern yearly meeting of the religious soc of friends,CLERGY
jewish orthodox feminist alliance,OTHER/SINGLE ISSUE GROUPS
southern education fdn,EDUCATION
soc for maternal-fetal medicine,HEALTH PROFESSIONALS
prescient surgical,PHARMACEUTICALS & HEALTH PRODUCTS
citizens equal rights fdn,OTHER/SINGLE ISSUE GROUPS
american natl standards inst,MISCELLANEOUS SERVICES
chargepoint,MISCELLANEOUS ENERGY & NATURAL RESOURCES
ctr for defense of free enterprise,CONSERVATIVE POLICY ORGANIZATION
minnesota state colleges and universities,EDUCATION
antiochian orthodox christian archdiocese of north america,CLERGY
small property owners of san francisco inst,REAL ESTATE
usij,OTHER/SINGLE ISSUE GROUPS
marsh and mclennan companies,INSURANCE
cvic ii lux master s.a.r.l.,INVESTMENT HOLDING COMPANIES
demos,LIBERAL POLICY ORGANIZATION
inland empire health plan,HEALTH SERVICES
catholic charities of the archdiocese of new york,WELFARE/SOCIAL WORK
oregon firearms fed,GUN CONTROL
advocates for basic legal equality,LAWYERS & LOBBYISTS
minnesota assn of school administrators,EDUCATION
san francisco baykeeper,PRO-ENVIRONMENTAL POLICY
silkiss eye surgery,HEALTH PROFESSIONALS
biotechnology innovation org,PHARMACEUTICALS & HEALTH PRODUCTS
indiana community action poverty inst,OTHER/SINGLE ISSUE GROUPS
kaiser fdn health plan,HEALTH SERVICES
little sisters of the poor saints peter and paul home,HOSPITALS & NURSING HOMES
food chain workers alliance,GENERAL TRADE UNIONS
q-wave,PHARMACEUTICALS & HEALTH PRODUCTS
inst for energy economics and financial analysis,MISCELLANEOUS ENERGY & NATURAL RESOURCES
boston university,EDUCATION
albany county crime victim and sexual violence ctr,OTHER/SINGLE ISSUE GROUPS
american veterans,MILITARY
safe alliance,OTHER/SINGLE ISSUE GROUPS
natl defender investigation assn,LAWYERS & LOBBYISTS
west virginia prosecuting attorneys inst,CIVIL SERVANTS/PUBLIC OFFICIALS
idaho conservation league,PRO-ENVIRONMENTAL POLICY
clemente properties,REAL ESTATE
greater indianapolis multifaith alliance,CLERGY
careoregon,HEALTH SERVICES
wisconsin judicare dba judicare legal aid,LAWYERS & LOBBYISTS
catholic conferences of michigan,CLERGY
countycare,HEALTH SERVICES
joan watke stacy p.c. l.l.o.,LAWYERS & LOBBYISTS
tempus collaborative,HEALTH SERVICES
women lawyers assn of los angeles,LAWYERS & LOBBYISTS
rhites (reproductive health initiative for telehealth equity and solutions),HEALTH SERVICES
kansas coalition against sexual and domestic violence,OTHER/SINGLE ISSUE GROUPS
cleveland lawyers for life,ABORTION POLICY
ghp management corporation,HEALTH SERVICES
conservatives for property rights,OTHER/SINGLE ISSUE GROUPS
endocrine soc,HEALTH PROFESSIONALS
pro-life legal defense fund,ABORTION POLICY
tyndale house publishers,PRINTING & PUBLISHING
coastal alabama partnership,PRO-ENVIRONMENTAL POLICY
teamsters joint council 7,TRANSPORTATION UNIONS
aapi new jersey,MINORITY & DISABILITY GROUPS
unity health care,HEALTH SERVICES
hispanic assn of colleges and universities,EDUCATION
legal aid at work,LAWYERS & LOBBYISTS
natl assn of waterfront employers,SEA TRANSPORT
houston women’s march on,WOMEN'S ISSUES
indiana trial lawyers assn,LAWYERS & LOBBYISTS
project community connections,OTHER/SINGLE ISSUE GROUPS
columbia gas transmission,OIL & GAS
metropolitan st. louis equal housing opportunity council,OTHER/SINGLE ISSUE GROUPS
california medical assn,HEALTH PROFESSIONALS
health ctr assn of nebraska,HEALTH SERVICES
washington lawyers’ comm for civil rights and urban affairs,LAWYERS & LOBBYISTS
woodhull freedom fdn,OTHER/SINGLE ISSUE GROUPS
american benefits council,"MISCELLANEOUS FINANCE, INSURANCE & REAL ESTATE"
dear asian youth,MINORITY & DISABILITY GROUPS
florida voice for the unborn,ABORTION POLICY
aleph inst,NONPROFIT INSTITUTIONS
lionheart construction,GENERAL CONTRACTORS
respect together,OTHER/SINGLE ISSUE GROUPS
atlantic basin refining,OIL & GAS
comisión colombiana de juristas,LAWYERS & LOBBYISTS
west virginia hospital assn,HOSPITALS & NURSING HOMES
richmond district democratic club,LIBERAL POLICY ORGANIZATION
mercy for animals,ANIMAL RIGHTS
stop the sweeps seattle,OTHER/SINGLE ISSUE GROUPS
legal aid soc of cleveland,LAWYERS & LOBBYISTS
natl alliance on mental illness,HEALTH & WELFARE POLICY
rakontur,TV & MOVIE PRODUCTION/DISTRIBUTION
natl lawyers guild mass incarceration comm,LAWYERS & LOBBYISTS
natl assn of consumer bankruptcy attorneys,LAWYERS & LOBBYISTS
florida juvenile resentencing and review project,OTHER/SINGLE ISSUE GROUPS
lsa family health service,HEALTH SERVICES
u.s. public interest research grp,CONSUMER GROUPS
prime healthcare,HOSPITALS & NURSING HOMES
friends of the rappahannock,PRO-ENVIRONMENTAL POLICY
north star fishing company,COMMERCIAL FISHING
minnesota coalition against sexual assault,OTHER/SINGLE ISSUE GROUPS
john q. hammons hotels and resorts,LODGING & TOURISM
penn state health,HOSPITALS & NURSING HOMES
desert research inst,NONPROFIT INSTITUTIONS
bpla,PRO-ENVIRONMENTAL POLICY
assn for american innovation,COMPUTER EQUIPMENT & SERVICES
immigrant law ctr of minnesota,LAWYERS & LOBBYISTS
north carolina pork council,LIVESTOCK
consortium of universities of the washington metropolitan area,EDUCATION
davenport,LAWYERS & LOBBYISTS
community against violence,OTHER/SINGLE ISSUE GROUPS
semiconductor components industries,ELECTRONICS MANUFACTURING & SERVICES
texas oncology pa,HEALTH PROFESSIONALS
winthrop ctr friends church,CLERGY
current and former election administrators,CIVIL SERVANTS/PUBLIC OFFICIALS
honeybee health,AGRICULTURAL SERVICES & PRODUCTS
public accountability,OTHER/SINGLE ISSUE GROUPS
middle rio grande conservancy district,CIVIL SERVANTS/PUBLIC OFFICIALS
natl troopers coalition,PUBLIC SECTOR UNIONS
fair housing resource ctr,OTHER/SINGLE ISSUE GROUPS
renfroe outdoor advertising,BUSINESS SERVICES
korean american assn of houston,MINORITY & DISABILITY GROUPS
opportunity scholarship fund,PUBLIC EDUCATION POLICY
facebook,COMPUTER EQUIPMENT & SERVICES
natl org for women-seattle chapter,WOMEN'S ISSUES
st. mary’s ctr,WELFARE/SOCIAL WORK
life insurance direct marketing assn,INSURANCE
hamilton lincoln law inst,CONSERVATIVE POLICY ORGANIZATION
chartered inst of patent attorneys,LAWYERS & LOBBYISTS
canisius college,EDUCATION
county road assn of michigan,CIVIL SERVANTS/PUBLIC OFFICIALS
intl electrotechnical commission,MISCELLANEOUS MANUFACTURING & DISTRIBUTING
public trust inst,PRO-ENVIRONMENTAL POLICY
rhode island homeless advocacy project,WELFARE/SOCIAL WORK
representus,OTHER/SINGLE ISSUE GROUPS
exoneration project chicago illinois,HUMAN RIGHTS
minnesota school boards assn,EDUCATION
pennsylvania southeast conference of the united church of christ,CLERGY
ctr for gender and refugee studies,WOMEN'S ISSUES
colorado mining assn,MINING
alliance of automobile manufacturers,AUTOMOTIVE
freedom leadership conference,MINORITY & DISABILITY GROUPS
project anar,HUMAN RIGHTS
u.s. term limits,OTHER/SINGLE ISSUE GROUPS
general dynamics corporation,DEFENSE AEROSPACE
lgbt bar assn of los angeles,GAY/LESBIAN RIGHTS & ISSUES
global action on gun violence,GUN CONTROL
iowa citizens for community improvement,LIBERAL POLICY ORGANIZATION
personal insurance fed of florida,INSURANCE
project sentinel,REAL ESTATE
farm aid,OTHER/SINGLE ISSUE GROUPS
unified solutions tribal community development grp,TRIBAL GOVERNMENTS
fair housing ctr of the greater palm beaches,OTHER/SINGLE ISSUE GROUPS
ex-muslims of north america,NONPROFIT INSTITUTIONS
ieee-usa,COMPUTER EQUIPMENT & SERVICES
dallas fort worth muslim bar assn,LAWYERS & LOBBYISTS
foundry,MISCELLANEOUS MANUFACTURING & DISTRIBUTING
lawyering project,LAWYERS & LOBBYISTS
breaking code silence,OTHER/SINGLE ISSUE GROUPS
members of the trust and estate planning bar in michigan,LAWYERS & LOBBYISTS
tzedek dc,OTHER/SINGLE ISSUE GROUPS
education deans for justice and equity,EDUCATION
intl consortium on female sport,WOMEN'S ISSUES
animal activist legal defense project,ANIMAL RIGHTS
community bible study,CHRISTIAN CONSERVATIVE
stop child predators,OTHER/SINGLE ISSUE GROUPS
vmware,COMPUTER EQUIPMENT & SERVICES
women lawyers on guard,LAWYERS & LOBBYISTS
pavey investments,SECURITIES & INVESTMENT
american soc of appraisers,REAL ESTATE
planned parenthood of greater texas surgical health services,ABORTION POLICY
voices for vermont’s children,OTHER/SINGLE ISSUE GROUPS
ctr for reproductive rights,ABORTION POLICY
minnesota interfaith coalition on immigration,OTHER/SINGLE ISSUE GROUPS
berklee college of music,EDUCATION
scharf-norton ctr for constitutional litigation at the goldwater inst,LAWYERS & LOBBYISTS
united ways of california,NONPROFIT INSTITUTIONS
tennessee valley coalition for the homeless,OTHER/SINGLE ISSUE GROUPS
natl assn of home builders,HOME BUILDERS
bellevue program for survivors of torture,WELFARE/SOCIAL WORK
john hancock,INSURANCE
cocoa merchants’ assn of america,FOOD PROCESSING & SALES
our lady’s montessori school,EDUCATION
virginia organizing,LIBERAL POLICY ORGANIZATION
youth law ctr,LAWYERS & LOBBYISTS
north dakota republican party,PARTY COMMITTEES
child evangelism fellowship,CLERGY
sugar creek brewing co.,"BEER, WINE & LIQUOR"
american physical therapy assn,HEALTH PROFESSIONALS
dkt liberty project,ABORTION POLICY
water systems council,WATER UTILITIES
global animal partnership,ANIMAL RIGHTS
tallwood venture capital,SECURITIES & INVESTMENT
xīn shēng | 心声 project,LIBERAL POLICY ORGANIZATION
city of hope,HOSPITALS & NURSING HOMES
reason for life,ABORTION POLICY
natl assn for rights protection and advocacy,OTHER/SINGLE ISSUE GROUPS
ctr for children’s law and policy,LAWYERS & LOBBYISTS
indiana republican party,PARTY COMMITTEES
habitat for humanity of oregon,OTHER/SINGLE ISSUE GROUPS
natl workrights inst,GENERAL TRADE UNIONS
malone university,EDUCATION
rainey ctr,LAWYERS & LOBBYISTS
long island hispanic bar assn,LAWYERS & LOBBYISTS
south carolina captive insurance assn,INSURANCE
lauder partners,INVESTMENT HOLDING COMPANIES
new ways ministry,CLERGY
amac action,CONSERVATIVE POLICY ORGANIZATION
southern wesleyan university,EDUCATION
9to5 natl assn of working women,WOMEN'S ISSUES
state pork producer assn of nebraska,LIVESTOCK
fed of protestant welfare agencies,NONPROFIT INSTITUTIONS
safe harbour,OTHER/SINGLE ISSUE GROUPS
advocates for child victims of domestic violence,HUMAN RIGHTS
renal physicians assn,HEALTH PROFESSIONALS
b.e. technology,COMPUTER EQUIPMENT & SERVICES
commercial law league of america,LAWYERS & LOBBYISTS
law offices of hiraide and takahashi,LAWYERS & LOBBYISTS
work and co.,BUSINESS SERVICES
alliance for catholic health care,HOSPITALS & NURSING HOMES
susan b. anthony list,ABORTION POLICY
eastern connecticut state university,EDUCATION
legal aid chicago,LAWYERS & LOBBYISTS
customs and intl trade assn,MISCELLANEOUS BUSINESS
technology network,COMPUTER EQUIPMENT & SERVICES
nevada state college,EDUCATION
iowa coalition against sexual assault,WOMEN'S ISSUES
asian american agriculture soc,MINORITY & DISABILITY GROUPS
hawaii transportation assn,MISCELLANEOUS TRANSPORT
high tech inventors alliance,BUSINESS SERVICES
portland rising tide,PRO-ENVIRONMENTAL POLICY
connecticut criminal defense attorneys assn,LAWYERS & LOBBYISTS
natl family violence law ctr at gw law,WOMEN'S ISSUES
soc for physician assistants in pediatrics,HEALTH PROFESSIONALS
boulder pregnancy resource ctr,ABORTION POLICY
latino commission on aids,MINORITY & DISABILITY GROUPS
centro regional de defensa de derechos humanos jose maria morelos y pavón a.c.,HUMAN RIGHTS
professional background screening assn,BUSINESS SERVICES
prairie island indian community,TRIBAL GOVERNMENTS
california independent petroleum assn,OIL & GAS
bulgarian eastern orthodox diocese of the usa canada and australia,CLERGY
indiana sheriffs’ assn,PUBLIC SECTOR UNIONS
desiree alliance,WELFARE/SOCIAL WORK
spotify usa,COMPUTER EQUIPMENT & SERVICES
marquette university,EDUCATION
edchoice,PUBLIC EDUCATION POLICY
kansas chamber of commerce,BUSINESS ASSOCIATIONS
natl sheriffs assn,PUBLIC SECTOR UNIONS
health plan of san joaquin,HEALTH SERVICES
healthy gulf,PRO-ENVIRONMENTAL POLICY
kansas motor carriers assn,TRUCKING
roughrider policy ctr,LIBERAL POLICY ORGANIZATION
usfn-america’s mortgage banking attorneys,REAL ESTATE
atlanta women for equality,WOMEN'S ISSUES
justice fdn,OTHER/SINGLE ISSUE GROUPS
montana women for. . .,WOMEN'S ISSUES
children’s action alliance,HUMAN RIGHTS
arkansas trucking assn,TRUCKING
california dui lawyers assn,LAWYERS & LOBBYISTS
california policy ctr,CONSERVATIVE POLICY ORGANIZATION
georgia psychological assn,HEALTH PROFESSIONALS
california housing defense fund,OTHER/SINGLE ISSUE GROUPS
nra civil rights defense fund,GUN CONTROL
university of portland,EDUCATION
siesta medical,HEALTH PROFESSIONALS
natl assn of pupil services administrators,EDUCATION
endowment for middle east truth,OTHER/SINGLE ISSUE GROUPS
gre downtowner,BUSINESS SERVICES
lesbian bisexual gay and transgender physician assistant caucus,HEALTH PROFESSIONALS
assn of educational service agencies,EDUCATION
mille lacs band of ojibwe,TRIBAL GOVERNMENTS
birth rights bar assn,LAWYERS & LOBBYISTS
360rize,MISCELLANEOUS MANUFACTURING & DISTRIBUTING
apiary,BUSINESS SERVICES
fh stanford investment holdings,INVESTMENT HOLDING COMPANIES
fasken oil and ranch,OIL & GAS
associazione per gli studi giuridici sull’immigrazione,OTHER/SINGLE ISSUE GROUPS
cedar park assembly of god of kirkland washington,CLERGY
federal public defender for the district of guam,CIVIL SERVANTS/PUBLIC OFFICIALS
child abduction lawyers assn,LAWYERS & LOBBYISTS
physicians against abuse,HEALTH PROFESSIONALS
partners in abortion care,ABORTION POLICY
michigan assn of county treasurers,CIVIL SERVANTS/PUBLIC OFFICIALS
inst of intl bankers,COMMERCIAL BANKS
salix pharmaceuticals,PHARMACEUTICALS & HEALTH PRODUCTS
ctr for popular democracy,LIBERAL POLICY ORGANIZATION
floor64 d/b/a the copia inst,OTHER/SINGLE ISSUE GROUPS
biogen,PHARMACEUTICALS & HEALTH PRODUCTS
lgbtq+ history assn,GAY/LESBIAN RIGHTS & ISSUES
new england muslim bar assn,LAWYERS & LOBBYISTS
american encore,CONSERVATIVE POLICY ORGANIZATION
black alliance for just immigration,MINORITY & DISABILITY GROUPS
natl assn of parents d/b/a parentsusa,OTHER/SINGLE ISSUE GROUPS
state pork producer assn of wisconsin,LIVESTOCK
maine indian tribal-state commission,TRIBAL GOVERNMENTS
not in my marine corps,OTHER/SINGLE ISSUE GROUPS
portfolio recovery associates,MISCELLANEOUS FINANCE
pacific research inst,CONSERVATIVE POLICY ORGANIZATION
american geriatrics soc,HEALTH PROFESSIONALS
university of texas system,EDUCATION
york county philippine american heritage council,MINORITY & DISABILITY GROUPS
public counsel,LAWYERS & LOBBYISTS
las vegas paiute tribe,TRIBAL GOVERNMENTS
maryland league of conservation voters,PRO-ENVIRONMENTAL POLICY
california change lawyers,LAWYERS & LOBBYISTS
regional task force on homelessness,OTHER/SINGLE ISSUE GROUPS
nm religious coalition for reproductive choice,OTHER/SINGLE ISSUE GROUPS
justice in aging,WELFARE/SOCIAL WORK
inventors assn of south central kansas,BUSINESS SERVICES
hp,COMPUTER EQUIPMENT & SERVICES
coalition for tj,OTHER/SINGLE ISSUE GROUPS
khawam ripka,LAWYERS & LOBBYISTS
intertribal warrior soc for children,TRIBAL GOVERNMENTS
magellan technology,COMPUTER EQUIPMENT & SERVICES
natl domestic violence hotline,WELFARE/SOCIAL WORK
academy of perinatal harm reduction,HEALTH PROFESSIONALS
ebay,COMPUTER EQUIPMENT & SERVICES
puerto rican bar assn,LAWYERS & LOBBYISTS
oakland university,EDUCATION
frederick k. cox intl law ctr,LAWYERS & LOBBYISTS
assn of american medical colleges,EDUCATION
intl corporate accountability roundtable,OTHER/SINGLE ISSUE GROUPS
long trail brewing co.,"BEER, WINE & LIQUOR"
inst for intellectual property and social justice,OTHER/SINGLE ISSUE GROUPS
state pork producer assn of michigan,LIVESTOCK
natl org for the reform of marijuana laws,MARIJUANA GROWERS & PRODUCT SALES
natl latino farmers and ranchers trade assn,AGRICULTURAL SERVICES & PRODUCTS
pacific press publishing assn,PRINTING & PUBLISHING
feminist women’s health ctr,HEALTH SERVICES
arrinex,PHARMACEUTICALS & HEALTH PRODUCTS
natl council on independent living,WELFARE/SOCIAL WORK
boston patent law assn,LAWYERS & LOBBYISTS
edwin a shumacher marine corps league detachment 740,MILITARY
online lenders alliance,FINANCE & CREDIT COMPANIES
natl consumer law ctr (on behalf of its low-income clients),CONSUMER GROUPS
sikh family ctr,CLERGY
seattle/king county coalition on homelessness,OTHER/SINGLE ISSUE GROUPS
catholic charities of la crosse,NONPROFIT INSTITUTIONS
women’s health specialists,HEALTH SERVICES
boise metro chamber of commerce,BUSINESS ASSOCIATIONS
central west justice ctr,OTHER/SINGLE ISSUE GROUPS
pennsylvania assn of community health ctr,HOSPITALS & NURSING HOMES
associazione casa della donna pisa,WOMEN'S ISSUES
north shore hematology-oncology associates p.c. d/b/a new york cancer and blood specialists,HEALTH PROFESSIONALS
campbell soup company,FOOD PROCESSING & SALES
tntp,EDUCATION
alliance brewing co.,"BEER, WINE & LIQUOR"
new hope family services,WELFARE/SOCIAL WORK
soboba band of luiseño indians,TRIBAL GOVERNMENTS
michigan state police troopers assn,PUBLIC SECTOR UNIONS
natl postal mail handlers union,GENERAL TRADE UNIONS
trophy brewing co.,"BEER, WINE & LIQUOR"
migrant rights initiative,OTHER/SINGLE ISSUE GROUPS
south dakota network against family violence and sexual assault,OTHER/SINGLE ISSUE GROUPS
american soc of composers authors and publishers,PRINTING & PUBLISHING
rio grande fdn,OTHER/SINGLE ISSUE GROUPS
south dakota farm bureau fed,FARM BUREAU
anglicans for life,ABORTION POLICY
muslim public affairs council,CLERGY
singing oaks church of christ,CLERGY
teen just-us,WELFARE/SOCIAL WORK
teach for america,EDUCATION
juniper networks,COMPUTER EQUIPMENT & SERVICES
richmond jewish alliance,MINORITY & DISABILITY GROUPS
curi agency,INSURANCE
current and former elected officials of the northern mariana islands,CIVIL SERVANTS/PUBLIC OFFICIALS
gsa network,OTHER/SINGLE ISSUE GROUPS
people’s justice council,OTHER/SINGLE ISSUE GROUPS
natl constitutional law union,OTHER/SINGLE ISSUE GROUPS
natl justice for our neighbors,LAWYERS & LOBBYISTS
marypirg citizen lobby (maryland),CONSUMER GROUPS
superior communications,TELECOM SERVICES & EQUIPMENT
community first health plans,INSURANCE
maine school superintendents assn,EDUCATION
fog pharmaceuticals,PHARMACEUTICALS & HEALTH PRODUCTS
mount st. joseph university,EDUCATION
aleph: alliance for jewish renewal,MINORITY & DISABILITY GROUPS
street spirit berkeley,PRINTING & PUBLISHING
stewards ministries,CLERGY
florida assn of criminal defense lawyers-miami chapter,LAWYERS & LOBBYISTS
new york state vapor assn,TOBACCO
atlassian,COMPUTER EQUIPMENT & SERVICES
auglaize county public defender,CIVIL SERVANTS/PUBLIC OFFICIALS
conseil de la transformation alimentaire du québec,FOOD PROCESSING & SALES
helping ourselves to transform,OTHER/SINGLE ISSUE GROUPS
american sexual health assn,PHARMACEUTICALS & HEALTH PRODUCTS
community ctr of houston,OTHER/SINGLE ISSUE GROUPS
kalayaan usa cultural ensemble,OTHER/SINGLE ISSUE GROUPS
dignityusa,GAY/LESBIAN RIGHTS & ISSUES
natl fed of the italian printed press,PRINTING & PUBLISHING
city of huntington beach,CIVIL SERVANTS/PUBLIC OFFICIALS
private citizen,CANDIDATE CONTRIBUTIONS
california rural legal assistance fdn,LAWYERS & LOBBYISTS
campari america,"BEER, WINE & LIQUOR"
york county conservative christian ctr,CHRISTIAN CONSERVATIVE
mount hermon assn,CLERGY
bioatla,PHARMACEUTICALS & HEALTH PRODUCTS
campaign for fair sentencing of youth,OTHER/SINGLE ISSUE GROUPS
higher purpose forum,CHRISTIAN CONSERVATIVE
vermont assn of criminal defense lawyers,LAWYERS & LOBBYISTS
palomino fund,HUNTING
rd legal finance,MISCELLANEOUS FINANCE
contrarian capital management,SECURITIES & INVESTMENT
comunidad judía de madrid,MINORITY & DISABILITY GROUPS
kentucky hospital assn,HOSPITALS & NURSING HOMES
new mexico assn of grantmakers,NONPROFIT INSTITUTIONS
amplify energy,OIL & GAS
hawai’i state coalition against domestic violence,OTHER/SINGLE ISSUE GROUPS
state farm bureau org of utah,INSURANCE
lush fresh handmade cosmetics,MISCELLANEOUS MANUFACTURING & DISTRIBUTING
ctr of the american experiment,CONSERVATIVE POLICY ORGANIZATION
zazzle,RETAIL SALES
thales dis ais deutschland,MISCELLANEOUS DEFENSE
natl consumers league,CONSUMER GROUPS
vermont assn of criminal defense attorneys,LAWYERS & LOBBYISTS
nagra kudelski grp,ELECTRONICS MANUFACTURING & SERVICES
cristo rey network,EDUCATION
ctia-the wireless assn,TELECOM SERVICES & EQUIPMENT
assn des éleveurs de canards et d’oies du québec,POULTRY & EGGS
interfaith alliance,CLERGY
beyond nuclear,PRO-ENVIRONMENTAL POLICY
lumen technologies,TELECOM SERVICES & EQUIPMENT
government finance officers assn,CIVIL SERVANTS/PUBLIC OFFICIALS
reed college,EDUCATION
servant fdn dba the signatry,MISCELLANEOUS SERVICES
natl minority aids council,HEALTH & WELFARE POLICY
hawaii rifle assn,GUN CONTROL
whole woman’s health alliance,ABORTION POLICY
university of dayton,EDUCATION
legal services nyc,CIVIL SERVANTS/PUBLIC OFFICIALS
indiana university,EDUCATION
breaking generational cycles,OTHER/SINGLE ISSUE GROUPS
better markets,SECURITIES & INVESTMENT
natl assn of federal defenders,CIVIL SERVANTS/PUBLIC OFFICIALS
arkansas hospital assn,HOSPITALS & NURSING HOMES
global outreach intl,CLERGY
goodson holdings,REAL ESTATE
next up,LIBERAL POLICY ORGANIZATION
policing project at new york university school of law,OTHER/SINGLE ISSUE GROUPS
children’s health defense,HUMAN RIGHTS
coalition of new jersey firearms owners,GUN CONTROL
vayla new orleans,WELFARE/SOCIAL WORK
carnegie mellon university,EDUCATION
sigma,GENERAL TRADE UNIONS
asian pacific american bar assn of los angeles county,LAWYERS & LOBBYISTS
afp-nw ohio chapter,CONSERVATIVE POLICY ORGANIZATION
natl ctr for learning disabilities,EDUCATION
tennessee hospital assn,HOSPITALS & NURSING HOMES
tahirih justice ctr,LAWYERS & LOBBYISTS
fines and fees justice ctr,OTHER/SINGLE ISSUE GROUPS
stand up michigan,LIBERAL POLICY ORGANIZATION
half acre beer co.,"BEER, WINE & LIQUOR"
good days,PHARMACEUTICALS & HEALTH PRODUCTS
washington state hospital assn,HOSPITALS & NURSING HOMES
ctr for taxpayer rights,TAX ISSUES
human rights initiative of north texas,HUMAN RIGHTS
protect democracy project,OTHER/SINGLE ISSUE GROUPS
veterans for fairness and merit,MILITARY
natl assn of pretrial services agencies,CIVIL SERVANTS/PUBLIC OFFICIALS
policy analysis ctr,LIBERAL POLICY ORGANIZATION
massachusetts nurses assn,HEALTH PROFESSIONALS
legal aid of nebraska,LAWYERS & LOBBYISTS
arkansas pharmacists assn,HEALTH PROFESSIONALS
southern ute indian tribe,TRIBAL GOVERNMENTS
lgb alliance usa,GAY/LESBIAN RIGHTS & ISSUES
nst global d/b/a sb tactical,MISCELLANEOUS MANUFACTURING & DISTRIBUTING
military-veterans advocacy,MILITARY
southeastern pennsylvania transportation authority,CIVIL SERVANTS/PUBLIC OFFICIALS
andrew goodman fdn,OTHER/SINGLE ISSUE GROUPS
natl comm for religious freedom,OTHER/SINGLE ISSUE GROUPS
jamestown friends meeting,CLERGY
ingram micro,ELECTRONICS MANUFACTURING & SERVICES
gateway health plan,INSURANCE
women’s housing equality and enhancement league,WOMEN'S ISSUES
lowville food pantry,WELFARE/SOCIAL WORK
retired police canine fdn,ANIMAL RIGHTS
alliance for justice,OTHER/SINGLE ISSUE GROUPS
rejoyce in jesus ministries,CLERGY
assn for community affiliated plans,INSURANCE
boston intellectual property law assn,LAWYERS & LOBBYISTS
aarp,OTHER/SINGLE ISSUE GROUPS
andy warhol fdn for the visual arts,NONPROFIT INSTITUTIONS
maxim integrated,ELECTRONICS MANUFACTURING & SERVICES
washington state sheriffs assn,PUBLIC SECTOR UNIONS
central alabama fair housing ctr,OTHER/SINGLE ISSUE GROUPS
capital post-conviction project of louisiana,OTHER/SINGLE ISSUE GROUPS
imperial county farm bureau,FARM BUREAU
student borrower protection ctr,EDUCATION
new york legal assistance grp,LAWYERS & LOBBYISTS
blds,MINING
owners’ counsel of america,LAWYERS & LOBBYISTS
permian basin petroleum assn,OIL & GAS
groundfish forum,COMMERCIAL FISHING
veterans strong community ctr,OTHER/SINGLE ISSUE GROUPS
wisdom intl: help2others,OTHER/SINGLE ISSUE GROUPS
christian brothers university,EDUCATION
north gila valley irrigation and drainage district,AGRICULTURAL SERVICES & PRODUCTS
wisconsin assn of christian schools,EDUCATION
brewery 85,"BEER, WINE & LIQUOR"
stockbridge munsee community,TRIBAL GOVERNMENTS
ywca binghamton and broome county,WOMEN'S ISSUES
arthritis fdn,HEALTH & WELFARE POLICY
american-arab anti-discrimination comm,MINORITY & DISABILITY GROUPS
ruth ellis ctr,WELFARE/SOCIAL WORK
public defender assn of iowa,CIVIL SERVANTS/PUBLIC OFFICIALS
mediajustice,OTHER/SINGLE ISSUE GROUPS
massachusetts housing and shelter alliance,OTHER/SINGLE ISSUE GROUPS
alabama ctr for law and liberty,OTHER/SINGLE ISSUE GROUPS
law enforcement legal defense fund,PUBLIC SECTOR UNIONS
new jersey alliance for immigrant justice,OTHER/SINGLE ISSUE GROUPS
washington state water resources assn,AGRICULTURAL SERVICES & PRODUCTS
pioneerlegal,LAWYERS & LOBBYISTS
housing and community development network of new jersey,OTHER/SINGLE ISSUE GROUPS
pennsylvania assn of criminal defense lawyers,LAWYERS & LOBBYISTS
natl lgbt bar assn,GAY/LESBIAN RIGHTS & ISSUES
salt and light council,CHRISTIAN CONSERVATIVE
bundesverband trans* e.v. (bvt*),GAY/LESBIAN RIGHTS & ISSUES
gansu chinese american assn,MINORITY & DISABILITY GROUPS
american independent natl comm,CONSERVATIVE POLICY ORGANIZATION
thermo fisher scientific,PHARMACEUTICALS & HEALTH PRODUCTS
colson ctr for christian worldview,CHRISTIAN CONSERVATIVE
procter and gamble company,CHEMICAL & RELATED MANUFACTURING
access connecticut now,OTHER/SINGLE ISSUE GROUPS
vapor technology assn,TOBACCO
organic consumers assn,PRO-ENVIRONMENTAL POLICY
mothers against drunk driving,OTHER/SINGLE ISSUE GROUPS
psychologists for social responsibility,HEALTH PROFESSIONALS
sos children’s villages usa,WELFARE/SOCIAL WORK
wild church,CLERGY
marymount university,EDUCATION
new florida majority,LIBERAL POLICY ORGANIZATION
texas criminal justice experts,CIVIL SERVANTS/PUBLIC OFFICIALS
brown initiative for policy,OTHER/SINGLE ISSUE GROUPS
ctr for media and democracy,LIBERAL POLICY ORGANIZATION
colorado coalition against sexual assault,WOMEN'S ISSUES
natl water resources assn,WATER UTILITIES
allegheny county employees’ retirement system,PUBLIC SECTOR UNIONS
freedom to read fdn,OTHER/SINGLE ISSUE GROUPS
push for empowered pregnancy,HEALTH & WELFARE POLICY
california trucking assn,TRUCKING
swinomish indian tribal community,TRIBAL GOVERNMENTS
textbook and academic authors assn,PRINTING & PUBLISHING
pennsylvania catholic conference,CLERGY
restoring liberty action comm,OTHER/SINGLE ISSUE GROUPS
american soc for legal history,LAWYERS & LOBBYISTS
turo,AUTOMOTIVE
project 21 black leadership network,CONSERVATIVE POLICY ORGANIZATION
legal counsel for youth and children,LAWYERS & LOBBYISTS
world vision,NONPROFIT INSTITUTIONS
internet creators,COMPUTER EQUIPMENT & SERVICES
california soc of entertainment lawyers,LAWYERS & LOBBYISTS
global indigenous council,TRIBAL GOVERNMENTS
micron technology,ELECTRONICS MANUFACTURING & SERVICES
law enforcement alliance of america,PUBLIC SECTOR UNIONS
livingwell medical clinic,HEALTH PROFESSIONALS
freefrom (california),OTHER/SINGLE ISSUE GROUPS
university of iowa,EDUCATION
cayman finance,"MISCELLANEOUS FINANCE, INSURANCE & REAL ESTATE"
montgomery county progressive asian american network (mocopaan),MINORITY & DISABILITY GROUPS
desmond nolan livaich and cunningham,LAWYERS & LOBBYISTS
south carolina manufacturers alliance,MISCELLANEOUS MANUFACTURING & DISTRIBUTING
mississippi public defenders assn,CIVIL SERVANTS/PUBLIC OFFICIALS
first baptist church dallas,CLERGY
better balance,WOMEN'S ISSUES
women for democracy in america,WOMEN'S ISSUES
college board,EDUCATION
natl parks conservation assn,PRO-ENVIRONMENTAL POLICY
central district consumer bankruptcy attorney assn,LAWYERS & LOBBYISTS
iowa county attorneys assn,CIVIL SERVANTS/PUBLIC OFFICIALS
democrats abroad,LIBERAL POLICY ORGANIZATION
natl fisheries inst,FOOD PROCESSING & SALES
sierra club,PRO-ENVIRONMENTAL POLICY
state farm bureau org of colorado,FARM BUREAU
roman catholic archdiocese of milwaukee,CLERGY
radio bilingüe,TV & MOVIE PRODUCTION/DISTRIBUTION
zipline medical,PHARMACEUTICALS & HEALTH PRODUCTS
inventors soc of south florida,BUSINESS SERVICES
priests for life,CLERGY
public employees for environmental responsibility,PRO-ENVIRONMENTAL POLICY
forge,GAY/LESBIAN RIGHTS & ISSUES
allagash brewing co.,"BEER, WINE & LIQUOR"
catholic bar assn,LAWYERS & LOBBYISTS
american assn for justice,LAWYERS & LOBBYISTS
open uk,OTHER/SINGLE ISSUE GROUPS
renown health,HOSPITALS & NURSING HOMES
hias pennsylvania,OTHER/SINGLE ISSUE GROUPS
american fed of labor and congress of industrial org,GENERAL TRADE UNIONS
natl hispanic leadership conference,CONSERVATIVE POLICY ORGANIZATION
minority corporate counsel assn,LAWYERS & LOBBYISTS
texas alliance for life,ABORTION POLICY
conservation law fdn,PRO-ENVIRONMENTAL POLICY
ibis reproductive health,ABORTION POLICY
american photographic artists,BUSINESS SERVICES
vanderbilt university medical ctr,HOSPITALS & NURSING HOMES
nortonlifelock,COMPUTER EQUIPMENT & SERVICES
vermont state rifle and pistol assn,GUN CONTROL
mash house brewing co.,"BEER, WINE & LIQUOR"
leadership council on child abuse and interpersonal violence,HUMAN RIGHTS
natl black justice coalition,GAY/LESBIAN RIGHTS & ISSUES
associazione le onde palermo,OTHER/SINGLE ISSUE GROUPS
north dakota states attorneys assn,CIVIL SERVANTS/PUBLIC OFFICIALS
wilderness soc,PRO-ENVIRONMENTAL POLICY
mountaintrue,PRO-ENVIRONMENTAL POLICY
rfsl ungdom,GAY/LESBIAN RIGHTS & ISSUES
legal service providers,LAWYERS & LOBBYISTS
southwest women’s law ctr,WOMEN'S ISSUES
reunite intl child abduction centre,OTHER/SINGLE ISSUE GROUPS
eagle forum,CHRISTIAN CONSERVATIVE
integrated concepts,SPECIAL TRADE CONTRACTORS
vecinos unidos,MINORITY & DISABILITY GROUPS
hi-wire brewing,"BEER, WINE & LIQUOR"
planet labs,COMPUTER EQUIPMENT & SERVICES
state chamber of oklahoma,BUSINESS ASSOCIATIONS
boston college,EDUCATION
reel peak,LODGING & TOURISM
cantor fitzgerald lp,SECURITIES & INVESTMENT
north american meat inst,FOOD PROCESSING & SALES
alameda county public defender,CIVIL SERVANTS/PUBLIC OFFICIALS
general assembly of the presbyterian church (u.s.a.),CLERGY
austin inst for the study of family and culture,CHRISTIAN CONSERVATIVE
colorado state legislators,CIVIL SERVANTS/PUBLIC OFFICIALS
new cures for cancers,PHARMACEUTICALS & HEALTH PRODUCTS
soc of the united methodist church,CLERGY
commercial finance assn,COMMERCIAL BANKS
florida electric power coordinating grp-environmental comm,ELECTRIC UTILITIES
columbia intl university,EDUCATION
yukon-kuskokwim health corporation,TRIBAL GOVERNMENTS
youth in need,WELFARE/SOCIAL WORK
gilead sciences,PHARMACEUTICALS & HEALTH PRODUCTS
after innocence,OTHER/SINGLE ISSUE GROUPS
fund for women artists dba womenarts,WOMEN'S ISSUES
student press law ctr,PRINTING & PUBLISHING
women’s basketball coaches assn,RECREATION & LIVE ENTERTAINMENT
materna medical,PHARMACEUTICALS & HEALTH PRODUCTS
harvard alumni for free speech,OTHER/SINGLE ISSUE GROUPS
wisconsin manufacturers and commerce,BUSINESS ASSOCIATIONS
natl assn of secondary school principals,EDUCATION
freedom x,GAY/LESBIAN RIGHTS & ISSUES
howard jarvis taxpayers assn,TAX ISSUES
freeport-mcmoran oil and gas,OIL & GAS
energy and environment legal inst,PRO-ENVIRONMENTAL POLICY
intl inst for conflict prevention and resolution,OTHER/SINGLE ISSUE GROUPS
child protection league,OTHER/SINGLE ISSUE GROUPS
black public defender assn,CIVIL SERVANTS/PUBLIC OFFICIALS
idaho innocence project,OTHER/SINGLE ISSUE GROUPS
georgia asylum and immigration network,OTHER/SINGLE ISSUE GROUPS
byrne goldenberg and hamilton pllc,LAWYERS & LOBBYISTS
mitchell gold + bob williams,MISCELLANEOUS MANUFACTURING & DISTRIBUTING
brigham young university,EDUCATION
experimental aircraft assn,AIR TRANSPORT
united way of metropolitan dallas (texas),NONPROFIT INSTITUTIONS
dri ctr for law and public policy,BUSINESS SERVICES
florida smoke free assn,HEALTH & WELFARE POLICY
intl trademark assn,BUSINESS SERVICES
reclaim,OTHER/SINGLE ISSUE GROUPS
sacramento kings,RECREATION & LIVE ENTERTAINMENT
102 south carolina legislators,CANDIDATE COMMITTEES
natl iranian american council,MINORITY & DISABILITY GROUPS
progressive turnout project,LIBERAL POLICY ORGANIZATION
major league baseball players assn,GENERAL TRADE UNIONS
independent book publishers assn,PRINTING & PUBLISHING
concerned women for america,CHRISTIAN CONSERVATIVE
kairos ctr for religions rights and social justice,OTHER/SINGLE ISSUE GROUPS
city of san clemente,CIVIL SERVANTS/PUBLIC OFFICIALS
buckeye power,ELECTRIC UTILITIES
isle of wight county humane soc,ANIMAL RIGHTS
intl code council,OTHER/SINGLE ISSUE GROUPS
oregon assn of hospitals and health systems,HOSPITALS & NURSING HOMES
business grp on health,INSURANCE
california federal defenders offices,CIVIL SERVANTS/PUBLIC OFFICIALS
bronx defenders,CIVIL SERVANTS/PUBLIC OFFICIALS
stand with us,OTHER/SINGLE ISSUE GROUPS
restorative action alliance,OTHER/SINGLE ISSUE GROUPS
new mexico public interest research grp fund,CONSUMER GROUPS
wild autumn,PHARMACEUTICALS & HEALTH PRODUCTS
christian business owners supporting religious freedom,CHRISTIAN CONSERVATIVE
natl autism soc of pittsburgh,HEALTH & WELFARE POLICY
meridian cacao,FOOD PROCESSING & SALES
evangelical council for financial accountability,NONPROFIT INSTITUTIONS
new tolerance campaign,OTHER/SINGLE ISSUE GROUPS
natl alliance to end sexual violence,OTHER/SINGLE ISSUE GROUPS
api equality-northern california,GAY/LESBIAN RIGHTS & ISSUES
oracle,COMPUTER EQUIPMENT & SERVICES
state farm bureaus of missouri,INSURANCE
sanctuary brewing co.,"BEER, WINE & LIQUOR"
kansas county and district attorneys assn,CIVIL SERVANTS/PUBLIC OFFICIALS
spark inst,EDUCATION
catholic charities of the diocese of arlington,CLERGY
south carolina water quality assn,SPECIAL TRADE CONTRACTORS
guilford college,EDUCATION
legal aid soc of san mateo county,LAWYERS & LOBBYISTS
korean assn of princes maryland,MINORITY & DISABILITY GROUPS
illinois juvenile defender resource ctr,LAWYERS & LOBBYISTS
native american journalist assn,PRINTING & PUBLISHING
religious action ctr of reform judaism,CLERGY
natl assn of counsel for children,HUMAN RIGHTS
rent stabilization assn of n.y.c.,REAL ESTATE
sea dog brewing co.,"BEER, WINE & LIQUOR"
american library assn,NONPROFIT INSTITUTIONS
abbvie,PHARMACEUTICALS & HEALTH PRODUCTS
natl small business assn,BUSINESS ASSOCIATIONS
runtime collective limited (d/b/a brandwatch),COMPUTER EQUIPMENT & SERVICES
wild west access fund of nevada,OTHER/SINGLE ISSUE GROUPS
bucknell university,EDUCATION
zioness,OTHER/SINGLE ISSUE GROUPS
natl council of young israel,OTHER/SINGLE ISSUE GROUPS
harris county public defender’s office,CIVIL SERVANTS/PUBLIC OFFICIALS
holocaust art restitution project,OTHER/SINGLE ISSUE GROUPS
parent leaders for accelerated curriculum and education-new york city,EDUCATION
intl assn for the protection of civilian gun rights,GUN CONTROL
unitedhealth grp,INSURANCE
world cocoa fdn,FOOD PROCESSING & SALES
brooklyn community fdn,NONPROFIT INSTITUTIONS
alamo community college district,EDUCATION
idaho hospital assn,HOSPITALS & NURSING HOMES
natl assn of chapter thirteen trustees,BANKS & LENDING INSTITUTIONS
prison policy initiative,OTHER/SINGLE ISSUE GROUPS
fastcase,LAWYERS & LOBBYISTS
poway weapons and gear,MISCELLANEOUS MANUFACTURING & DISTRIBUTING
natl ctr for youth law,LAWYERS & LOBBYISTS
new civil liberties alliance,OTHER/SINGLE ISSUE GROUPS
american free enterprise chamber of commerce,BUSINESS ASSOCIATIONS
avmed,INSURANCE
lutherans for life,ABORTION POLICY
natl partnership for new americans,OTHER/SINGLE ISSUE GROUPS
digital justice fdn,COMPUTER EQUIPMENT & SERVICES
intl non-profit org advocating for families impacted by gender dysphoria,OTHER/SINGLE ISSUE GROUPS
women’s alliance for theology ethics and ritual,WOMEN'S ISSUES
natl assn for public defense,LAWYERS & LOBBYISTS
janssen pharmaceuticals,PHARMACEUTICALS & HEALTH PRODUCTS
american exploration and mining assn,MINING
virginia museum of natural history fdn,NONPROFIT INSTITUTIONS
natl latina inst for reproductive health,WOMEN'S ISSUES
fort peck assiniboine and sioux tribes,TRIBAL GOVERNMENTS
natl industries for the blind,MISCELLANEOUS MANUFACTURING & DISTRIBUTING
woodstock inst (illinois),NONPROFIT INSTITUTIONS
bear river band of rohnerville rancheria,TRIBAL GOVERNMENTS
learning rights law ctr,LAWYERS & LOBBYISTS
agnes scott college,EDUCATION
columbia university,EDUCATION
rapid defense network,OTHER/SINGLE ISSUE GROUPS
innocence project london,OTHER/SINGLE ISSUE GROUPS
natl assn of manufacturers,MISCELLANEOUS MANUFACTURING & DISTRIBUTING
ironwood pharmaceuticals,PHARMACEUTICALS & HEALTH PRODUCTS
alaska trucking assn,TRUCKING
women’s march,WOMEN'S ISSUES
amida care,INSURANCE
alabama republican party,PARTY COMMITTEES
harrison chinese assn,MINORITY & DISABILITY GROUPS
competitive enterprise inst,CONSERVATIVE POLICY ORGANIZATION
pegasus fdn,NONPROFIT INSTITUTIONS
thomas more soc,CHRISTIAN CONSERVATIVE
sexual violence prevention assn,OTHER/SINGLE ISSUE GROUPS
med ctr health,HOSPITALS & NURSING HOMES
natl org for women fdn,WOMEN'S ISSUES
connecticut conference of municipalities,CIVIL SERVANTS/PUBLIC OFFICIALS
inst for racial justice research and advocacy,MINORITY & DISABILITY GROUPS
3keys,HOSPITALS & NURSING HOMES
black feminist future,WOMEN'S ISSUES
california water research,PRO-ENVIRONMENTAL POLICY
collateral consequences resource ctr,OTHER/SINGLE ISSUE GROUPS
genexine,PHARMACEUTICALS & HEALTH PRODUCTS
nokia of america corporation,ELECTRONICS MANUFACTURING & SERVICES
united philanthropy forum,NONPROFIT INSTITUTIONS
rentberry,REAL ESTATE
natl medical assn,HEALTH PROFESSIONALS
american lands council,PRO-ENVIRONMENTAL POLICY
lady veterans connect,GAY/LESBIAN RIGHTS & ISSUES
fresno american indian health project,TRIBAL GOVERNMENTS
florida carry,GUN CONTROL
durty bull brewing co.,"BEER, WINE & LIQUOR"
certain former commissioners of the american bankruptcy inst’s commission to study the reform of chapter 11,CIVIL SERVANTS/PUBLIC OFFICIALS
tivo corporation,ELECTRONICS MANUFACTURING & SERVICES
american academy of hiv medicine,HEALTH PROFESSIONALS
fl natl org for women (fl now),WOMEN'S ISSUES
connecticut hospital assn,HOSPITALS & NURSING HOMES
akebia therapeutics,PHARMACEUTICALS & HEALTH PRODUCTS
bimco (formerly the baltic and intl maritime council),SEA TRANSPORT
associated california loggers,FORESTRY & FOREST PRODUCTS
natl pain advocacy ctr,HEALTH PROFESSIONALS
crs master fund l.p.,SECURITIES & INVESTMENT
colectivo de abogados josé alvear restrepo,LAWYERS & LOBBYISTS
american trucking assn,TRUCKING
state farm bureau org of hawaii,INSURANCE
seattle mennonite church,CLERGY
church law inst,CLERGY
safebae,HEALTH SERVICES
bay area lawyers for individual freedom,LAWYERS & LOBBYISTS
natl assn of county veterans service officers,CIVIL SERVANTS/PUBLIC OFFICIALS
kentucky trucking assn,TRUCKING
day one new york,WELFARE/SOCIAL WORK
natl multiple sclerosis soc,HEALTH & WELFARE POLICY
natl assn for the advancement of colored people,MINORITY & DISABILITY GROUPS
u.s. women’s chamber of commerce,BUSINESS ASSOCIATIONS
italian forum on disability,MINORITY & DISABILITY GROUPS
kan-win,WOMEN'S ISSUES
natl children’s cancer soc,HEALTH & WELFARE POLICY
software and information industry assn,COMPUTER EQUIPMENT & SERVICES
march for life education and defense fund,ABORTION POLICY
natl municipal stormwater alliance,CIVIL SERVANTS/PUBLIC OFFICIALS
american assn of suicidology,HEALTH PROFESSIONALS
rhode island coalition against domestic violence,OTHER/SINGLE ISSUE GROUPS
independent council on women’s sport,WOMEN'S ISSUES
georgia innocence project,OTHER/SINGLE ISSUE GROUPS
global project against hate and extremism,OTHER/SINGLE ISSUE GROUPS
lawyers united,LAWYERS & LOBBYISTS
acushnet,RETAIL SALES
karamah,WOMEN'S ISSUES
identity digital,COMPUTER EQUIPMENT & SERVICES
natl jewish commission on law and public affairs,NONPROFIT INSTITUTIONS
tallac therapeutics,PHARMACEUTICALS & HEALTH PRODUCTS
inst on violence abuse and trauma,OTHER/SINGLE ISSUE GROUPS
glass jug beer lab,"BEER, WINE & LIQUOR"
small business and entrepreneurship council,BUSINESS ASSOCIATIONS
north seattle progressives,LIBERAL POLICY ORGANIZATION
itc holdings,ELECTRIC UTILITIES
public defender assn,CIVIL SERVANTS/PUBLIC OFFICIALS
conference of state bank supervisors,CIVIL SERVANTS/PUBLIC OFFICIALS
solomon r. guggenheim fdn,NONPROFIT INSTITUTIONS
mariposa fund,NONPROFIT INSTITUTIONS
excellence schools pa,EDUCATION
radiance fdn,NONPROFIT INSTITUTIONS
first look inst,NONPROFIT INSTITUTIONS
upstate forever,PRO-ENVIRONMENTAL POLICY
arizona ctr for empowerment,CONSERVATIVE POLICY ORGANIZATION
maryland elected officials,CIVIL SERVANTS/PUBLIC OFFICIALS
american conservative agenda,CONSERVATIVE POLICY ORGANIZATION
autistic women and nonbinary network,MINORITY & DISABILITY GROUPS
zachor legal inst,LAWYERS & LOBBYISTS
natl assn of counties,CIVIL SERVANTS/PUBLIC OFFICIALS
worldsource enterprises,BUSINESS SERVICES
retail industry leaders assn,RETAIL SALES
ctr for human rights and constitutional law,HUMAN RIGHTS
naleo educational fund,MINORITY & DISABILITY GROUPS
queer south asian collective community-boston,GAY/LESBIAN RIGHTS & ISSUES
hewlett packard enterprise company,COMPUTER EQUIPMENT & SERVICES
hope for all: helping others prosper economically,OTHER/SINGLE ISSUE GROUPS
intl refugee assistance project,OTHER/SINGLE ISSUE GROUPS
n.c. dental soc,HEALTH PROFESSIONALS
muslim legal fund of america,MISCELLANEOUS FINANCE
roman catholic diocese of biloxi,CLERGY
forcey christian school,EDUCATION
levi strauss and co.,MISCELLANEOUS MANUFACTURING & DISTRIBUTING
american public power assn,ELECTRIC UTILITIES
associazione artemisia firenze,WOMEN'S ISSUES
emerson college,EDUCATION
jobs with justice,GENERAL TRADE UNIONS
medtronic,PHARMACEUTICALS & HEALTH PRODUCTS
medical staff professionals,HEALTH PROFESSIONALS
red ventures,BUSINESS SERVICES
first focus on children,OTHER/SINGLE ISSUE GROUPS
learn4life,EDUCATION
asian pacific community in action,MINORITY & DISABILITY GROUPS
dri-lawyers representing business,LAWYERS & LOBBYISTS
solar junction,MISCELLANEOUS ENERGY
moving traditions,NONPROFIT INSTITUTIONS
central connecticut state university,EDUCATION
campus crusade for christ,CLERGY
strive asset management,SECURITIES & INVESTMENT
general synod of the united church of christ,CLERGY
denver nuggets,RECREATION & LIVE ENTERTAINMENT
natl tax lien assn,REAL ESTATE
consumer reports,CONSUMER GROUPS
euclid fiduciary,SECURITIES & INVESTMENT
intl sign assn,BUSINESS SERVICES
advance colorado inst,CONSERVATIVE POLICY ORGANIZATION
nonprofit alliance,NONPROFIT INSTITUTIONS
emory law school disabled law students assn,EDUCATION
end rape on campus,WOMEN'S ISSUES
citizens for community values,CHRISTIAN CONSERVATIVE
peopleforbikes fdn,OTHER/SINGLE ISSUE GROUPS
south carolina chamber of commerce,BUSINESS ASSOCIATIONS
hr policy assn,BUSINESS SERVICES
texas civil rights project,OTHER/SINGLE ISSUE GROUPS
123 victims of terrorist attacks,OTHER/SINGLE ISSUE GROUPS
alaska airlines,AIR TRANSPORT
anschutz exploration corporation,OIL & GAS
hoosier organic marketing education,CROP PRODUCTION & BASIC PROCESSING
federal administrative law judges conference,CIVIL SERVANTS/PUBLIC OFFICIALS
community housing improvement program,OTHER/SINGLE ISSUE GROUPS
council on state taxation,BUSINESS SERVICES
professional football wives for change,RECREATION & LIVE ENTERTAINMENT
leadership conference on civil and human rights,MINORITY & DISABILITY GROUPS
lao community ctr of wi,NONPROFIT INSTITUTIONS
real estate board of new york,REAL ESTATE
oneheartdc,OTHER/SINGLE ISSUE GROUPS
iowa inventors grp,BUSINESS SERVICES
unit b irrigation and drainage district,AGRICULTURAL SERVICES & PRODUCTS
privacy intl,OTHER/SINGLE ISSUE GROUPS
capital research ctr,CONSERVATIVE POLICY ORGANIZATION
central virginia chapter of the a. philip randolph inst,GENERAL TRADE UNIONS
worcester interfaith,OTHER/SINGLE ISSUE GROUPS
news guild-cwa,GENERAL TRADE UNIONS
william c. velasquez inst,LIBERAL POLICY ORGANIZATION
aleutian pribilof islands assn,TRIBAL GOVERNMENTS
cable television laboratories,TELECOM SERVICES & EQUIPMENT
fair housing ctr of central indiana,OTHER/SINGLE ISSUE GROUPS
gruppo indagine resistenza alla follia femminile ah !,OTHER/SINGLE ISSUE GROUPS
ikea retail us,RETAIL SALES
crime prevention research ctr,OTHER/SINGLE ISSUE GROUPS
catholic charities of northeast kansas,CLERGY
georgetown asian american student assn,EDUCATION
true colors,GAY/LESBIAN RIGHTS & ISSUES
internet accountability project,COMPUTER EQUIPMENT & SERVICES
arizona coalition to end sexual and domestic violence,OTHER/SINGLE ISSUE GROUPS
assn of prosecuting attorneys,CIVIL SERVANTS/PUBLIC OFFICIALS
gorman and company,REAL ESTATE
bank policy inst,COMMERCIAL BANKS
hope and help network,WELFARE/SOCIAL WORK
church of jesus christ of latter-day saints,CLERGY
rainn,OTHER/SINGLE ISSUE GROUPS
bader family fdn,NONPROFIT INSTITUTIONS
north dakota family alliance,CHRISTIAN CONSERVATIVE
streamline grp/mh global,MISCELLANEOUS MANUFACTURING & DISTRIBUTING
federal defenders of eastern washington,CIVIL SERVANTS/PUBLIC OFFICIALS
compasscare pregnancy services,ABORTION POLICY
n.c. retail merchants ass’n,RETAIL SALES
pride fund to end gun violence,GUN CONTROL
biola university,EDUCATION
general motors company,AUTOMOTIVE
american antitrust inst,OTHER/SINGLE ISSUE GROUPS
adoption firm,OTHER/SINGLE ISSUE GROUPS
williams college,EDUCATION
access of wny,HEALTH SERVICES
building owners and managers assn of oregon,REAL ESTATE
spca intl,ANIMAL RIGHTS
raikes fdn,PHARMACEUTICALS & HEALTH PRODUCTS
north carolina chamber legal inst,BUSINESS ASSOCIATIONS
council for dredging and marine construction safety,GENERAL CONTRACTORS
michelin north america,AUTOMOTIVE
ayuda,LAWYERS & LOBBYISTS
law enforcement action network,PUBLIC SECTOR UNIONS
front line defenders,HUMAN RIGHTS
ctr for long-term cybersecurity,COMPUTER EQUIPMENT & SERVICES
loyola university of chicago,EDUCATION
asian americans for equality,MINORITY & DISABILITY GROUPS
corning incorporated,MISCELLANEOUS MANUFACTURING & DISTRIBUTING
naacp,MINORITY & DISABILITY GROUPS
whistleblower law firm,LAWYERS & LOBBYISTS
natl retail fed,RETAIL SALES
twin leaf brewery,"BEER, WINE & LIQUOR"
pioneers-usa,CONSERVATIVE POLICY ORGANIZATION
needmore dolores,MINING
american ctr for law and justice,LAWYERS & LOBBYISTS
truck renting and leasing assn,AUTOMOTIVE
alaska miners assn,MINING
box,COMPUTER EQUIPMENT & SERVICES
hollywood now,GENERAL TRADE UNIONS
natl council of jewish women,WOMEN'S ISSUES
people’s mission coalition,WELFARE/SOCIAL WORK
associazione casa delle donne viareggio,WOMEN'S ISSUES
dc project fdn,WOMEN'S ISSUES
cortés filmworks,TV & MOVIE PRODUCTION/DISTRIBUTION
philadelphia asian and queer,MINORITY & DISABILITY GROUPS
comicmix,TV & MOVIE PRODUCTION/DISTRIBUTION
honest elections project,OTHER/SINGLE ISSUE GROUPS
oregon trucking assn,TRUCKING
new york state assn of criminal defense lawyers,LAWYERS & LOBBYISTS
alaska native women’s resource ctr,WOMEN'S ISSUES
strengthening nations,TRIBAL GOVERNMENTS
population assn of america,OTHER/SINGLE ISSUE GROUPS
lead by sales d/b/a white cloud cigarettes,TOBACCO
piton fdn,OTHER/SINGLE ISSUE GROUPS
wisconsin counties assn,CIVIL SERVANTS/PUBLIC OFFICIALS
liberty fellowship,CLERGY
james b. moran ctr for youth advocacy,HUMAN RIGHTS
catholic charities usa,CLERGY
northwest fair housing alliance,OTHER/SINGLE ISSUE GROUPS
raza development fund,MINORITY & DISABILITY GROUPS
american islamic congress,MINORITY & DISABILITY GROUPS
children’s defense fund-new york,HUMAN RIGHTS
oklahoma farm bureau legal fdn,FARM BUREAU
campus safety advocacy grp,OTHER/SINGLE ISSUE GROUPS
city of glendora,CIVIL SERVANTS/PUBLIC OFFICIALS
more light presbyterians,CLERGY
ctr for advanced spine technologies,PHARMACEUTICALS & HEALTH PRODUCTS
feminist majority fdn,WOMEN'S ISSUES
nucoat,CHEMICAL & RELATED MANUFACTURING
pinterest,COMPUTER EQUIPMENT & SERVICES
fund texas choice,ABORTION POLICY
centro de derechos humanos miguel agustín pro juárez a.c. (centro prodh),HUMAN RIGHTS
natl wildlife fed,PRO-ENVIRONMENTAL POLICY
public health law ctr,HEALTH & WELFARE POLICY
maricopa county republican comm,PARTY COMMITTEES
1889 inst,OTHER/SINGLE ISSUE GROUPS
public defender service for the district of columbia,CIVIL SERVANTS/PUBLIC OFFICIALS
xerox corporation,ELECTRONICS MANUFACTURING & SERVICES
james madison ctr for free speech,OTHER/SINGLE ISSUE GROUPS
lds business college,EDUCATION
natl assn of rights protection and advocacy,OTHER/SINGLE ISSUE GROUPS
shutterstock,BUSINESS SERVICES
sisters of st. francis of philadelphia,CLERGY
american soc for collective rights licensing,PRINTING & PUBLISHING
juvena therapeutics,PHARMACEUTICALS & HEALTH PRODUCTS
97percent,CHRISTIAN CONSERVATIVE
astia,BUSINESS SERVICES
altenburg construction,GENERAL CONTRACTORS
oman fasteners,MISCELLANEOUS MANUFACTURING & DISTRIBUTING
pennsylvania principals assn,EDUCATION
max and zach’s vapor shops,"BEER, WINE & LIQUOR"
trans world radio,TV & MOVIE PRODUCTION/DISTRIBUTION
fasd united,HEALTH & WELFARE POLICY
reserve org of america,SECURITIES & INVESTMENT
sustainable marin,PRO-ENVIRONMENTAL POLICY
tapestry,"MISCELLANEOUS FINANCE, INSURANCE & REAL ESTATE"
ctr on children and families,HUMAN RIGHTS
central american refugee ctr (carecen-ny),MINORITY & DISABILITY GROUPS
fair housing ctr of northern alabama,OTHER/SINGLE ISSUE GROUPS
clause 40 fdn,OTHER/SINGLE ISSUE GROUPS
alabama district attorneys assn,CIVIL SERVANTS/PUBLIC OFFICIALS
family values @ work,OTHER/SINGLE ISSUE GROUPS
goodnow farms chocolate,FOOD PROCESSING & SALES
ctr for energy workforce development,MISCELLANEOUS ENERGY & NATURAL RESOURCES
christian appalachian project,NONPROFIT INSTITUTIONS
fujian assn of south usa,BUSINESS SERVICES
worksafe,GENERAL TRADE UNIONS
tennessee oncology pllc,HEALTH PROFESSIONALS
missouri school boards’ assn,EDUCATION
large urology grp practice assn,HEALTH PROFESSIONALS
providence heights,HOSPITALS & NURSING HOMES
new york assn of realtors,REAL ESTATE
somerton friends meeting,CLERGY
rights and accountability in development-raid,OTHER/SINGLE ISSUE GROUPS
derbecigs,GENERAL TRADE UNIONS
hawaii family forum,CHRISTIAN CONSERVATIVE
west virginia smoke free assn,HEALTH & WELFARE POLICY
resource ctr for independent living,WELFARE/SOCIAL WORK
road home dane county,OTHER/SINGLE ISSUE GROUPS
firearms policy fdn,GUN CONTROL
american soybean assn,CROP PRODUCTION & BASIC PROCESSING
residents and families of residents at homes of the little sisters of the poor,HOSPITALS & NURSING HOMES
housing clinic of jerome n. frank legal services org at yale law school,LAWYERS & LOBBYISTS
sexual violence law ctr,WOMEN'S ISSUES
palmetto state armory,MISCELLANEOUS MANUFACTURING & DISTRIBUTING
mode global,COMPUTER EQUIPMENT & SERVICES
art inst of chicago,EDUCATION
military officers assn of america,MILITARY
tea party patriots action,CONSERVATIVE POLICY ORGANIZATION
alliance san diego,OTHER/SINGLE ISSUE GROUPS
justice for our neighbors-north central texas,OTHER/SINGLE ISSUE GROUPS
natl council of insurance legislators,CIVIL SERVANTS/PUBLIC OFFICIALS
natl veterans legal services program,OTHER/SINGLE ISSUE GROUPS
building and realty inst of westchester and putnam counties,REAL ESTATE
libertarian party of louisiana,PARTY COMMITTEES
american soc for emergency contraception,PHARMACEUTICALS & HEALTH PRODUCTS
los angeles county police chiefs’ assn,PUBLIC SECTOR UNIONS
marketplace industry assn,BUSINESS SERVICES
oregon fuels assn,OIL & GAS
catholic mobilizing network,CLERGY
childrens museum of evansville,NONPROFIT INSTITUTIONS
grace (gender research advisory council and education),WOMEN'S ISSUES
u.s. manufacturer’s assn for development and enterprise,BUSINESS ASSOCIATIONS
southern assn of state departments of agriculture,CIVIL SERVANTS/PUBLIC OFFICIALS
secretaries’ innovation grp,CIVIL SERVANTS/PUBLIC OFFICIALS
st. john’s university,EDUCATION
new york life,INSURANCE
united community services of johnson county,OTHER/SINGLE ISSUE GROUPS
glma: health professionals advancing lgbtq equality,HEALTH PROFESSIONALS
act | the app assn,COMPUTER EQUIPMENT & SERVICES
smoke-free alternatives trade assn,PHARMACEUTICALS & HEALTH PRODUCTS
new jersey family fdn,OTHER/SINGLE ISSUE GROUPS
otoe-missouria tribe of indians,TRIBAL GOVERNMENTS
regional cancer care associates,HEALTH PROFESSIONALS
gateway community college,EDUCATION
think dignity,OTHER/SINGLE ISSUE GROUPS
san francisco museum of modern art,NONPROFIT INSTITUTIONS
minnesota hospital assn,HOSPITALS & NURSING HOMES
arista networks,COMPUTER EQUIPMENT & SERVICES
west virginians for life,ABORTION POLICY
eaton corporation,MISCELLANEOUS MANUFACTURING & DISTRIBUTING
abortion access hackathon,ABORTION POLICY
secondary materials and recycled textiles assn,MISCELLANEOUS MANUFACTURING & DISTRIBUTING
california charter schools assn,EDUCATION
christian care ministry,CLERGY
natl collegiate athletic assn,RECREATION & LIVE ENTERTAINMENT
wyoming prosecuting attorneys assn,CIVIL SERVANTS/PUBLIC OFFICIALS
disciples justice action network,CLERGY
pass era,WOMEN'S ISSUES
rocky mountain innocence ctr,OTHER/SINGLE ISSUE GROUPS
american inst of marine underwriters,INSURANCE
water,WATER UTILITIES
jane network,ABORTION POLICY
iowa natural heritage fdn,PRO-ENVIRONMENTAL POLICY
zed’s beer/bado brewing,"BEER, WINE & LIQUOR"
women and children’s ctr of the sierra,WELFARE/SOCIAL WORK
korte enterprises d/b/a korte tree care,SPECIAL TRADE CONTRACTORS
reproductive freedom fund of new hampshire,ABORTION POLICY
innocence project argentina,OTHER/SINGLE ISSUE GROUPS
natl indian gaming assn,GAMBLING & CASINOS
u.s. assn for the study of pain,PHARMACEUTICALS & HEALTH PRODUCTS
fair housing ctr of washington,OTHER/SINGLE ISSUE GROUPS
ad hoc healthcare grp,HEALTH SERVICES
independent electrical contractors,SPECIAL TRADE CONTRACTORS
call to safety,WELFARE/SOCIAL WORK
oasis-a haven for women and children,WELFARE/SOCIAL WORK
south carolina prosecuting attorneys assn,CIVIL SERVANTS/PUBLIC OFFICIALS
u.s. citizens for equal protection,OTHER/SINGLE ISSUE GROUPS
flavour art north american,CHEMICAL & RELATED MANUFACTURING
40 days for life,ABORTION POLICY
ctr for law and social policy,OTHER/SINGLE ISSUE GROUPS
american college of nurse-midwives,HEALTH PROFESSIONALS
sexual assault services org,WELFARE/SOCIAL WORK
enviolo,MISCELLANEOUS TRANSPORT
american lung assn,HEALTH & WELFARE POLICY
natl hispanic caucus of state legislators,MINORITY & DISABILITY GROUPS
natl assn of patent practitioners,LAWYERS & LOBBYISTS
western ctr on law and poverty,OTHER/SINGLE ISSUE GROUPS
aci-financial markets assn,SECURITIES & INVESTMENT
american property owners alliance,OTHER/SINGLE ISSUE GROUPS
north american energy standards board,MISCELLANEOUS ENERGY & NATURAL RESOURCES
k.a. snyder productions,TV & MOVIE PRODUCTION/DISTRIBUTION
people for the american way fdn,LIBERAL POLICY ORGANIZATION
mid-atlantic innocence project,OTHER/SINGLE ISSUE GROUPS
waterway advocates,PRO-ENVIRONMENTAL POLICY
california collaborative for immigrant justice,OTHER/SINGLE ISSUE GROUPS
haven of transylvania county,HOSPITALS & NURSING HOMES
innovateedu,EDUCATION
yale university,EDUCATION
choptank transport,TRUCKING
rental housing assn of washington,REAL ESTATE
public justice,LAWYERS & LOBBYISTS
brigham young university-hawaii,EDUCATION
natl assn of scholars,EDUCATION
airbnb,LODGING & TOURISM
montana mining assn,MINING
alaskan leader fisheries,COMMERCIAL FISHING
bethel friends meeting,CLERGY
davidsonians for freedom of thought and discourse,OTHER/SINGLE ISSUE GROUPS
kansas family voice,CHRISTIAN CONSERVATIVE
new jersey hospital assn,HOSPITALS & NURSING HOMES
texas alliance for patient access,HEALTH PROFESSIONALS
greater washington area chapter women lawyers div natl bar assn,LAWYERS & LOBBYISTS
alliance for cooperative energy services power marketing,ELECTRIC UTILITIES
asylum access méxico,OTHER/SINGLE ISSUE GROUPS
eli lilly and company,PHARMACEUTICALS & HEALTH PRODUCTS
american indian law professors,EDUCATION
washington assn of criminal defense lawyers,LAWYERS & LOBBYISTS
virginia civic engagement table,LIBERAL POLICY ORGANIZATION
copyright alliance,OTHER/SINGLE ISSUE GROUPS
central reform congregation,CLERGY
specialized carriers and rigging assn,TRUCKING
earthrights intl,PRO-ENVIRONMENTAL POLICY
freshwater land trust,PRO-ENVIRONMENTAL POLICY
pomona college,EDUCATION
everlasting light ministries,CLERGY
mi familia vota,MINORITY & DISABILITY GROUPS
cabrini university,EDUCATION
central assn for the blind and visually impaired,MINORITY & DISABILITY GROUPS
justice action ctr,OTHER/SINGLE ISSUE GROUPS
story syndicate,TV & MOVIE PRODUCTION/DISTRIBUTION
natl automobile dealers assn,AUTOMOTIVE
bbva usa,COMMERCIAL BANKS
california downtown assn,BUSINESS SERVICES
inari agriculture,AGRICULTURAL SERVICES & PRODUCTS
natl african american gun assn,GUN CONTROL
leading technology composites,PHARMACEUTICALS & HEALTH PRODUCTS
natl congress of black women,MINORITY & DISABILITY GROUPS
pennsylvania school boards assn,EDUCATION
freedom fdn of minnesota,CONSERVATIVE POLICY ORGANIZATION
natl railroad passenger corporation,RAILROADS
cornell free speech alliance,OTHER/SINGLE ISSUE GROUPS
shoshone-bannock tribes,TRIBAL GOVERNMENTS
fairplay,OTHER/SINGLE ISSUE GROUPS
albuquerque ctr for peace and justice,OTHER/SINGLE ISSUE GROUPS
colorado motor carriers assn,TRUCKING
west virginia innocence project,OTHER/SINGLE ISSUE GROUPS
becket fund for religious liberty,OTHER/SINGLE ISSUE GROUPS
ausberg luthern churches,CLERGY
gopro,MISCELLANEOUS MANUFACTURING & DISTRIBUTING
natl domestic workers alliance,GENERAL TRADE UNIONS
california fresh fruit assn,CROP PRODUCTION & BASIC PROCESSING
american right to life,ABORTION POLICY
womens sports fdn,WOMEN'S ISSUES
oglala sioux tribe,TRIBAL GOVERNMENTS
assn of medical device service org,PHARMACEUTICALS & HEALTH PRODUCTS
employers grp,INSURANCE
native american finance officers assn,TRIBAL GOVERNMENTS
natl juvenile justice network,HUMAN RIGHTS
gwinnett parent coalition to dismantle the school to prison pipeline (gwinnett stopp),OTHER/SINGLE ISSUE GROUPS
legal services of greater miami,LAWYERS & LOBBYISTS
family leader (iowa),CHRISTIAN CONSERVATIVE
dc primary care assn,HEALTH PROFESSIONALS
legal aid soc in new york city,LAWYERS & LOBBYISTS
providence community radio,TV & MOVIE PRODUCTION/DISTRIBUTION
connectcloud,COMPUTER EQUIPMENT & SERVICES
violence free colorado,OTHER/SINGLE ISSUE GROUPS
meredith corporation,PRINTING & PUBLISHING
wps health plan,INSURANCE
disability rights legal ctr,OTHER/SINGLE ISSUE GROUPS
virginia trucking assn,TRUCKING
abolish abortion arkansas,ABORTION POLICY
university of illinois,EDUCATION
transgender education network of texas,GAY/LESBIAN RIGHTS & ISSUES
law school admissions council,EDUCATION
intl city/county management assn,CIVIL SERVANTS/PUBLIC OFFICIALS
internet commerce assn,COMPUTER EQUIPMENT & SERVICES
vera inst of justice,OTHER/SINGLE ISSUE GROUPS
immigrants rising,MINORITY & DISABILITY GROUPS
chaplaincy endorsement commission of the christian churches and churches of christ,CLERGY
natl runaway safeline,WELFARE/SOCIAL WORK
voters not politicians,OTHER/SINGLE ISSUE GROUPS
ser jobs for progress natl,GENERAL TRADE UNIONS
ctr for consumer law and education,CONSUMER GROUPS
pretrial justice inst,OTHER/SINGLE ISSUE GROUPS
grand view university,EDUCATION
centro legal de la raza,LAWYERS & LOBBYISTS
energy transfer lp,OIL & GAS
housing alliance de,OTHER/SINGLE ISSUE GROUPS
peta fdn,ANIMAL RIGHTS
city on a hill legal ministry,CLERGY
united states catholic mission assn,CLERGY
fund for leadership equity access and diversity,OTHER/SINGLE ISSUE GROUPS
liquid labs,BUSINESS SERVICES
accrediting commission for community and junior colleges,EDUCATION
nebraska family alliance,CHRISTIAN CONSERVATIVE
save jobs usa,OTHER/SINGLE ISSUE GROUPS
coastal marine fund,SEA TRANSPORT
natl assn of reversionary property owners,REAL ESTATE
barnard college,EDUCATION
idaho coalition against sexual and domestic violence,WELFARE/SOCIAL WORK
ctr for community alternatives,OTHER/SINGLE ISSUE GROUPS
new way of life reentry project,OTHER/SINGLE ISSUE GROUPS
natl harm reduction coalition,OTHER/SINGLE ISSUE GROUPS
shalom ctr,OTHER/SINGLE ISSUE GROUPS
aclu of southern california,OTHER/SINGLE ISSUE GROUPS
utah captive insurance assn,INSURANCE
european automobile manufacturers’ assn,AUTOMOTIVE
equal justice u.s.a.,OTHER/SINGLE ISSUE GROUPS
nebraska vape vendors assn,TOBACCO
marion b. brechner first amendment project,OTHER/SINGLE ISSUE GROUPS
fuerzas unidas por nuestros desaparecidos en nuevo león,OTHER/SINGLE ISSUE GROUPS
stand u.p.,OTHER/SINGLE ISSUE GROUPS
dui defense lawyers assn,LAWYERS & LOBBYISTS
alaska family action,CHRISTIAN CONSERVATIVE
natl fed of democratic women,PARTY COMMITTEES
affordable food for all,OTHER/SINGLE ISSUE GROUPS
natl fallen officer fdn,PUBLIC SECTOR UNIONS
american academy of nursing,HEALTH PROFESSIONALS
apartment assn of los angeles county,REAL ESTATE
hopland band of pomo indians,TRIBAL GOVERNMENTS
penneast new jersey property owners,OTHER/SINGLE ISSUE GROUPS
associazione nazionale volontarie telefono rosa,WOMEN'S ISSUES
natl district attorneys assn,CIVIL SERVANTS/PUBLIC OFFICIALS
assn of art museum directors,NONPROFIT INSTITUTIONS
juno therapeutics,PHARMACEUTICALS & HEALTH PRODUCTS
arkansas assn of chiefs of police,PUBLIC SECTOR UNIONS
partnership to end gendered islamophobia,OTHER/SINGLE ISSUE GROUPS
united methodist church general board of church and soc,CLERGY
orthodox church in america,CLERGY
family-pac federal,CHRISTIAN CONSERVATIVE
meta platforms,COMPUTER EQUIPMENT & SERVICES
sewa intl usa,MINORITY & DISABILITY GROUPS
west virginia coal assn,MINING
natl public employer labor relations assn,PUBLIC SECTOR UNIONS
bad robot productions,TV & MOVIE PRODUCTION/DISTRIBUTION
natl council of jewish women greater new orleans section,WOMEN'S ISSUES
muslim justice league,MINORITY & DISABILITY GROUPS
chamber of progress,LIBERAL POLICY ORGANIZATION
angry tias and abuelas of the rio grande valley,OTHER/SINGLE ISSUE GROUPS
reproductive health access project,HEALTH SERVICES
asian pacific american network of oregon,MINORITY & DISABILITY GROUPS
clarkwestern dietrich building systems,BUILDING MATERIALS & EQUIPMENT
mental health america,HEALTH & WELFARE POLICY
modern military assn of america,GAY/LESBIAN RIGHTS & ISSUES
pacific seafood processors assn,FOOD & BEVERAGE
allergy and asthma network,HEALTH PROFESSIONALS
wyoming equality,GAY/LESBIAN RIGHTS & ISSUES
natl childrens cancer soc,HEALTH & WELFARE POLICY
natl alliance to end homelessness,OTHER/SINGLE ISSUE GROUPS
palmetto promise inst,CONSERVATIVE POLICY ORGANIZATION
emerald river view development,REAL ESTATE
american assn for the advancement of science,PHARMACEUTICALS & HEALTH PRODUCTS
mpa-the assn of magazine media,PRINTING & PUBLISHING
republican governors assn,PARTY COMMITTEES
cleveland jobs with justice,GENERAL TRADE UNIONS
roderick and solange macarthur justice ctr,OTHER/SINGLE ISSUE GROUPS
florida trucking assn,TRUCKING
coalition for free and open elections,OTHER/SINGLE ISSUE GROUPS
ctr for equal opportunity,MINORITY & DISABILITY GROUPS
al otro lado,LAWYERS & LOBBYISTS
tunica-biloxi tribe of louisiana,TRIBAL GOVERNMENTS
college art assn,EDUCATION
field ctr for children’s policy practice and research,WELFARE/SOCIAL WORK
natl real estate investors assn,REAL ESTATE
asylum seeker advocacy project,OTHER/SINGLE ISSUE GROUPS
illinois inst of technology,EDUCATION
tribal law and policy inst,TRIBAL GOVERNMENTS
viiv healthcare company,PHARMACEUTICALS & HEALTH PRODUCTS
scott and white health plan,INSURANCE
patient-centered outcomes research inst,HEALTH & WELFARE POLICY
fred t. korematsu ctr for law and equality,OTHER/SINGLE ISSUE GROUPS
veterans for peace,OTHER/SINGLE ISSUE GROUPS
west virginia family policy council,CHRISTIAN CONSERVATIVE
pure storage,COMPUTER EQUIPMENT & SERVICES
natl league of cities,CIVIL SERVANTS/PUBLIC OFFICIALS
san francisco pre-trial diversion project,OTHER/SINGLE ISSUE GROUPS
physicians for human rights,HEALTH PROFESSIONALS
confederated tribes of the chehalis reservation,TRIBAL GOVERNMENTS
eastern shoshone tribe of the wind river reservation wyoming,TRIBAL GOVERNMENTS
ysc consulting,BUSINESS SERVICES
millburn short hills chinese assn,MINORITY & DISABILITY GROUPS
pine cove,NONPROFIT INSTITUTIONS
natl native american bar assn,LAWYERS & LOBBYISTS
maryland inst college of art,EDUCATION
safe havens interfaith partnership against domestic violence,OTHER/SINGLE ISSUE GROUPS
florida consumer action network,CONSUMER GROUPS
forsight labs,PHARMACEUTICALS & HEALTH PRODUCTS
high plains fair housing ctr north dakota,OTHER/SINGLE ISSUE GROUPS
make america free again,LIBERAL POLICY ORGANIZATION
selecthealth,INSURANCE
utility air regulatory grp,ELECTRIC UTILITIES
natl alliance for partnerships in equity,WOMEN'S ISSUES
mayer brown llp,LAWYERS & LOBBYISTS
natl assn for latino community asset builders,SECURITIES & INVESTMENT
natl rural letter carriers’ assn,TRANSPORTATION UNIONS
chicago alliance against sexual exploitation,OTHER/SINGLE ISSUE GROUPS
housatonic community college,EDUCATION
kentucky league of cities,CIVIL SERVANTS/PUBLIC OFFICIALS
professional liability underwriting soc,INSURANCE
american booksellers assn,RETAIL SALES
christian community fdn dba waterstone,NONPROFIT INSTITUTIONS
parentunion.org,OTHER/SINGLE ISSUE GROUPS
intercessors for america,CHRISTIAN CONSERVATIVE
current and former california local elected officials,CIVIL SERVANTS/PUBLIC OFFICIALS
pet industry joint advisory council,AGRICULTURAL SERVICES & PRODUCTS
american petroleum inst,OIL & GAS
sandp global,SECURITIES & INVESTMENT
soc of laparoscopic and robotic surgeons,HEALTH PROFESSIONALS
natl network to end domestic violence,OTHER/SINGLE ISSUE GROUPS
council for american private education,EDUCATION
malka films,TV & MOVIE PRODUCTION/DISTRIBUTION
council of graduate schools,EDUCATION
generation vote,OTHER/SINGLE ISSUE GROUPS
pennsylvania immigration and citizenship coalition,OTHER/SINGLE ISSUE GROUPS
missouri chamber of commerce and industry,BUSINESS ASSOCIATIONS
intl soc for animal rights,ANIMAL RIGHTS
virginia smoke free assn,HEALTH & WELFARE POLICY
civil rights cold case records grp,OTHER/SINGLE ISSUE GROUPS
natl assn of basketball coaches,RECREATION & LIVE ENTERTAINMENT
creating law enforcement accountability and responsibility project,OTHER/SINGLE ISSUE GROUPS
project for public spaces,OTHER/SINGLE ISSUE GROUPS
minnesota assn of county officers,CIVIL SERVANTS/PUBLIC OFFICIALS
united states navy victims’ legal counsel program,CIVIL SERVANTS/PUBLIC OFFICIALS
assn of school business officials intl,EDUCATION
young americans for liberty,LIBERAL POLICY ORGANIZATION
new york times company,PRINTING & PUBLISHING
georgia river network,PRO-ENVIRONMENTAL POLICY
inst para las mujeres en la migración,WOMEN'S ISSUES
289 org,OTHER/SINGLE ISSUE GROUPS
partnership for new york city,BUSINESS SERVICES
minnesota indian women sexual assault coalition,TRIBAL GOVERNMENTS
ecological restoration business assn,ENVIRONMENTAL SERVICES & EQUIPMENT
grass roots north carolina,CONSERVATIVE POLICY ORGANIZATION
tax law ctr at nyu law,LAWYERS & LOBBYISTS
real estate advisors grp,REAL ESTATE
naacp legal defense and educational fund,MINORITY & DISABILITY GROUPS
sbh aandi,OTHER/SINGLE ISSUE GROUPS
washington john baptist church,CLERGY
intellectual property law assn of chicago,LAWYERS & LOBBYISTS
penn central conference of the united church of christ,CLERGY
sacramento homeless organizing comm,OTHER/SINGLE ISSUE GROUPS
warnermedia,TV & MOVIE PRODUCTION/DISTRIBUTION
apna ghar,OTHER/SINGLE ISSUE GROUPS
technology policy inst,COMPUTER EQUIPMENT & SERVICES
asylum defense project,OTHER/SINGLE ISSUE GROUPS
missouri rock island trail,OTHER/SINGLE ISSUE GROUPS
people power united,LIBERAL POLICY ORGANIZATION
montana logging assn,FORESTRY & FOREST PRODUCTS
childrens medical ctr health plan,INSURANCE
natl assn of letter carriers,TRANSPORTATION UNIONS
seattle indian health board,TRIBAL GOVERNMENTS
north american butterfly assn,PRO-ENVIRONMENTAL POLICY
reproductive justice action collective,ABORTION POLICY
asnuntuck community college,EDUCATION
purdue university,EDUCATION
water protector legal collective,OTHER/SINGLE ISSUE GROUPS
project for privacy and surveillance accountability,OTHER/SINGLE ISSUE GROUPS
rare breed triggers,GUN CONTROL
arizona attorneys for criminal justice,LAWYERS & LOBBYISTS
twenty-nine palms band of mission indians,TRIBAL GOVERNMENTS
american assn of pro-life obstetricians and gynecologists,HEALTH PROFESSIONALS
lawyers democracy fund,LAWYERS & LOBBYISTS
growth energy,MISCELLANEOUS ENERGY & NATURAL RESOURCES
nuns against gun violence,GUN CONTROL
rainbow health minnesota,HEALTH PROFESSIONALS
new saint andrews college,EDUCATION
howard and debbie jonas fdn,NONPROFIT INSTITUTIONS
assn of american indian physicians,HEALTH PROFESSIONALS
natl inst of family and life advocates,ABORTION POLICY
memphis community against pollution,PRO-ENVIRONMENTAL POLICY
futures without violence,OTHER/SINGLE ISSUE GROUPS
nevada coalition to end domestic and sexual violence,OTHER/SINGLE ISSUE GROUPS
docket alarm,LAWYERS & LOBBYISTS
global leadership network,NONPROFIT INSTITUTIONS
texas wholesale,MISCELLANEOUS BUSINESS
don’t waste michigan,PRO-ENVIRONMENTAL POLICY
miningwatch,PRO-ENVIRONMENTAL POLICY
i belong amen ministries,CLERGY
operation food search,FOOD PROCESSING & SALES
american conservative union fdn,CONSERVATIVE POLICY ORGANIZATION
era task force albuquerque chapter of now,WOMEN'S ISSUES
manchester innocence project,OTHER/SINGLE ISSUE GROUPS
senior care options,HOSPITALS & NURSING HOMES
asian law alliance,LAWYERS & LOBBYISTS
philadelphia yearly meeting of the religious soc of friends,CLERGY
ylsn distribution d/b/a happy distro,RETAIL SALES
ctr for constitutional rights,OTHER/SINGLE ISSUE GROUPS
loan payment administration,COMMERCIAL BANKS
natl rural education assn,EDUCATION
asian and pacific islander american health forum,MINORITY & DISABILITY GROUPS
dwaar chocolate,FOOD PROCESSING & SALES
lower brule sioux tribe,TRIBAL GOVERNMENTS
nurtured parent,WELFARE/SOCIAL WORK
pennsylvania district attorneys assn,CIVIL SERVANTS/PUBLIC OFFICIALS
fondazione famiglia materna,HOSPITALS & NURSING HOMES
constitution party natl comm,PARTY COMMITTEES
wyoming trucking assn,TRUCKING
american walnut manufacturers assn,BUILDING MATERIALS & EQUIPMENT
city of cambridge retirement system,"MISCELLANEOUS FINANCE, INSURANCE & REAL ESTATE"
next100,PRO-ENVIRONMENTAL POLICY
property and environment research ctr,PRO-ENVIRONMENTAL POLICY
intl campaign for tibet,OTHER/SINGLE ISSUE GROUPS
emmanuel college,EDUCATION
connecticut citizen action grp,CONSUMER GROUPS
faith wins,OTHER/SINGLE ISSUE GROUPS
access reproductive justice,ABORTION POLICY
klippensteins barristers and solicitors,LAWYERS & LOBBYISTS
healthpartners,HEALTH SERVICES
sumitomo mitsui banking corporation,COMMERCIAL BANKS
texas nurses assn,HEALTH PROFESSIONALS
minnesota timberwolves,RECREATION & LIVE ENTERTAINMENT
louisiana right to life fed,ABORTION POLICY
members of the texas senate,CIVIL SERVANTS/PUBLIC OFFICIALS
maryland municipal stormwater assn,CIVIL SERVANTS/PUBLIC OFFICIALS
cfl technologies,ELECTRIC UTILITIES
tennessee firearms fdn,GUN CONTROL
mississippi justice inst,OTHER/SINGLE ISSUE GROUPS
white earth band of ojibwe,TRIBAL GOVERNMENTS
goldentree asset management lp,SECURITIES & INVESTMENT
iowa farm bureau fed,FARM BUREAU
black cops against police brutality,PUBLIC SECTOR UNIONS
ctr on race inequality and the law,MINORITY & DISABILITY GROUPS
minnesota trucking assn,TRUCKING
ctr for family and human rights,CHRISTIAN CONSERVATIVE
ohio religious coalition for reproductive choice,CHRISTIAN CONSERVATIVE
responsive law,LAWYERS & LOBBYISTS
maine motor transport assn,TRUCKING
natl pro-life alliance,ABORTION POLICY
children’s defense fund,WELFARE/SOCIAL WORK
natl council for adoption,OTHER/SINGLE ISSUE GROUPS
tas energy,MISCELLANEOUS ENERGY & NATURAL RESOURCES
alabama criminal defense lawyers assn,LAWYERS & LOBBYISTS
mit free speech alliance,OTHER/SINGLE ISSUE GROUPS
south carolina medicaid practitioners,HEALTH PROFESSIONALS
assn of minnesota counties,CIVIL SERVANTS/PUBLIC OFFICIALS
idaho chooses life,ABORTION POLICY
arizona captive insurance assn,INSURANCE
assn of medical device reprocessors,PHARMACEUTICALS & HEALTH PRODUCTS
ln management,REAL ESTATE
network for public health law,LAWYERS & LOBBYISTS
pands legal advocacy pllc,LAWYERS & LOBBYISTS
ethics and public policy ctr,OTHER/SINGLE ISSUE GROUPS
roku,TV & MOVIE PRODUCTION/DISTRIBUTION
northwestern community college,EDUCATION
unicourt,LAWYERS & LOBBYISTS
counsel of prison locals c-33,PUBLIC SECTOR UNIONS
tennessee primary care assn,HEALTH PROFESSIONALS
union of reform judaism,CLERGY
american college of tax counsel,LAWYERS & LOBBYISTS
financial economists,SECURITIES & INVESTMENT
pennsylvania motor truck assn,TRUCKING
icircle care,HEALTH SERVICES
sixteenth amendment insights,OTHER/SINGLE ISSUE GROUPS
ctr for morality,CHRISTIAN CONSERVATIVE
new york state coalition against domestic violence,OTHER/SINGLE ISSUE GROUPS
confederated tribes of the warm springs reservation of oregon,TRIBAL GOVERNMENTS
aclu of north carolina,OTHER/SINGLE ISSUE GROUPS
st. edward’s university,EDUCATION
healthcare companies,HOSPITALS & NURSING HOMES
personhood alabama,ABORTION POLICY
culture reframed,OTHER/SINGLE ISSUE GROUPS
kansas farm bureau legal fdn,FARM BUREAU
impact partners,TV & MOVIE PRODUCTION/DISTRIBUTION
moxie films,TV & MOVIE PRODUCTION/DISTRIBUTION
business leagues,BUSINESS ASSOCIATIONS
stanley m. herzog charitable fdn,NONPROFIT INSTITUTIONS
state and local legal ctr,LAWYERS & LOBBYISTS
utah trucking assn,TRUCKING
lgbt+ denmark,GAY/LESBIAN RIGHTS & ISSUES
aimed alliance,HEALTH PROFESSIONALS
employers ass’n,BUSINESS SERVICES
moody bible inst of chicago,CLERGY
inst for faith and family,CHRISTIAN CONSERVATIVE
augustana college,EDUCATION
encore capital grp,SECURITIES & INVESTMENT
citygate network,WELFARE/SOCIAL WORK
americans for limited government,CONSERVATIVE POLICY ORGANIZATION
pallet pbc,MISCELLANEOUS MANUFACTURING & DISTRIBUTING
metropolitan milwaukee fair housing council,OTHER/SINGLE ISSUE GROUPS
chicago coalition for the homeless,OTHER/SINGLE ISSUE GROUPS
justice ctr of southeast massachusetts,OTHER/SINGLE ISSUE GROUPS
save our servicemembers,OTHER/SINGLE ISSUE GROUPS
libertarian party or michigan,PARTY COMMITTEES
natl fed of the blind,MINORITY & DISABILITY GROUPS
university of providence,EDUCATION
johns hopkins university,EDUCATION
associazione nosostras,OTHER/SINGLE ISSUE GROUPS
gray television,TV & MOVIE PRODUCTION/DISTRIBUTION
natl assn of federally-insured credit unions,CREDIT UNIONS
nevada inventors assn,"MISCELLANEOUS FINANCE, INSURANCE & REAL ESTATE"
natl org for marriage,CHRISTIAN CONSERVATIVE
siena heights university,EDUCATION
natl cancer assistance fdn,HEALTH & WELFARE POLICY
hill country class 3 d/b/a silencer shop,MISCELLANEOUS MANUFACTURING & DISTRIBUTING
fair count,OTHER/SINGLE ISSUE GROUPS
liga de ciudades de puerto rico,CIVIL SERVANTS/PUBLIC OFFICIALS
underwriters laboratories,INSURANCE
golden alaska seafoods,FOOD & BEVERAGE
silicon valley community fdn,NONPROFIT INSTITUTIONS
southeast michigan census council,OTHER/SINGLE ISSUE GROUPS
natl assn of criminal defense lawyers,LAWYERS & LOBBYISTS
presbyterian health plan,HEALTH SERVICES
kidsvoice,HUMAN RIGHTS
new york transgender advocacy grp,GAY/LESBIAN RIGHTS & ISSUES
mass liberation nevada,OTHER/SINGLE ISSUE GROUPS
greater richmond transit authority,CIVIL SERVANTS/PUBLIC OFFICIALS
asian american coalition for education,EDUCATION
intertrust technologies corporation,COMPUTER EQUIPMENT & SERVICES
right to life of michigan,ABORTION POLICY
assn of administrative law judges,CIVIL SERVANTS/PUBLIC OFFICIALS
election integrity project california,OTHER/SINGLE ISSUE GROUPS
weingart ctr assn,WELFARE/SOCIAL WORK
cornwall alliance for the stewardship of creation,PRO-ENVIRONMENTAL POLICY
natl border patrol council,PUBLIC SECTOR UNIONS
sisters in crime,OTHER/SINGLE ISSUE GROUPS
catholic legal immigration network,CLERGY
equality california,GAY/LESBIAN RIGHTS & ISSUES
minnesota county attorneys assn,CIVIL SERVANTS/PUBLIC OFFICIALS
natl education assn,PUBLIC SECTOR UNIONS
natl assn of mutual insurance companies,INSURANCE
partnership for america’s children,OTHER/SINGLE ISSUE GROUPS
kuac friends grp-npr,TV & MOVIE PRODUCTION/DISTRIBUTION
grace immigrant outreach,NONPROFIT INSTITUTIONS
music artists coalition,"BANDS, ORCHESTRAS & OTHER LIVE MUSIC PRODUCTION"
european ctr for constitutional and human rights,HUMAN RIGHTS
world peace through education fdn,OTHER/SINGLE ISSUE GROUPS
kentucky coal assn,MINING
amgen,PHARMACEUTICALS & HEALTH PRODUCTS
fraternal order of police united states park police labor comm,PUBLIC SECTOR UNIONS
united reserve fund,COMMERCIAL BANKS
constitutional government defense fund,OTHER/SINGLE ISSUE GROUPS
natl girls health and justice inst,WOMEN'S ISSUES
life issues inst,ABORTION POLICY
iowa primary care assn,HEALTH PROFESSIONALS
genspect,OTHER/SINGLE ISSUE GROUPS
latino lawyers assn of queens county,LAWYERS & LOBBYISTS
south asian americans leading together,MINORITY & DISABILITY GROUPS
washington civil and disability advocate,OTHER/SINGLE ISSUE GROUPS
san francisco giants,RECREATION & LIVE ENTERTAINMENT
central conference of american rabbis,CLERGY
bully project,OTHER/SINGLE ISSUE GROUPS
waking women healing inst,WELFARE/SOCIAL WORK
natl assn of sporting goods wholesalers,RETAIL SALES
linden research d/b/a linden lab,COMPUTER EQUIPMENT & SERVICES
united sikhs,CLERGY
coalition to abolish slavery and trafficking,HUMAN RIGHTS
young ctr for immigrant childrens rights,HUMAN RIGHTS
digdeep right to water project,OTHER/SINGLE ISSUE GROUPS
judicata,LAWYERS & LOBBYISTS
boc capital,REAL ESTATE
cougar den,GAMBLING & CASINOS
lourdes university,EDUCATION
keshet,OTHER/SINGLE ISSUE GROUPS
feeding america,WELFARE/SOCIAL WORK
r.j. reynolds vapor company,TOBACCO
united housing connections,REAL ESTATE
american soc of assn executives,MISCELLANEOUS SERVICES
intl court of arbitration of the intl chamber of commerce,CIVIL SERVANTS/PUBLIC OFFICIALS
oxfam america,OTHER/SINGLE ISSUE GROUPS
massachusetts chapter of the natl org for women,WOMEN'S ISSUES
steamboat springs pregnancy resource ctr,ABORTION POLICY
creative visions,ENVIRONMENTAL SERVICES & EQUIPMENT
virginia farm bureau,FARM BUREAU
student voice,EDUCATION
family heritage alliance,CHRISTIAN CONSERVATIVE
walk for life west coast,ABORTION POLICY
attorneys information exchange grp,LAWYERS & LOBBYISTS
dra entities,REAL ESTATE
orthoforum,HEALTH PROFESSIONALS
perdue premium meat company d/b/a niman ranch,LIVESTOCK
glassdoor,BUSINESS SERVICES
yoti,COMPUTER EQUIPMENT & SERVICES
tennessee smoke free assn,HEALTH & WELFARE POLICY
russell kirk ctr for cultural renewal,CONSERVATIVE POLICY ORGANIZATION
global labor justice-intl labor rights forum (glj-ilrf),GENERAL TRADE UNIONS
goldwater inst,CONSERVATIVE POLICY ORGANIZATION
college of the holy cross,EDUCATION
county treasurers assn of ohio,CIVIL SERVANTS/PUBLIC OFFICIALS
lewis and clark college,EDUCATION
utah county attorneys assn,CIVIL SERVANTS/PUBLIC OFFICIALS
natl coalition for literacy,EDUCATION
washington business properties assn,REAL ESTATE
israeli-american civic action network,MINORITY & DISABILITY GROUPS
louisiana motor transport assn,TRUCKING
american values,CHRISTIAN CONSERVATIVE
advocates for victims of illegal alien crime,OTHER/SINGLE ISSUE GROUPS
central delta water agency,AGRICULTURAL SERVICES & PRODUCTS
raleigh mennonite church,CLERGY
c12 grp,BUSINESS SERVICES
garden state equality,GAY/LESBIAN RIGHTS & ISSUES
american soc of gastrointestinal endoscopy,HEALTH PROFESSIONALS
project on fair representation,LIBERAL POLICY ORGANIZATION
gender justice,WOMEN'S ISSUES
nixon peabody llp,LAWYERS & LOBBYISTS
switch 4 good,FOOD PROCESSING & SALES
cornerstone policy research,CONSERVATIVE POLICY ORGANIZATION
interact: advocates for intersex youth,GAY/LESBIAN RIGHTS & ISSUES
utah tribal relief fdn,TRIBAL GOVERNMENTS
new york justice for our neighbors,LAWYERS & LOBBYISTS
black latin asian knowledge political action comm,MINORITY & DISABILITY GROUPS
tennessee riverkeeper,PRO-ENVIRONMENTAL POLICY
disability rights florida,MINORITY & DISABILITY GROUPS
arizona chamber of commerce and industry,BUSINESS ASSOCIATIONS
epilepsy fdn,HEALTH & WELFARE POLICY
making every vote count fdn,OTHER/SINGLE ISSUE GROUPS
assn of the miraculous medal,CLERGY
minnesota chinese assn,MINORITY & DISABILITY GROUPS
constitutional law ctr for muslims in america,NONPROFIT INSTITUTIONS
centro antiviolenza riscoprirsi,WOMEN'S ISSUES
indiana motor truck assn,TRUCKING
sanofi-aventis u.s.,PHARMACEUTICALS & HEALTH PRODUCTS
bowdoin college,EDUCATION
prison books clubs,OTHER/SINGLE ISSUE GROUPS
texas public interest research grp,CONSUMER GROUPS
new mexico mining assn,MINING
hollywood media district property owners assn,REAL ESTATE
natl assn of travel healthcare org,HEALTH PROFESSIONALS
natl women’s shelter network,WOMEN'S ISSUES
cpanel,COMPUTER EQUIPMENT & SERVICES
bridges faith initiative,OTHER/SINGLE ISSUE GROUPS
fair lines america fdn,OTHER/SINGLE ISSUE GROUPS
focus on the family,CHRISTIAN CONSERVATIVE
delaware motor transport assoc.,TRUCKING
founding freedoms law ctr,CONSERVATIVE POLICY ORGANIZATION
temperance beer co.,"BEER, WINE & LIQUOR"
american express company,COMMERCIAL BANKS
on-premise sign assn,BUSINESS SERVICES
natl conference of women’s bar assn,LAWYERS & LOBBYISTS
small business majority fdn,BUSINESS ASSOCIATIONS
virginia sexual and domestic violence action alliance,WOMEN'S ISSUES
realnetworks,COMPUTER EQUIPMENT & SERVICES
council of independent colleges,EDUCATION
homegrown natl park,PRO-ENVIRONMENTAL POLICY
fair housing council of oregon,OTHER/SINGLE ISSUE GROUPS
animal wellness action,ANIMAL RIGHTS
kellogg brown and root services,CONSTRUCTION SERVICES
keystone first,INSURANCE
research advisory services,SECURITIES & INVESTMENT
new hampshire lodging and restaurant assn,LODGING & TOURISM
el paso first health plans,INSURANCE
c.s. lawn and landscape,SPECIAL TRADE CONTRACTORS
imperial valley water,WATER UTILITIES
texas trucking assn,TRUCKING
wisconsin district attorneys assn,CIVIL SERVANTS/PUBLIC OFFICIALS
small business forward,BUSINESS ASSOCIATIONS
tennessee trucking assn,TRUCKING
palmetto family council,CHRISTIAN CONSERVATIVE
pro-choice ohio,ABORTION POLICY
small property owners-ny,REAL ESTATE
pine tree legal assistance,LAWYERS & LOBBYISTS
arcutis biotherapeutics,PHARMACEUTICALS & HEALTH PRODUCTS
natl council of nonprofits,NONPROFIT INSTITUTIONS
american assn for marriage and family therapy,HEALTH PROFESSIONALS
crescent 1 l.p.,REAL ESTATE
e-watch,OTHER/SINGLE ISSUE GROUPS
san antonio region justice for our neighbors,LAWYERS & LOBBYISTS
fair and just prosecution,CIVIL SERVANTS/PUBLIC OFFICIALS
colorado criminal defense bar,LAWYERS & LOBBYISTS
rights behind bars,OTHER/SINGLE ISSUE GROUPS
americans for indian opportunity,TRIBAL GOVERNMENTS
california advocates for nursing home reform,HEALTH & WELFARE POLICY
korean assn of maryland,MINORITY & DISABILITY GROUPS
christian law assn,CHRISTIAN CONSERVATIVE
puerto rico inst for economic liberty,OTHER/SINGLE ISSUE GROUPS
aca intl,SPECIAL TRADE CONTRACTORS
men of reform judaism,CLERGY
florida holocaust museum,NONPROFIT INSTITUTIONS
christian legal aid of arizona,LAWYERS & LOBBYISTS
california employment law council,LAWYERS & LOBBYISTS
california constitutional rights fdn,OTHER/SINGLE ISSUE GROUPS
sexuality information and education council of the united states,GAY/LESBIAN RIGHTS & ISSUES
undocublack network,MINORITY & DISABILITY GROUPS
arizona asian american native hawaiian pacific islander for equity,MINORITY & DISABILITY GROUPS
american public gas assn,OIL & GAS
immigrant legal advocacy project,LAWYERS & LOBBYISTS
inst for the american worker,OTHER/SINGLE ISSUE GROUPS
new england first amendment coalition,OTHER/SINGLE ISSUE GROUPS
mopirg citizen org (missouri),PRO-ENVIRONMENTAL POLICY
rogers and rosewater soup kitchen,WELFARE/SOCIAL WORK
jaco booyens ministries,CLERGY
highland capital management l.p.,SECURITIES & INVESTMENT
advanced medical technology assn,PHARMACEUTICALS & HEALTH PRODUCTS
aultcare,HEALTH SERVICES
famm fdn,OTHER/SINGLE ISSUE GROUPS
intl union united automobile aerospace and agricultural implement workers of america,TRANSPORTATION UNIONS
virginia citizens defense league,GENERAL TRADE UNIONS
midwest innocence project,OTHER/SINGLE ISSUE GROUPS
sapelo fdn,TRIBAL GOVERNMENTS
sisterreach,WOMEN'S ISSUES
alabama captive insurance assn,INSURANCE
save the sound,PRO-ENVIRONMENTAL POLICY
natl biodiesel board,MISCELLANEOUS ENERGY
all-options,ABORTION POLICY
ctr for growth and opportunity,CONSERVATIVE POLICY ORGANIZATION
native american financial services assn,PAYDAY/TITLE LOANS
mennonite church usa,CLERGY
dc coalition against domestic violence,OTHER/SINGLE ISSUE GROUPS
prudential financial,INSURANCE
family watch intl,CHRISTIAN CONSERVATIVE
actual films,TV & MOVIE PRODUCTION/DISTRIBUTION
southeastern ohio legal services,LAWYERS & LOBBYISTS
american medical assn,HEALTH PROFESSIONALS
american college of trust and estate counsel,LAWYERS & LOBBYISTS
stop dc and puerto rico statehood,OTHER/SINGLE ISSUE GROUPS
west virginia municipal water quality assn,WATER UTILITIES
massachusetts college of liberal arts,EDUCATION
texas psychological assn,HEALTH PROFESSIONALS
connecticut fair housing ctr,OTHER/SINGLE ISSUE GROUPS
stable value investment assn,SECURITIES & INVESTMENT
oregon federal public defender’s office,CIVIL SERVANTS/PUBLIC OFFICIALS
doctors for america,HEALTH PROFESSIONALS
helsinn healthcare s.a.,PHARMACEUTICALS & HEALTH PRODUCTS
hca healthcare,HOSPITALS & NURSING HOMES
americans for financial reform education fund,OTHER/SINGLE ISSUE GROUPS
beacon ctr,CONSERVATIVE POLICY ORGANIZATION
scenic org,PRO-ENVIRONMENTAL POLICY
american families united,CHRISTIAN CONSERVATIVE
equality fed,GAY/LESBIAN RIGHTS & ISSUES
world professional assn for transgender health,GAY/LESBIAN RIGHTS & ISSUES
every mother counts,WOMEN'S ISSUES
tennessee district attorneys general conference,CIVIL SERVANTS/PUBLIC OFFICIALS
friends of lowell fdn,NONPROFIT INSTITUTIONS
inst for constitutional advocacy and protection,OTHER/SINGLE ISSUE GROUPS
transplace texas lp,MISCELLANEOUS TRANSPORT
nooksack indian tribe,TRIBAL GOVERNMENTS
federal defenders of san diego,CIVIL SERVANTS/PUBLIC OFFICIALS
ketchum-downtown ymca,MISCELLANEOUS SERVICES
good shepherd lutheran church,CLERGY
case western reserve university,EDUCATION
ctr for medical freedom,OTHER/SINGLE ISSUE GROUPS
citizens comm for the right to keep and bear arms,GUN CONTROL
palmetto state abortion fund,ABORTION POLICY
american assn of credit union leagues,CREDIT UNIONS
ctr for law and military policy,OTHER/SINGLE ISSUE GROUPS
union of orthodox jewish congregations of america,CLERGY
northern marianas descent corporation,TRIBAL GOVERNMENTS
georgetown university,EDUCATION
princeton university,EDUCATION
southern juvenile defender ctr,OTHER/SINGLE ISSUE GROUPS
family research council,CHRISTIAN CONSERVATIVE
personal care products council,PHARMACEUTICALS & HEALTH PRODUCTS
ustelecom-the broadband assn,TELECOM SERVICES & EQUIPMENT
jewish family service of san diego,WELFARE/SOCIAL WORK
selendy gay pllc,LAWYERS & LOBBYISTS
midwest access coalition,ABORTION POLICY
canadian pork council,LIVESTOCK
immigrant legal resource ctr,LAWYERS & LOBBYISTS
legal aid of north carolina,LAWYERS & LOBBYISTS
natl ctr for parent leadership advocacy and community empowerment,EDUCATION
aegea medical,PHARMACEUTICALS & HEALTH PRODUCTS
natl newspaper assn,PRINTING & PUBLISHING
80-20 educational fdn,MINORITY & DISABILITY GROUPS
united food and commercial workers intl union,GENERAL TRADE UNIONS
california business properties assn,REAL ESTATE
missouri smoke free,HEALTH & WELFARE POLICY
casper j. middlekauf american legion post 173,CIVIL SERVANTS/PUBLIC OFFICIALS
assn of americans resident overseas,CIVIL SERVANTS/PUBLIC OFFICIALS
natl coalition on black civic participation,MINORITY & DISABILITY GROUPS
council of the great city schools,EDUCATION
maranatha baptist academy,EDUCATION
appa: leadership in educational facilities,EDUCATION
freedom fdn,NONPROFIT INSTITUTIONS
asociación de periodistas de puerto rico,PRINTING & PUBLISHING
jetblue airways,AIR TRANSPORT
natl defense comm,OTHER/SINGLE ISSUE GROUPS
immschools,EDUCATION
hayden area regional sewer board,CIVIL SERVANTS/PUBLIC OFFICIALS
american journal of endocannabinoid medicine,PHARMACEUTICALS & HEALTH PRODUCTS
city of newport beach,CIVIL SERVANTS/PUBLIC OFFICIALS
asian americans advancing justice | aajc,MINORITY & DISABILITY GROUPS
changed movement,OTHER/SINGLE ISSUE GROUPS
building one community-the ctr for immigration opportunity,OTHER/SINGLE ISSUE GROUPS
missouri rural crisis ctr,OTHER/SINGLE ISSUE GROUPS
texas assn of public insurance adjusters,INSURANCE
new mexico trucking assn,TRUCKING
texas.net,COMPUTER EQUIPMENT & SERVICES
vermont natural resources council,PRO-ENVIRONMENTAL POLICY
abolish abortion pa,ABORTION POLICY
california rural legal assistance,LAWYERS & LOBBYISTS
global healthy living fdn,PHARMACEUTICALS & HEALTH PRODUCTS
catholics count,CANDIDATE COMMITTEES
indian law resource ctr,TRIBAL GOVERNMENTS
pass the salt ministries,CLERGY
lower elwha klallam tribe,TRIBAL GOVERNMENTS
former members of the executive branch under republican administrations,CIVIL SERVANTS/PUBLIC OFFICIALS
jccwatch.org,OTHER/SINGLE ISSUE GROUPS
alter eco,FOOD PROCESSING & SALES
young conservatives of texas,CONSERVATIVE POLICY ORGANIZATION
t’ruah,OTHER/SINGLE ISSUE GROUPS
american osteopathic assn,HEALTH PROFESSIONALS
migrant ctr for human rights,HUMAN RIGHTS
countrymark refining and logistics,OIL & GAS
emory university,EDUCATION
corbin erisa opportunity fund,SECURITIES & INVESTMENT
python software fdn,COMPUTER EQUIPMENT & SERVICES
border project,OTHER/SINGLE ISSUE GROUPS
digimarc corporation,COMPUTER EQUIPMENT & SERVICES
public citizen,LIBERAL POLICY ORGANIZATION
atlantic sounding company,SEA TRANSPORT
capability consulting,BUSINESS SERVICES
asian american bar assn of new york,LAWYERS & LOBBYISTS
aapi equity alliance,MINORITY & DISABILITY GROUPS
energy and convenience assn of nevada,OIL & GAS
murray boiler,MISCELLANEOUS MANUFACTURING & DISTRIBUTING
metro fair housing services,OTHER/SINGLE ISSUE GROUPS
farm advocacy org,OTHER/SINGLE ISSUE GROUPS
one israel fund,OTHER/SINGLE ISSUE GROUPS
tidewater korean assn of virginia korean,GENERAL TRADE UNIONS
arkansas republican party,PARTY COMMITTEES
singer and deschamps productions,TV & MOVIE PRODUCTION/DISTRIBUTION
network for victim recovery of dc,OTHER/SINGLE ISSUE GROUPS
new york state psychological assn,HEALTH PROFESSIONALS
ywca usa,WOMEN'S ISSUES
multiemployer pension plans,"MISCELLANEOUS FINANCE, INSURANCE & REAL ESTATE"
colorado juvenile defender ctr,CIVIL SERVANTS/PUBLIC OFFICIALS
natl hispanic fdn for the arts,MINORITY & DISABILITY GROUPS
xilio therapeutics,PHARMACEUTICALS & HEALTH PRODUCTS
free speech defense and education fund,OTHER/SINGLE ISSUE GROUPS
big ash brewing,"BEER, WINE & LIQUOR"
louisiana org for refugees and immigrants,OTHER/SINGLE ISSUE GROUPS
ohio hotel and lodging assn,LODGING & TOURISM
walk tv,TV & MOVIE PRODUCTION/DISTRIBUTION
colorado state university-global,EDUCATION
illinois coalition against sexual assault,OTHER/SINGLE ISSUE GROUPS
hawaii appleseed ctr for law and economic justice,OTHER/SINGLE ISSUE GROUPS
montana hospital assn,HOSPITALS & NURSING HOMES
project safeguard,OTHER/SINGLE ISSUE GROUPS
oregon league of conservation voters,PRO-ENVIRONMENTAL POLICY
st. labre indian school,TRIBAL GOVERNMENTS
ctr for urban renewal and education,CONSERVATIVE POLICY ORGANIZATION
students for life of america,ABORTION POLICY
oregon consumer league,CONSUMER GROUPS
intellectual property owners assn,SECURITIES & INVESTMENT
little brother brewing,"BEER, WINE & LIQUOR"
pharr mill brewing,"BEER, WINE & LIQUOR"
ucsf bixby ctr for global reproductive health,HEALTH PROFESSIONALS
ohio chapter of the natl lawyers guild,LAWYERS & LOBBYISTS
freedom from religion fdn,NONPROFIT INSTITUTIONS
american academy of family physicians,HEALTH PROFESSIONALS
natl rural health assn,HOSPITALS & NURSING HOMES
texas advocacy project,LAWYERS & LOBBYISTS
jewish heritage fdn,MINORITY & DISABILITY GROUPS
charleston branch of the assn for the study of african american life and history,MINORITY & DISABILITY GROUPS
american gas assn,OIL & GAS
arab american assn of ny,MINORITY & DISABILITY GROUPS
maryland motor truck assn,TRUCKING
natl latina inst for reproductive justice,WOMEN'S ISSUES
natl cattlemen’s beef assn,LIVESTOCK
syros pharmaceuticals,PHARMACEUTICALS & HEALTH PRODUCTS
washington office on latin america,HUMAN RIGHTS
zillow grp,REAL ESTATE
chimerica women assn,GENERAL TRADE UNIONS
commission for art recovery,OTHER/SINGLE ISSUE GROUPS
rising voices,OTHER/SINGLE ISSUE GROUPS
reporters,PRINTING & PUBLISHING
common ground healthcare cooperative,INSURANCE
fpc american victory fund,CONSERVATIVE POLICY ORGANIZATION
unc free speech alliance,OTHER/SINGLE ISSUE GROUPS
western states trucking assn,TRUCKING
young life,CLERGY
osgoode hall innocence project,OTHER/SINGLE ISSUE GROUPS
appaloosa investment limited partnership i,SECURITIES & INVESTMENT
adler university,EDUCATION
assn of christian schools intl,CHRISTIAN CONSERVATIVE
maryland family inst,CHRISTIAN CONSERVATIVE
italian coordination of the european women’s lobby,WOMEN'S ISSUES
administrative law practitioners,LAWYERS & LOBBYISTS
direct action for rights and equality,OTHER/SINGLE ISSUE GROUPS
connecticut state colleges and universities,CIVIL SERVANTS/PUBLIC OFFICIALS
natl indigenous women’s resource ctr,TRIBAL GOVERNMENTS
coca-cola company,FOOD & BEVERAGE
boston forward fdn,LIBERAL POLICY ORGANIZATION
turning point usa,CONSERVATIVE POLICY ORGANIZATION
performance pricing holdings,MISCELLANEOUS FINANCE
empower hope,OTHER/SINGLE ISSUE GROUPS
northwest health law advocates,LAWYERS & LOBBYISTS
digital promise,COMPUTER EQUIPMENT & SERVICES
indiana family inst,CHRISTIAN CONSERVATIVE
shriver ctr on poverty law,OTHER/SINGLE ISSUE GROUPS
owl creek credit opportunities master fund l.p.,SECURITIES & INVESTMENT
indivisible pro-choice pinellas,ABORTION POLICY
soar,OTHER/SINGLE ISSUE GROUPS
democracy north carolina,LIBERAL POLICY ORGANIZATION
afiya ctr,WOMEN'S ISSUES
new jersey state building and construction trades council,GENERAL TRADE UNIONS
associated oregon loggers,FORESTRY & FOREST PRODUCTS
workday,COMPUTER EQUIPMENT & SERVICES
pulsar vascular,PHARMACEUTICALS & HEALTH PRODUCTS
save,OTHER/SINGLE ISSUE GROUPS
laborers’ intl union of north america,GENERAL TRADE UNIONS
comm for children,HUMAN RIGHTS
nrsc,PARTY COMMITTEES
intl union of operating engineers,GENERAL TRADE UNIONS
fairness campaign,OTHER/SINGLE ISSUE GROUPS
iowa bankers assn,COMMERCIAL BANKS
médecins sans frontières / doctors without borders,HEALTH PROFESSIONALS
natl congress of american indians,TRIBAL GOVERNMENTS
brooklyn museum,NONPROFIT INSTITUTIONS
small business assn,BUSINESS ASSOCIATIONS
land-grant brewing co.,"BEER, WINE & LIQUOR"
life legal defense fdn,ABORTION POLICY
natl apartment assn,REAL ESTATE
true freedom ministries,CLERGY
conrad n. hilton fdn,NONPROFIT INSTITUTIONS
asian american community services,MINORITY & DISABILITY GROUPS
asian caribbean exchange,MINORITY & DISABILITY GROUPS
martin’s point health care,HEALTH SERVICES
american small business league,BUSINESS ASSOCIATIONS
texas impact,OTHER/SINGLE ISSUE GROUPS
orleans public defenders,CIVIL SERVANTS/PUBLIC OFFICIALS
assn of corporate counsel,LAWYERS & LOBBYISTS
lincoln network,BUSINESS SERVICES
north carolina school choice,PUBLIC EDUCATION POLICY
jerusalem inst of justice,OTHER/SINGLE ISSUE GROUPS
illinois state rifle assn,GUN CONTROL
global rights compliance llp,LAWYERS & LOBBYISTS
women’s refugee commission,WOMEN'S ISSUES
madison county mass transit district,MISCELLANEOUS TRANSPORT
jewish alliance for law and social action,MINORITY & DISABILITY GROUPS
mountain states legal fdn’s ctr to keep and bear arms,GUN CONTROL
state farm bureau org of wyoming,INSURANCE
mount saint mary’s university-los angeles,EDUCATION
chicago patent attorneys,LAWYERS & LOBBYISTS
jams,LAWYERS & LOBBYISTS
italian centre for the promotion of mediation,LAWYERS & LOBBYISTS
loft lgbt community ctr,GAY/LESBIAN RIGHTS & ISSUES
air methods corporation,AIR TRANSPORT
chinese assn of tallahassee,MINORITY & DISABILITY GROUPS
amerihealth caritas delaware,INSURANCE
partnership for strong communities,OTHER/SINGLE ISSUE GROUPS
mapbox,COMPUTER EQUIPMENT & SERVICES
men and women for a representative democracy in america,OTHER/SINGLE ISSUE GROUPS
haverford college,EDUCATION
natl mining assn,MINING
milwaukee jewish day school,EDUCATION
special districts assn of oregon,CIVIL SERVANTS/PUBLIC OFFICIALS
illinois tool works,MISCELLANEOUS MANUFACTURING & DISTRIBUTING
natl private truck council,TRUCKING
natl latinx psychological assn,HEALTH PROFESSIONALS
american craft spirits assn,"BEER, WINE & LIQUOR"
comisión intereclesial de justicia y paz,CLERGY
kentucky republican party,PARTY COMMITTEES
colorado state university system,EDUCATION
prosperity now,OTHER/SINGLE ISSUE GROUPS
idaho freedom fdn,CONSERVATIVE POLICY ORGANIZATION
caring across generations,WELFARE/SOCIAL WORK
guam legal services corporation-disability law ctr,LAWYERS & LOBBYISTS
nsic inst,BUSINESS SERVICES
medium,COMPUTER EQUIPMENT & SERVICES
ecological soc of america,PRO-ENVIRONMENTAL POLICY
protect life and marriage texas,ABORTION POLICY
assn of american publishers,PRINTING & PUBLISHING
american academy of ophthalmology,HEALTH PROFESSIONALS
smith college,EDUCATION
digestive health physicians assn,HEALTH PROFESSIONALS
gbx grp,MISCELLANEOUS MANUFACTURING & DISTRIBUTING
aclu of wisconsin,OTHER/SINGLE ISSUE GROUPS
american indian community house,TRIBAL GOVERNMENTS
montana fair housing,OTHER/SINGLE ISSUE GROUPS
healing the culture,ABORTION POLICY
american dental assn,HEALTH PROFESSIONALS
services and advocacy for glbt elders,GAY/LESBIAN RIGHTS & ISSUES
california business and industrial alliance,BUSINESS ASSOCIATIONS
comprehensive health of planned parenthood great plains,ABORTION POLICY
connecticut students for a dream,EDUCATION
higher learning commission,EDUCATION
los angeles community action network,OTHER/SINGLE ISSUE GROUPS
cicero inst,PRO-ENVIRONMENTAL POLICY
viacom,TV & MOVIE PRODUCTION/DISTRIBUTION
virginia premier health plan,INSURANCE
townspeople,OTHER/SINGLE ISSUE GROUPS
natl family planning and reproductive health assn,ABORTION POLICY
noble systems corporation,COMPUTER EQUIPMENT & SERVICES
american jewish comm,MINORITY & DISABILITY GROUPS
real estate roundtable,REAL ESTATE
lilith fund for reproductive equity,ABORTION POLICY
christian family coalition (cfc) florida,CHRISTIAN CONSERVATIVE
tennessee farm bureau fed,FARM BUREAU
michigan assn of christian schools,EDUCATION
breeze smoke,TOBACCO
oklahoma assn of electric cooperatives,ELECTRIC UTILITIES
hope family services at the resurrection project,WELFARE/SOCIAL WORK
la alliance for human rights,HUMAN RIGHTS
reconstructionist rabbinical assn,CLERGY
notre dame education law project,EDUCATION
uyghur human rights project,HUMAN RIGHTS
disability rights ohio,MINORITY & DISABILITY GROUPS
vietnam veterans of america,MILITARY
lac vieux desert band of lake superior chippewa indians,TRIBAL GOVERNMENTS
concordia university-nebraska,EDUCATION
mothers of lost children,OTHER/SINGLE ISSUE GROUPS
santa clara family health plan,INSURANCE
alliance defending freedom,CHRISTIAN CONSERVATIVE
catholic health care leadership alliance,CHRISTIAN CONSERVATIVE
housekeys action network denver,OTHER/SINGLE ISSUE GROUPS
natl ctr on sexual exploitation,OTHER/SINGLE ISSUE GROUPS
starbucks coffee company,FOOD PROCESSING & SALES
partners for home,OTHER/SINGLE ISSUE GROUPS
spring arbor university,EDUCATION
sag-aftra,GENERAL TRADE UNIONS
september 11th families for peaceful tomorrows,OTHER/SINGLE ISSUE GROUPS
stigma relief fund,OTHER/SINGLE ISSUE GROUPS
independent community bankers of america,COMMERCIAL BANKS
fdn against intolerance and racism,OTHER/SINGLE ISSUE GROUPS
tba fund d/b/a tampa bay abortion fund,ABORTION POLICY
assn of alternative newsmedia,PRINTING & PUBLISHING
arizona voice for crime victims,OTHER/SINGLE ISSUE GROUPS
san francisco chamber of commerce,BUSINESS ASSOCIATIONS
american college of cardiology,HEALTH PROFESSIONALS
consumer data industry assn,COMPUTER EQUIPMENT & SERVICES
more housing now!,OTHER/SINGLE ISSUE GROUPS
laotian american natl alliance,MINORITY & DISABILITY GROUPS
morgantown ramp,OTHER/SINGLE ISSUE GROUPS
natl clearinghouse for the defense of battered women,WOMEN'S ISSUES
end domestic abuse wisconsin,WOMEN'S ISSUES
california fashion assn,RETAIL SALES
illinois policy inst,CONSERVATIVE POLICY ORGANIZATION
global org of people of indian origin,MINORITY & DISABILITY GROUPS
idaho prosecuting attorneys assn,CIVIL SERVANTS/PUBLIC OFFICIALS
emory environmental law soc,LAWYERS & LOBBYISTS
texas independent producers and royalty owners assn,OIL & GAS
crowell trust,NONPROFIT INSTITUTIONS
sacred heart children’s home,HOSPITALS & NURSING HOMES
american college of physicians,HEALTH PROFESSIONALS
jp-maxx d/b/a jail puff max,TOBACCO
carolina abortion fund,ABORTION POLICY
power coalition for equity and justice,OTHER/SINGLE ISSUE GROUPS
pivotal,LAWYERS & LOBBYISTS
fdn for individual rights and expression,OTHER/SINGLE ISSUE GROUPS
xocolatl small batch chocolate,FOOD PROCESSING & SALES
northern california innocence project,OTHER/SINGLE ISSUE GROUPS
natl tongan american soc,MINORITY & DISABILITY GROUPS
natl fraternal order of police,PUBLIC SECTOR UNIONS
fbc television affiliates assn,TV & MOVIE PRODUCTION/DISTRIBUTION
natl confectioners assn,FOOD PROCESSING & SALES
los angeles community college district,EDUCATION
veterans in defense of liberty,OTHER/SINGLE ISSUE GROUPS
native american community board,TRIBAL GOVERNMENTS
ocean conservancy,PRO-ENVIRONMENTAL POLICY
famm,OTHER/SINGLE ISSUE GROUPS
lgbt bar of new york,LAWYERS & LOBBYISTS
marist brothers,CLERGY
better together new mexico,OTHER/SINGLE ISSUE GROUPS
florida prosecuting attorneys assn,CIVIL SERVANTS/PUBLIC OFFICIALS
soldiers angels,NONPROFIT INSTITUTIONS
northland family planning ctr,ABORTION POLICY
stand with survivors,OTHER/SINGLE ISSUE GROUPS
world inst on disability,MINORITY & DISABILITY GROUPS
san francisco rising,LIBERAL POLICY ORGANIZATION
black women’s blueprint,WOMEN'S ISSUES
adamas pharmaceuticals,PHARMACEUTICALS & HEALTH PRODUCTS
ymca of greater new york,NONPROFIT INSTITUTIONS
bail agents assn,MISCELLANEOUS FINANCE
akanthos opportunity fund l.p.,SECURITIES & INVESTMENT
full picture justice,OTHER/SINGLE ISSUE GROUPS
willow innovations,MISCELLANEOUS MANUFACTURING & DISTRIBUTING
3m,MISCELLANEOUS MANUFACTURING & DISTRIBUTING
federal arbitration (fedarb),BUSINESS SERVICES
natl consumer reporting assn,CONSUMER GROUPS
pa fair elections,OTHER/SINGLE ISSUE GROUPS
atlanta intl arbitration soc,BUSINESS SERVICES
civil rights education and defense fund,HUMAN RIGHTS
public record media,PRINTING & PUBLISHING
le moyne college,EDUCATION
state and local election officials,CIVIL SERVANTS/PUBLIC OFFICIALS
u.s. virgin islands captive insurance assn,INSURANCE
natl conference of commissioners on uniform state laws,CIVIL SERVANTS/PUBLIC OFFICIALS
natl assn of latino elected and appointed officials educational fund,MINORITY & DISABILITY GROUPS
bishops against gun violence,CLERGY
chispa arizona,MINORITY & DISABILITY GROUPS
massmutual,INSURANCE
ardent companies,REAL ESTATE
natl legal aid and defender assn,LAWYERS & LOBBYISTS
american muslim bar assn,LAWYERS & LOBBYISTS
power2parents,OTHER/SINGLE ISSUE GROUPS
public funds public schools,EDUCATION
prosumers intl,BUSINESS SERVICES
minnesota realtors®,REAL ESTATE
st. louis river,OTHER/SINGLE ISSUE GROUPS
upturn,COMPUTER EQUIPMENT & SERVICES
inst for women’s policy research,WOMEN'S ISSUES
california school boards assn,EDUCATION
nightingale medical,PHARMACEUTICALS & HEALTH PRODUCTS
soc of general internal medicine,HEALTH PROFESSIONALS
united states justice fdn,CONSERVATIVE POLICY ORGANIZATION
great lakes timber professionals assn,FORESTRY & FOREST PRODUCTS
young chinese american professional development assn,MINORITY & DISABILITY GROUPS
american assn of colleges of nursing,HEALTH PROFESSIONALS
cato inst,LIBERAL POLICY ORGANIZATION
natl council of asian pacific islander physicians,HEALTH PROFESSIONALS
child abduction lawyers assn (uk),LAWYERS & LOBBYISTS
ohio state university,EDUCATION
triune mercy ctr,WELFARE/SOCIAL WORK
chimera bioengineering,PHARMACEUTICALS & HEALTH PRODUCTS
apple,COMPUTER EQUIPMENT & SERVICES
greenstar brewing,"BEER, WINE & LIQUOR"
cellspin soft,COMPUTER EQUIPMENT & SERVICES
communities unlimited,BUSINESS SERVICES
1939 soc,OTHER/SINGLE ISSUE GROUPS
family action council of tennessee,CHRISTIAN CONSERVATIVE
due process of law fdn,OTHER/SINGLE ISSUE GROUPS
rocky mountain veterans advocacy project,GAMBLING & CASINOS
american statistical assn,MISCELLANEOUS SERVICES
delaware state sportsmen’s assn,HUNTING
massachusetts law reform inst,OTHER/SINGLE ISSUE GROUPS
partnership for inner-city education,EDUCATION
allies reaching for equality,GAY/LESBIAN RIGHTS & ISSUES
main street alliance,BUSINESS ASSOCIATIONS
citizens in charge,OTHER/SINGLE ISSUE GROUPS
southern glazer’s wine and spirits,"BEER, WINE & LIQUOR"
menlo college,EDUCATION
halliburton company,OIL & GAS
american target advertising,BUSINESS SERVICES
frontier medicines corporation,PHARMACEUTICALS & HEALTH PRODUCTS
maine women’s lobby,WOMEN'S ISSUES
shout your abortion,ABORTION POLICY
jewish council for public affairs,MINORITY & DISABILITY GROUPS
natl consumer voice for quality long-term care,CONSUMER GROUPS
corporation for supportive housing,OTHER/SINGLE ISSUE GROUPS
natl korean american service and education consortium,MINORITY & DISABILITY GROUPS
org working in public health policy and implementation,HEALTH & WELFARE POLICY
floyd abrams inst for freedom of expression,OTHER/SINGLE ISSUE GROUPS
metropolitan state university of denver,EDUCATION
child welfare league of america,WELFARE/SOCIAL WORK
family equality,GAY/LESBIAN RIGHTS & ISSUES
league of california cities,CIVIL SERVANTS/PUBLIC OFFICIALS
human rights law network,HUMAN RIGHTS
wisconsin towns assn,CIVIL SERVANTS/PUBLIC OFFICIALS
family fdn (kentucky),NONPROFIT INSTITUTIONS
franciscan school of theology,EDUCATION
natl trans bar assn,LAWYERS & LOBBYISTS
jacobs inst of women’s health,PHARMACEUTICALS & HEALTH PRODUCTS
fiduciary trust intl,SECURITIES & INVESTMENT
california prolife council,ABORTION POLICY
virginia assn of commonwealths attorneys,CIVIL SERVANTS/PUBLIC OFFICIALS
natl women’s health network,WOMEN'S ISSUES
heart of america indian ctr d/b/a kansas city indian ctr,TRIBAL GOVERNMENTS
inst for reforming government,CONSERVATIVE POLICY ORGANIZATION
minnesota gun owners caucus,GUN CONTROL
texas housers,OTHER/SINGLE ISSUE GROUPS
pbs reno,TV & MOVIE PRODUCTION/DISTRIBUTION
american public philosophy inst,LIBERAL POLICY ORGANIZATION
giffords law ctr to prevent gun violence,GUN CONTROL
fishermen’s finest,COMMERCIAL FISHING
songwriters guild of america,"BANDS, ORCHESTRAS & OTHER LIVE MUSIC PRODUCTION"
nebraska religious council for reproductive freedom (ne-rcrf),OTHER/SINGLE ISSUE GROUPS
prudential insurance company of america,INSURANCE
texas hospital assn,HOSPITALS & NURSING HOMES
lift louisiana,OTHER/SINGLE ISSUE GROUPS
roller clutch tools,MISCELLANEOUS MANUFACTURING & DISTRIBUTING
transferwise,MISCELLANEOUS FINANCE
state farm bureau org of idaho,INSURANCE
asian pacific american bar assn of silicon valley (apaba silicon valley),LAWYERS & LOBBYISTS
coalition for litigation justice,BUSINESS SERVICES
california water fdn,WATER UTILITIES
dominican bar assn,LAWYERS & LOBBYISTS
alliance of baptists,CLERGY
illinois state public interest research grp,CONSUMER GROUPS
black trans nation,GAY/LESBIAN RIGHTS & ISSUES
deloitte tax llp,ACCOUNTANTS
electronic arts,COMPUTER EQUIPMENT & SERVICES
assn of transportation law professionals,LAWYERS & LOBBYISTS
greensboro first friends meeting,CLERGY
aerospace medical assn,HEALTH PROFESSIONALS
community care plan,INSURANCE
genders and sexualities alliance network,GAY/LESBIAN RIGHTS & ISSUES
inventors network kentucky,BUSINESS SERVICES
citizens for self-governance,CONSERVATIVE POLICY ORGANIZATION
comm for justice,OTHER/SINGLE ISSUE GROUPS
indivisible worcester maryland,LIBERAL POLICY ORGANIZATION
americans united for life,ABORTION POLICY
minnesota assn of community health ctr,HOSPITALS & NURSING HOMES
human rights campaign,GAY/LESBIAN RIGHTS & ISSUES
one world brewing,"BEER, WINE & LIQUOR"
alliance of marine mammal parks and aquariums,MISCELLANEOUS SERVICES
supermajority education fund,WOMEN'S ISSUES
united states medical assn,HEALTH PROFESSIONALS
inquilinos boricuas en acción,MINORITY & DISABILITY GROUPS
ctr for appellate litigation,LAWYERS & LOBBYISTS
motor transport assn of ct,TRUCKING
vanho law,LAWYERS & LOBBYISTS
website and graphic designers,BUSINESS SERVICES
human rights defense ctr,HUMAN RIGHTS
ss vape brands,TOBACCO
criminal justice legal fdn,OTHER/SINGLE ISSUE GROUPS
exodus cry,OTHER/SINGLE ISSUE GROUPS
queens defenders,CIVIL SERVANTS/PUBLIC OFFICIALS
credo science,PHARMACEUTICALS & HEALTH PRODUCTS
american soc for pharmacology and experimental therapeutics,PHARMACEUTICALS & HEALTH PRODUCTS
open markets inst,OTHER/SINGLE ISSUE GROUPS
global witness,PRO-ENVIRONMENTAL POLICY
zendesk,COMPUTER EQUIPMENT & SERVICES
new voices for reproductive justice,ABORTION POLICY
jewish community relations council of greater washington,MINORITY & DISABILITY GROUPS
western energy alliance,OIL & GAS
uset sovereignty protection fund,TRIBAL GOVERNMENTS
actuarial firms,INSURANCE
kering americas,MISCELLANEOUS MANUFACTURING & DISTRIBUTING
southern birth justice network,WELFARE/SOCIAL WORK
ventura county agricultural assn,AGRICULTURAL SERVICES & PRODUCTS
wbox 2018-1,SECURITIES & INVESTMENT
assn of certified biblical counselors,CLERGY
turning point suffragist memorial org,WOMEN'S ISSUES
ohio farm bureau fed,FARM BUREAU
rippling,COMPUTER EQUIPMENT & SERVICES
highlands school,EDUCATION
formerfeds grp freedom fdn,PUBLIC SECTOR UNIONS
empower missouri,LIBERAL POLICY ORGANIZATION
korean assn of mongomery county,MINORITY & DISABILITY GROUPS
asian pacific american bar assn of south florida,LAWYERS & LOBBYISTS
capstan therapeutics,PHARMACEUTICALS & HEALTH PRODUCTS
american academy of physician life care planners,HEALTH PROFESSIONALS
tunxis community college,EDUCATION
derechos de la infancia y adolescencia a.c.,HUMAN RIGHTS
new england commission of higher education,EDUCATION
stop extraterritorial american taxation,TAX ISSUES
wyoming stock growers assn,LIVESTOCK
apa watch,OTHER/SINGLE ISSUE GROUPS
towards justice,LAWYERS & LOBBYISTS
los angeles lgbt ctr,GAY/LESBIAN RIGHTS & ISSUES
silicon valley chinese assn,MINORITY & DISABILITY GROUPS
natl pork producers council,LIVESTOCK
ciénega creek,PRO-ENVIRONMENTAL POLICY
nevada housing coalition,OTHER/SINGLE ISSUE GROUPS
sociedad latina,MINORITY & DISABILITY GROUPS
natl lawyers guild san francisco bay area chapter,LAWYERS & LOBBYISTS
indiana black expo,MINORITY & DISABILITY GROUPS
abortion fund of arizona,ABORTION POLICY
niskanen ctr,LIBERAL POLICY ORGANIZATION
georgia public policy fdn,CONSERVATIVE POLICY ORGANIZATION
healthcare purchaser alliance of maine,HEALTH SERVICES
dronedeploy,COMPUTER EQUIPMENT & SERVICES
soc of 40 men and 8 horses voiture 1543,TRANSPORTATION UNIONS
intl game developers assn,COMPUTER EQUIPMENT & SERVICES
ministry to the armed forces of the church of the lutheran brethren,CLERGY
disability rights michigan,MINORITY & DISABILITY GROUPS
charlotte lozier inst,ABORTION POLICY
blue cross complete of michigan,INSURANCE
opormex,GENERAL TRADE UNIONS
arizona republican party,PARTY COMMITTEES
love life,ABORTION POLICY
interstate natural gas assn of america,OIL & GAS
investment company inst,SECURITIES & INVESTMENT
james madison inst,CONSERVATIVE POLICY ORGANIZATION
cardinal innovations healthcare,HEALTH SERVICES
city rescue mission of lansing,WELFARE/SOCIAL WORK
digital progress inst,COMPUTER EQUIPMENT & SERVICES
insala,BUSINESS SERVICES
marcellus shale coalition,OIL & GAS
rieders fdn,LAWYERS & LOBBYISTS
air medical operators assn,AIR TRANSPORT
conservamerica,PRO-ENVIRONMENTAL POLICY
brewery vivant,"BEER, WINE & LIQUOR"
natl council of jewish women greater houston section,WOMEN'S ISSUES
maritime law assn of the united states,LAWYERS & LOBBYISTS
state farm bureaus of minnesota,INSURANCE
thornburg fdn,NONPROFIT INSTITUTIONS
dartmouth college,EDUCATION
brennan ctr for justice at nyu school of law,OTHER/SINGLE ISSUE GROUPS
bestwall,BUILDING MATERIALS & EQUIPMENT
jersey city police officers benevolent assn,PUBLIC SECTOR UNIONS
choon’s design,MISCELLANEOUS SERVICES
secure america alliance,OTHER/SINGLE ISSUE GROUPS
natl citizenship and immigration services council 119,PUBLIC SECTOR UNIONS
brentwood community council,OTHER/SINGLE ISSUE GROUPS
capella flavors,FOOD PROCESSING & SALES
bet tzedek,LAWYERS & LOBBYISTS
indiegogo,COMPUTER EQUIPMENT & SERVICES
naked river brewing co.,"BEER, WINE & LIQUOR"
ctr for family representation,LAWYERS & LOBBYISTS
methodist fed for social action,CLERGY
westside tenants assn,OTHER/SINGLE ISSUE GROUPS
assn for education fairness,OTHER/SINGLE ISSUE GROUPS
housing alliance of pennsylvania,OTHER/SINGLE ISSUE GROUPS
bioscience advisors,BUSINESS SERVICES
western jurisdiction of the united methodist church,CLERGY
protect our aquifer,PRO-ENVIRONMENTAL POLICY
jane’s due process,ABORTION POLICY
district attorneys’ assn of georgia,CIVIL SERVANTS/PUBLIC OFFICIALS
oasi2,OTHER/SINGLE ISSUE GROUPS
wisconsin alumni research fdn,NONPROFIT INSTITUTIONS
gateway community development corporation (north carolina),REAL ESTATE
icm partners,BUSINESS SERVICES
u.s. natl guard special victims’ counsel program,CIVIL SERVANTS/PUBLIC OFFICIALS
hollywood property owners’ alliance,REAL ESTATE
illinois primary health care assn,HEALTH SERVICES
physicians for informed consent,HEALTH PROFESSIONALS
airmotive investments,AIR TRANSPORT
natl alliance of forest owners,FORESTRY & FOREST PRODUCTS
inter tribal assn of arizona,TRIBAL GOVERNMENTS
law enforcement action partnership,OTHER/SINGLE ISSUE GROUPS
state pork producer assn of oklahoma,LIVESTOCK
troy university,EDUCATION
immaculate heart retreat ctr,CLERGY
openai,COMPUTER EQUIPMENT & SERVICES
confederated salish and kootenai tribes of the flathead reservation,TRIBAL GOVERNMENTS
disability rights louisiana,OTHER/SINGLE ISSUE GROUPS
natl nurses united,HEALTH PROFESSIONALS
save the children fed,WELFARE/SOCIAL WORK
mid county psychological associates,HEALTH PROFESSIONALS
owner-operator independent drivers assn,TRUCKING
lede company,BUSINESS SERVICES
knights of columbus,CLERGY
pacific community ventures (california),BUSINESS SERVICES
contra costa health plan,INSURANCE
natl ctr on domestic violence trauma and mental health,WELFARE/SOCIAL WORK
gospel mission,NONPROFIT INSTITUTIONS
pueblo of acoma,TRIBAL GOVERNMENTS
sv3,MISCELLANEOUS ENERGY & NATURAL RESOURCES
n.c. automobile dealers ass’n,AUTOMOTIVE
invesco,SECURITIES & INVESTMENT
spark reproductive justice now!,WOMEN'S ISSUES
texas high school coaches assn,RECREATION & LIVE ENTERTAINMENT
federal forest resource coalition,FORESTRY & FOREST PRODUCTS
heal food alliance,FOOD PROCESSING & SALES
texas assn of community health ctr,HOSPITALS & NURSING HOMES
dow jones and company,PRINTING & PUBLISHING
catholic mothers for truth and transparency,CHRISTIAN CONSERVATIVE
intl assn of insurance receivers,INSURANCE
crisis line and safe house of central georgia,WELFARE/SOCIAL WORK
maine assn of criminal defense lawyers,LAWYERS & LOBBYISTS
moms fight back,GUN CONTROL
baxter intl,PHARMACEUTICALS & HEALTH PRODUCTS
marketing edge,BUSINESS SERVICES
new jersey appleseed public interest law ctr,LAWYERS & LOBBYISTS
peace mennonite church,CLERGY
hillman beer,"BEER, WINE & LIQUOR"
tikkun olam comm for the jewish community of amherst,MINORITY & DISABILITY GROUPS
loyola university maryland,EDUCATION
ziprecruiter,COMPUTER EQUIPMENT & SERVICES
abata therapeutics,PHARMACEUTICALS & HEALTH PRODUCTS
american grassfed assn,LIVESTOCK
spark reproductive justice now,WOMEN'S ISSUES
lawyers for civil rights,HUMAN RIGHTS
new york civil liberties union,OTHER/SINGLE ISSUE GROUPS
natl bankruptcy venue reform comm,BUSINESS SERVICES
conservatives concerned about the death penalty,OTHER/SINGLE ISSUE GROUPS
fiscal alliance fdn,CONSERVATIVE POLICY ORGANIZATION
religious coalition for reproductive choice california,OTHER/SINGLE ISSUE GROUPS
federal circuit bar assn,LAWYERS & LOBBYISTS
nextdecade lng,OIL & GAS
american academy of physician associates,HEALTH PROFESSIONALS
natl rifle assn of america,GUN CONTROL
human rights first,HUMAN RIGHTS
family violence appellate project,WELFARE/SOCIAL WORK
assn of community college trustees,EDUCATION
natl assn of women lawyers,LAWYERS & LOBBYISTS
iraq and afghanistan veterans of america,MISCELLANEOUS DEFENSE
everthrive illinois,HEALTH & WELFARE POLICY
inst for community living,HEALTH SERVICES
christians engaged,CHRISTIAN CONSERVATIVE
california rental housing assn,REAL ESTATE
alaska family council,CHRISTIAN CONSERVATIVE
bronx household of faith,CHRISTIAN CONSERVATIVE
housing action illinois,OTHER/SINGLE ISSUE GROUPS
airline employees for health freedom,OTHER/SINGLE ISSUE GROUPS
american tax policy inst,TAX ISSUES
animal defense partnership,ANIMAL RIGHTS
keidanren (japan business fed),BUSINESS ASSOCIATIONS
natl community reinvestment coalition,OTHER/SINGLE ISSUE GROUPS
ptaaarmigan,TRIBAL GOVERNMENTS
fed of sovereign indigenous nations,TRIBAL GOVERNMENTS
alliance health,INSURANCE
beloit college,EDUCATION
world faith fdn,CLERGY
massachusetts inst of technology,EDUCATION
mastercard,SECURITIES & INVESTMENT
upstream bio,PHARMACEUTICALS & HEALTH PRODUCTS
principal,INSURANCE
southwest conference united church of christ,CLERGY
natl assn of wholesaler-distributors,MISCELLANEOUS BUSINESS
california water clean network,PRO-ENVIRONMENTAL POLICY
inst for professionals in taxation,ACCOUNTANTS
natl cooperative business assn clusa intl,COMMERCIAL BANKS
friends of the rivers of virginia,PRO-ENVIRONMENTAL POLICY
aldea-the peoples justice ctr,OTHER/SINGLE ISSUE GROUPS
midwest juvenile defender ctr,LAWYERS & LOBBYISTS
natl defense industrial assn,DEFENSE AEROSPACE
open net assn,COMPUTER EQUIPMENT & SERVICES
inventors network of minnesota,BUSINESS SERVICES
massequality,GAY/LESBIAN RIGHTS & ISSUES
natl assn of elementary school principals,EDUCATION
north dakota win abortion access fund (win fund),ABORTION POLICY
clean water action,PRO-ENVIRONMENTAL POLICY
natl low income housing coalition,OTHER/SINGLE ISSUE GROUPS
created equal,ABORTION POLICY
children’s advocacy inst,HUMAN RIGHTS
stnd4you,OTHER/SINGLE ISSUE GROUPS
downtown property owners assn,REAL ESTATE
new wave feminists,WOMEN'S ISSUES
ctr for scholastic journalism,PRINTING & PUBLISHING
where all women are honored,WOMEN'S ISSUES
colorado district attorneys council,CIVIL SERVANTS/PUBLIC OFFICIALS
shipbuilders council of america,SEA TRANSPORT
igt,GAMBLING & CASINOS
action for life,ABORTION POLICY
natl council for occupational safety and health,OTHER/SINGLE ISSUE GROUPS
missions door,CLERGY
natl coalition against violent athletes,OTHER/SINGLE ISSUE GROUPS
ropes and gray llp,LAWYERS & LOBBYISTS
assn of real estate photographers,REAL ESTATE
former corrections officials,CIVIL SERVANTS/PUBLIC OFFICIALS
natl security archive,OTHER/SINGLE ISSUE GROUPS
afscme,PUBLIC SECTOR UNIONS
hawaii captive insurance council corporation,INSURANCE
natl assn of convenience stores,OIL & GAS
office of the appellate defender (new york),CIVIL SERVANTS/PUBLIC OFFICIALS
civil rights education and enforcement ctr,HUMAN RIGHTS
campus friends meeting,CLERGY
hush no more,OTHER/SINGLE ISSUE GROUPS
council on american-islamic relations,MINORITY & DISABILITY GROUPS
institutional religious freedom alliance,OTHER/SINGLE ISSUE GROUPS
alliance for intl exchange,MISCELLANEOUS BUSINESS
wellspring,HEALTH SERVICES
casper sleep,RETAIL SALES
criminal defense attorneys,LAWYERS & LOBBYISTS
hawaii prosecuting attorneys assn,CIVIL SERVANTS/PUBLIC OFFICIALS
commission of religious leaders of new york city,CLERGY
jurisdiction of the armed forces and chaplaincy of the anglican church in north america,CLERGY
coalition for humane immigrant rights,HUMAN RIGHTS
internet works,COMPUTER EQUIPMENT & SERVICES
santa barbara apartment assn,REAL ESTATE
california fuels and convenience alliance,OIL & GAS
safeguarding american values for everyone,OTHER/SINGLE ISSUE GROUPS
republican governors public policy comm,PARTY COMMITTEES
opening doors intl services,WELFARE/SOCIAL WORK
american heritage schools,EDUCATION
transportation intermediaries assn,MISCELLANEOUS TRANSPORT
natl ctr for lesbian rights,GAY/LESBIAN RIGHTS & ISSUES
american legion newport harbor post 291,NONPROFIT INSTITUTIONS
land developers,REAL ESTATE
interfaith voices for reproductive justice,WOMEN'S ISSUES
dakota rural action,PRO-ENVIRONMENTAL POLICY
academy of adoption and assisted reproduction attorneys,LAWYERS & LOBBYISTS
hilton,LODGING & TOURISM
islamic soc of basking ridge,MINORITY & DISABILITY GROUPS
neighborhood defender service of harlem,LAWYERS & LOBBYISTS
natl immigrant women’s advocacy project,HUMAN RIGHTS
natl pta,EDUCATION
pa religious coalition for reproductive justice,OTHER/SINGLE ISSUE GROUPS
little horse crossing the river,GAMBLING & CASINOS
christian and missionary alliance,CHRISTIAN CONSERVATIVE
state farm bureaus of nebraska,INSURANCE
right to immigration inst,OTHER/SINGLE ISSUE GROUPS
black aids inst,MINORITY & DISABILITY GROUPS
intl alliance for christian education,CHRISTIAN CONSERVATIVE
natl black law students assn,MINORITY & DISABILITY GROUPS
arcview grp,MARIJUANA GROWERS & PRODUCT SALES
genital autonomy legal defense and education fund,OTHER/SINGLE ISSUE GROUPS
wedge brewing co.,"BEER, WINE & LIQUOR"
united egg producers,POULTRY & EGGS
nonprofit assn of washington,NONPROFIT INSTITUTIONS
northern manhattan improvement corporation,REAL ESTATE
grp health cooperative of south central wisconsin,HEALTH SERVICES
intermodal assn of north america,MISCELLANEOUS TRANSPORT
minnesota smoke free alliance,HEALTH & WELFARE POLICY
juvenile law ctr,LAWYERS & LOBBYISTS
santa fe now,WOMEN'S ISSUES
nevada policy,CONSERVATIVE POLICY ORGANIZATION
colorado bar assn family law section,LAWYERS & LOBBYISTS
united chinese assn of brooklyn,MINORITY & DISABILITY GROUPS
j street,LIBERAL POLICY ORGANIZATION
washington post,PRINTING & PUBLISHING
healthy teen network,HEALTH SERVICES
carrier corporation,MISCELLANEOUS MANUFACTURING & DISTRIBUTING
americans for fair treatment,OTHER/SINGLE ISSUE GROUPS
allied educational fdn,EDUCATION
hope border inst,OTHER/SINGLE ISSUE GROUPS
cherry hills community church,CLERGY
women’s declaration intl usa,WOMEN'S ISSUES
walgreens boots alliance,RETAIL SALES
natl org on fetal alcohol syndrome,HEALTH & WELFARE POLICY
protect the 1st,OTHER/SINGLE ISSUE GROUPS
rendition project,HUMAN RIGHTS
animal protection org,ANIMAL RIGHTS
southern policy law inst,CONSERVATIVE POLICY ORGANIZATION
gospel rescue mission fellowship,CLERGY
health alliance,HEALTH PROFESSIONALS
european banking fed,COMMERCIAL BANKS
natl sheriffs’ assn,CIVIL SERVANTS/PUBLIC OFFICIALS
transvisible montana,GAY/LESBIAN RIGHTS & ISSUES
lyft,MISCELLANEOUS TRANSPORT
disability rights new york,MINORITY & DISABILITY GROUPS
belmont abbey college,EDUCATION
natl coordinating comm for multiemployer plans,"MISCELLANEOUS FINANCE, INSURANCE & REAL ESTATE"
jane doe films,TV & MOVIE PRODUCTION/DISTRIBUTION
new jersey coalition to end domestic violence,OTHER/SINGLE ISSUE GROUPS
leadership conference of women religious,CLERGY
emgage action,OTHER/SINGLE ISSUE GROUPS
heritage university,EDUCATION
marañon chocolate,FOOD PROCESSING & SALES
silicon valley leadership grp,BUSINESS ASSOCIATIONS
new yorker’s family research fdn,CHRISTIAN CONSERVATIVE
citizens united,CONSERVATIVE POLICY ORGANIZATION
new jobs america,BUSINESS ASSOCIATIONS
oak management corporation,REAL ESTATE
grace college and seminary,EDUCATION
media resources,BUSINESS SERVICES
nuckles oil co. d/b/a merit oil company,OIL & GAS
university of florida board of trustees,EDUCATION
professional services council,BUSINESS SERVICES
lawyers’ comm for civil rights under law,LAWYERS & LOBBYISTS
nebraska trucking assn,TRUCKING
coeur d’alene tribe,TRIBAL GOVERNMENTS
cyberbullying research ctr,COMPUTER EQUIPMENT & SERVICES
american soc for testing and materials,MISCELLANEOUS MANUFACTURING & DISTRIBUTING
public justice p.c.,LAWYERS & LOBBYISTS
allstar inst,EDUCATION
michigan state medical soc,HEALTH PROFESSIONALS
west coast marine fund,SEA TRANSPORT
georgia legal services program,LAWYERS & LOBBYISTS
southern poverty law ctr,OTHER/SINGLE ISSUE GROUPS
pueblo of laguna,TRIBAL GOVERNMENTS
conservative legal defense and education fund,CONSERVATIVE POLICY ORGANIZATION
nokota capital management lp,SECURITIES & INVESTMENT
california wilderness coalition,PRO-ENVIRONMENTAL POLICY
ctr for litigation and courts,LAWYERS & LOBBYISTS
lord abbett,SECURITIES & INVESTMENT
reisman inst,PHARMACEUTICALS & HEALTH PRODUCTS
taiwan innocence project,OTHER/SINGLE ISSUE GROUPS
matthew xviii grp,ABORTION POLICY
abolish abortion north carolina,ABORTION POLICY
new york news publishers assn,PRINTING & PUBLISHING
new hampshire assn of county attorneys,CIVIL SERVANTS/PUBLIC OFFICIALS
family farm alliance,CROP PRODUCTION & BASIC PROCESSING
united we dream,MINORITY & DISABILITY GROUPS
journey for justice alliance,OTHER/SINGLE ISSUE GROUPS
federación de comunidades judías de españa,MINORITY & DISABILITY GROUPS
natl lawyers guild las vegas chapter,LAWYERS & LOBBYISTS
stop aapi hate,MINORITY & DISABILITY GROUPS
intl assn of defense counsel,LAWYERS & LOBBYISTS
jetpac resource ctr,WELFARE/SOCIAL WORK
new york state rifle and pistol assn,GUN CONTROL
italian assn for women in development,WOMEN'S ISSUES
makemake,MARIJUANA GROWERS & PRODUCT SALES
league of arizona cities and towns,CIVIL SERVANTS/PUBLIC OFFICIALS
echo global logistics,TRUCKING
natl network of abortion funds,ABORTION POLICY
reveal from the ctr for investigative reporting,PRINTING & PUBLISHING
immunogen,PHARMACEUTICALS & HEALTH PRODUCTS
aclu of puerto rico,OTHER/SINGLE ISSUE GROUPS
michigan eramerica,GUN CONTROL
innocence network,OTHER/SINGLE ISSUE GROUPS
venice community housing corporation,OTHER/SINGLE ISSUE GROUPS
intl assn of fire fighters,PUBLIC SECTOR UNIONS
military spouses united,MISCELLANEOUS TRANSPORT
santa barbara women lawyers,LAWYERS & LOBBYISTS
totalenergies gas and power north america,MISCELLANEOUS ENERGY
maine school management assn,EDUCATION
new jersey citizen action,LIBERAL POLICY ORGANIZATION
american college of emergency physicians,HEALTH PROFESSIONALS
rainbow bridge asylum seekers,OTHER/SINGLE ISSUE GROUPS
driftwood kitchen design,SPECIAL TRADE CONTRACTORS
our justice,OTHER/SINGLE ISSUE GROUPS
trust and safety fdn,OTHER/SINGLE ISSUE GROUPS
messianic vision,CHRISTIAN CONSERVATIVE
alice paul inst,WOMEN'S ISSUES
lifeline children’s services,WELFARE/SOCIAL WORK
advocates for human rights,HUMAN RIGHTS
graduates of u.s. service academies,CIVIL SERVANTS/PUBLIC OFFICIALS
clearinghouse on women’s issues,WOMEN'S ISSUES
homing project,WELFARE/SOCIAL WORK
bold futures nm,OTHER/SINGLE ISSUE GROUPS
asylum access global,OTHER/SINGLE ISSUE GROUPS
lgbt tech,GAY/LESBIAN RIGHTS & ISSUES
harm reduction therapy ctr,HEALTH SERVICES
mortgage bankers assn,REAL ESTATE
united states seafoods,FOOD & BEVERAGE
north carolina vaping council,TOBACCO
ben and jerry’s homemade,DAIRY
vida ventures l.l.c.,INVESTMENT HOLDING COMPANIES
person ctr,HEALTH SERVICES
amazon.com,RETAIL SALES
ohio forestry assn,FORESTRY & FOREST PRODUCTS
parvus therapeutics,PHARMACEUTICALS & HEALTH PRODUCTS
assn of chocolate biscuits and confectionery industries of europe,FOOD PROCESSING & SALES
western connecticut state university,EDUCATION
wisconsin environment,PRO-ENVIRONMENTAL POLICY
nebraska chamber of commerce and industry,BUSINESS ASSOCIATIONS
louisiana conference of catholic bishops,CLERGY
pennsylvania avenue nw,BUSINESS SERVICES
anderson university,EDUCATION
ace talk,TELECOM SERVICES & EQUIPMENT
cair new jersey,MISCELLANEOUS ENERGY & NATURAL RESOURCES
patient forward,HEALTH & WELFARE POLICY
american legion,CIVIL SERVANTS/PUBLIC OFFICIALS
larkin street youth services,WELFARE/SOCIAL WORK
california news publishers assn,PRINTING & PUBLISHING
one less fdn (pennsylvania),OTHER/SINGLE ISSUE GROUPS
intl assn of undercover officers,PUBLIC SECTOR UNIONS
ctr for art law,LAWYERS & LOBBYISTS
jazz pharmaceuticals,PHARMACEUTICALS & HEALTH PRODUCTS
mountain patriots org,CONSERVATIVE POLICY ORGANIZATION
free to be youth project,WELFARE/SOCIAL WORK
congregation of our lady of charity of the good shepherd u.s. provinces,CLERGY
pilnet,LAWYERS & LOBBYISTS
homeless alliance,WELFARE/SOCIAL WORK
indiana wesleyan university,EDUCATION
natl lgbtq task force,GAY/LESBIAN RIGHTS & ISSUES
las americas immigrant advocacy ctr,OTHER/SINGLE ISSUE GROUPS
automattic,COMPUTER EQUIPMENT & SERVICES
cornell juvenile justice project,OTHER/SINGLE ISSUE GROUPS
simetría legal,LAWYERS & LOBBYISTS
louisiana advocates for immigrants in detention,OTHER/SINGLE ISSUE GROUPS
protect young eyes,OTHER/SINGLE ISSUE GROUPS
voices for utah children,HUMAN RIGHTS
path,HEALTH SERVICES
new york state bar assn,LAWYERS & LOBBYISTS
american college of preventive medicine,HEALTH PROFESSIONALS
natl assn for female executives,BUSINESS SERVICES
kentucky chamber of commerce,BUSINESS ASSOCIATIONS
salesforce.com,COMPUTER EQUIPMENT & SERVICES
connecticut police chiefs assn,PUBLIC SECTOR UNIONS
aids inst,HEALTH & WELFARE POLICY
coalition of urban and metropolitan universities,EDUCATION
south asian soar,MINORITY & DISABILITY GROUPS
university of michigan,EDUCATION
montana health co-op,HEALTH SERVICES
valencell,PHARMACEUTICALS & HEALTH PRODUCTS
new jersey state office of the public defender,CIVIL SERVANTS/PUBLIC OFFICIALS
know your ix,WOMEN'S ISSUES
women business owners and ceos,BUSINESS SERVICES
native youth sexual health network,TRIBAL GOVERNMENTS
kokoa kamili,MINING
u.s. coast guard special victims’ counsel program,CIVIL SERVANTS/PUBLIC OFFICIALS
natl org for victim assistance,HUMAN RIGHTS
coalition on homelessness and housing ohio,OTHER/SINGLE ISSUE GROUPS
azavea,COMPUTER EQUIPMENT & SERVICES
nc values inst,CHRISTIAN CONSERVATIVE
women’s inst for freedom of the press,WOMEN'S ISSUES
arc of ohio,MINORITY & DISABILITY GROUPS
friends comm on natl legislation,OTHER/SINGLE ISSUE GROUPS
age verification providers assn,COMPUTER EQUIPMENT & SERVICES
worker safety advocates,GENERAL TRADE UNIONS
utah chiefs of police assn,PUBLIC SECTOR UNIONS
san francisco soc for the prevention of cruelty to animals,ANIMAL RIGHTS
mylan pharmaceutical industry co.,PHARMACEUTICALS & HEALTH PRODUCTS
comm to support the antitrust laws,OTHER/SINGLE ISSUE GROUPS
advocates for safe water sources,PRO-ENVIRONMENTAL POLICY
california gun rights fdn,GUN CONTROL
specialty equipment market assn,AUTOMOTIVE
tripadvisor,LODGING & TOURISM
fresenius kabi usa,PHARMACEUTICALS & HEALTH PRODUCTS
grower-shipper assn of santa barbara and san luis obispo counties,CROP PRODUCTION & BASIC PROCESSING
edison electric inst,ELECTRIC UTILITIES
realtors land inst,REAL ESTATE
florida wildlife fed,PRO-ENVIRONMENTAL POLICY
north american interfraternity conference,EDUCATION
co-chairs of the american bankruptcy inst’s commission to study the reform of chapter 11,LAWYERS & LOBBYISTS
natl press photographers assn,PRINTING & PUBLISHING
tony’s chocolonely,FOOD PROCESSING & SALES
cleveland state university,EDUCATION
natl ctr for health research,PHARMACEUTICALS & HEALTH PRODUCTS
bible churches chaplaincy,CLERGY
siecus: sex ed for social change,OTHER/SINGLE ISSUE GROUPS
united therapeutics corporation,PHARMACEUTICALS & HEALTH PRODUCTS
corteva agriscience,AGRICULTURAL SERVICES & PRODUCTS
southwest voter registration education project (svrep) action fund,LIBERAL POLICY ORGANIZATION
intervarsity christian fellowship/usa,CLERGY
new york state teamsters conference pension and retirement fund,TRANSPORTATION UNIONS
regional airline assn,AIR TRANSPORT
dixon ctr for military and veterans services,WELFARE/SOCIAL WORK
pelican inst for public policy,CONSERVATIVE POLICY ORGANIZATION
oregon consumer justice,LAWYERS & LOBBYISTS
massachusetts rivers alliance,PRO-ENVIRONMENTAL POLICY
nebraska urban indian health coalition,TRIBAL GOVERNMENTS
safety net project of the urban justice ctr,OTHER/SINGLE ISSUE GROUPS
diné hataałii assn,TRIBAL GOVERNMENTS
natl academy of education,EDUCATION
turkish red crescent,NONPROFIT INSTITUTIONS
indiana legal services,LAWYERS & LOBBYISTS
massachusetts lgbtq bar assn,GAY/LESBIAN RIGHTS & ISSUES
nottawaseppi huron band of the potawatomi,TRIBAL GOVERNMENTS
shilo nj,LODGING & TOURISM
divine word college,EDUCATION
safe spaces,GAY/LESBIAN RIGHTS & ISSUES
tampa bay access force,OTHER/SINGLE ISSUE GROUPS
gay men’s health crisis,GAY/LESBIAN RIGHTS & ISSUES
pueblo of jemez,TRIBAL GOVERNMENTS
women’s mining coalition,WOMEN'S ISSUES
wages and white lion investments d/b/a triton distribution,MISCELLANEOUS SERVICES
colorado republican comm,PARTY COMMITTEES
advocates for children of new york,HUMAN RIGHTS
legal services for children,LAWYERS & LOBBYISTS
bohemia mine owners assn,MINING
assn for biblical higher education,EDUCATION
united in purpose,MINORITY & DISABILITY GROUPS
refugee and immigrant ctr for education and legal services,OTHER/SINGLE ISSUE GROUPS
swords to plowshares,"MISCELLANEOUS FINANCE, INSURANCE & REAL ESTATE"
associazione federico nel cuore,OTHER/SINGLE ISSUE GROUPS
sportsmen’s assn for firearms education,GUN CONTROL
ctr for the study of law and genocide,HUMAN RIGHTS
cbs television network affiliates assn,TV & MOVIE PRODUCTION/DISTRIBUTION
access justice,LAWYERS & LOBBYISTS
iowa coalition against domestic violence,WOMEN'S ISSUES
housing oregon,OTHER/SINGLE ISSUE GROUPS
american college of pediatricians,HEALTH PROFESSIONALS
amnesty intl,HUMAN RIGHTS
friends of the everglades,PRO-ENVIRONMENTAL POLICY
georgetown asian pacific islander leadership forum,MINORITY & DISABILITY GROUPS
autistic self advocacy network,MINORITY & DISABILITY GROUPS
phoenix dream ctr,OTHER/SINGLE ISSUE GROUPS
onion,PRINTING & PUBLISHING
virginia freedom keepers,LIBERAL POLICY ORGANIZATION
nobody leaves mid-hudson,OTHER/SINGLE ISSUE GROUPS
southwest voter registration education project,LIBERAL POLICY ORGANIZATION
texas municipal police assn,PUBLIC SECTOR UNIONS
intl assn of chiefs of police,PUBLIC SECTOR UNIONS
catholic radio assn,TV & MOVIE PRODUCTION/DISTRIBUTION
houston baptist university,EDUCATION
california assn of health facilities,HOSPITALS & NURSING HOMES
new jersey libertarian party,PARTY COMMITTEES
former members of the oklahoma death penalty review commission,CIVIL SERVANTS/PUBLIC OFFICIALS
assn of jesuit colleges and universities,EDUCATION
caselaw access project,LAWYERS & LOBBYISTS
soc for evidence-based gender medicine,HEALTH PROFESSIONALS
catholic university of america,EDUCATION
east bay community law ctr,LAWYERS & LOBBYISTS
css,WELFARE/SOCIAL WORK
nacs,RETAIL SALES
grab them by the ballot,WOMEN'S ISSUES
assn of academic health ctr,EDUCATION
financial executives intl,ACCOUNTANTS
maciver inst for public policy,CONSERVATIVE POLICY ORGANIZATION
natl council of catholic women,CHRISTIAN CONSERVATIVE
idaho coalition for safe healthcare,HEALTH PROFESSIONALS
mountain state justice,LAWYERS & LOBBYISTS
ohio coal assn,MINING
southwest ctr for economic integrity (arizona),CONSUMER GROUPS
lutheran immigration and refugee service,WELFARE/SOCIAL WORK
women’s legal defense and education fund,WOMEN'S ISSUES
generals redoubt,OTHER/SINGLE ISSUE GROUPS
green party natl comm,PARTY COMMITTEES
lindsay and matt moroun religious liberty clinic,LAWYERS & LOBBYISTS
west texas for life,ABORTION POLICY
captive insurance companies assn,INSURANCE
eight legal org,OTHER/SINGLE ISSUE GROUPS
new york abortion access fund,ABORTION POLICY
natl safe place network,WELFARE/SOCIAL WORK
emerson electric co.,MISCELLANEOUS MANUFACTURING & DISTRIBUTING
urge: unite for reproductive and gender equity,ABORTION POLICY
safe call now,WELFARE/SOCIAL WORK
natl inst for reproductive health,ABORTION POLICY
public interest law ctr,LAWYERS & LOBBYISTS
natl soc of tax professionals,ACCOUNTANTS
summit heartland d/b/a heartland builders co.,HOME BUILDERS
lgbtq bar assn of philadelphia,GAY/LESBIAN RIGHTS & ISSUES
americans against gun violence,GUN CONTROL
lafayette college,EDUCATION
flandreau santee sioux tribe,TRIBAL GOVERNMENTS
professional photographers of america,MISCELLANEOUS SERVICES
notre dame law school religious liberty initiative,EDUCATION
lignite energy council,MISCELLANEOUS ENERGY & NATURAL RESOURCES
intl paper company,FORESTRY & FOREST PRODUCTS
project on government oversight,OTHER/SINGLE ISSUE GROUPS
farm action,CROP PRODUCTION & BASIC PROCESSING
natl right to work comm,GENERAL TRADE UNIONS
assn of women’s health obstetric and neonatal nurses,HEALTH PROFESSIONALS
neighborhood health plan of rhode island,HEALTH SERVICES
support our aging religious (soar!),WELFARE/SOCIAL WORK
natl liquor law enforcement assn,PUBLIC SECTOR UNIONS
saving america’s family enterprises,CONSERVATIVE POLICY ORGANIZATION
indivisible project,LIBERAL POLICY ORGANIZATION
new jersey state bar assn,LAWYERS & LOBBYISTS
carval gcf lux master s.a.r.l.,SECURITIES & INVESTMENT
indiana prosecuting attorneys council,CIVIL SERVANTS/PUBLIC OFFICIALS
iowa motor truck assn,TRUCKING
reliable energy,MISCELLANEOUS ENERGY
california assn of realtors®,REAL ESTATE
ability housing,REAL ESTATE
procraft masonry,SPECIAL TRADE CONTRACTORS
periods pill project,PHARMACEUTICALS & HEALTH PRODUCTS
environmental org,PRO-ENVIRONMENTAL POLICY
natl cotton council,CROP PRODUCTION & BASIC PROCESSING
natl ctr for law and economic justice,OTHER/SINGLE ISSUE GROUPS
conservation alliance of st. lucie county,PRO-ENVIRONMENTAL POLICY
romanian orthodox metropolia of the americas,CLERGY
native alliance against violence,OTHER/SINGLE ISSUE GROUPS
uplift,OTHER/SINGLE ISSUE GROUPS
african american antitrust lawyers,LAWYERS & LOBBYISTS
ywca kalamazoo,WOMEN'S ISSUES
banner university health plans,INSURANCE
texas equal access fund (tea fund),ABORTION POLICY
consumer credit industry assn,FINANCE & CREDIT COMPANIES
central american resource ctr of northern ca-carecen sf,MINORITY & DISABILITY GROUPS
brewers assn,"BEER, WINE & LIQUOR"
mount mary university,EDUCATION
redlich horwitz fdn,NONPROFIT INSTITUTIONS
petroleum alliance of oklahoma,OIL & GAS
major brands,"BEER, WINE & LIQUOR"
issue one,OTHER/SINGLE ISSUE GROUPS
abortion access front,ABORTION POLICY
robbinsdale parkway united church of christ,CLERGY
chemistry and the law div of the american chemical soc,CHEMICAL & RELATED MANUFACTURING
hispanic natl bar assn,LAWYERS & LOBBYISTS
nashville songwriters assn intl,"BANDS, ORCHESTRAS & OTHER LIVE MUSIC PRODUCTION"
oklahoma criminal defense lawyers assn,LAWYERS & LOBBYISTS
california state assn of counties,CIVIL SERVANTS/PUBLIC OFFICIALS
montgomery county public defender,CIVIL SERVANTS/PUBLIC OFFICIALS
riverside county gun owners,GUN CONTROL
natl trafficking sheltered alliance,OTHER/SINGLE ISSUE GROUPS
ad hoc grp of local councils of the boy scouts of america,NONPROFIT INSTITUTIONS
rural community assistance partnership,WASTE MANAGEMENT
natl women’s soccer league players assn,GENERAL TRADE UNIONS
louisiana vaping assn,TOBACCO
brothers of the christian schools-dist. of eastern north america,CLERGY
greater san antonio chinese chamber of commerce,BUSINESS ASSOCIATIONS
natl assn of wine retailers,"BEER, WINE & LIQUOR"
american beverage licensees,"BEER, WINE & LIQUOR"
intl commission for labor rights,GENERAL TRADE UNIONS
tennessee for safe homes,WELFARE/SOCIAL WORK
grinnell college,EDUCATION
legal aid services of oklahoma,LAWYERS & LOBBYISTS
gullah geechee chamber of commerce,BUSINESS ASSOCIATIONS
washington defender assn,CIVIL SERVANTS/PUBLIC OFFICIALS
capital appeals project,LAWYERS & LOBBYISTS
families empowered,OTHER/SINGLE ISSUE GROUPS
annie e. casey fdn,NONPROFIT INSTITUTIONS
ogilvy,BUSINESS SERVICES
us inventor,BUSINESS SERVICES
missouri org of defense lawyers,LAWYERS & LOBBYISTS
fed of defense and corporate counsel,LAWYERS & LOBBYISTS
natl council for behavioral health,HEALTH PROFESSIONALS
last prisoner project,MARIJUANA GROWERS & PRODUCT SALES
best friends animal soc,ANIMAL RIGHTS
working narratives,LIBERAL POLICY ORGANIZATION
university ymca new american welcome ctr,NONPROFIT INSTITUTIONS
australian professional assn for trans health (auspath),HEALTH PROFESSIONALS
natl assn of school nurses,HEALTH PROFESSIONALS
episcopal diocese of maryland,CLERGY
bill wilson ctr,WELFARE/SOCIAL WORK
american vapor grp d/b/a red star vapor,TOBACCO
regional housing legal services,LAWYERS & LOBBYISTS
space exploration technologies,DEFENSE AEROSPACE
california special districts assn,CIVIL SERVANTS/PUBLIC OFFICIALS
immigration equality,GAY/LESBIAN RIGHTS & ISSUES
empire state norml,MARIJUANA GROWERS & PRODUCT SALES
michigan conservative chinese americans,CONSERVATIVE POLICY ORGANIZATION
north carolina inst for constitutional law,CONSERVATIVE POLICY ORGANIZATION
upmc health plan,INSURANCE
mississippi republican party,PARTY COMMITTEES
pilgrim congregational church of oak park ucc,CLERGY
men for life,ABORTION POLICY
ringcentral,TELECOM SERVICES & EQUIPMENT
englewood community development corporation,REAL ESTATE
florida cancer specialists and research inst,HEALTH PROFESSIONALS
museum of modern art,NONPROFIT INSTITUTIONS
aclu of massachusetts,OTHER/SINGLE ISSUE GROUPS
walt disney company,RECREATION & LIVE ENTERTAINMENT
brewery techne,"BEER, WINE & LIQUOR"
tennessee railroad assn,RAILROADS
uufhc,HOSPITALS & NURSING HOMES
north carolina trucking assoc.,TRUCKING
american college of obstetricians and gynecologists,HEALTH PROFESSIONALS
matteoni o’laughlin and hechtman,LAWYERS & LOBBYISTS
mississippi district attorneys assn,CIVIL SERVANTS/PUBLIC OFFICIALS
arizona county treasurers assn,CIVIL SERVANTS/PUBLIC OFFICIALS
council of university chairs of obstetrics and gynecology,HEALTH PROFESSIONALS
european cocoa assn,FOOD PROCESSING & SALES
techfreedom,OTHER/SINGLE ISSUE GROUPS
reproductive equity now,ABORTION POLICY
canal alliance,MINORITY & DISABILITY GROUPS
access living of metropolitan chicago,MINORITY & DISABILITY GROUPS
california water utilities assn,WATER UTILITIES
philanthropy california,NONPROFIT INSTITUTIONS
natl community pharmacists assn,HEALTH PROFESSIONALS
natl conference of state legislatures,CIVIL SERVANTS/PUBLIC OFFICIALS
regenxbio,PHARMACEUTICALS & HEALTH PRODUCTS
sts. joachim and ann care service,WELFARE/SOCIAL WORK
dramatists legal defense fund,LIVE THEATER/OTHER ENTERTAINMENT PRODUCTIONS
internet assn,COMPUTER EQUIPMENT & SERVICES
claremont mckenna college,EDUCATION
dell technologies,COMPUTER EQUIPMENT & SERVICES
women’s voices raised for social justice,WOMEN'S ISSUES
associated electric cooperative,ELECTRIC UTILITIES
somerville homeless coalition,OTHER/SINGLE ISSUE GROUPS
american college of occupational and environmental medicine,HEALTH PROFESSIONALS
thou art embrace the rock,CHRISTIAN CONSERVATIVE
ucare,INSURANCE
submarine entertainment,SEA TRANSPORT
vertientes-camaguey sugar company,CROP PRODUCTION & BASIC PROCESSING
freedom ctr fdn,NONPROFIT INSTITUTIONS
catholic benefits assn,INSURANCE
erisa industry comm,BUSINESS ASSOCIATIONS
second amendment fdn,GUN CONTROL
metropolitan museum of art,NONPROFIT INSTITUTIONS
michigan woman forward,WOMEN'S ISSUES
inst for the development and preservation of culture and self-sufficiency,OTHER/SINGLE ISSUE GROUPS
kentucky vaping retailers assn,TOBACCO
archaeology southwest,OTHER/SINGLE ISSUE GROUPS
wyandotte nation,TRIBAL GOVERNMENTS
united policyholders,INSURANCE
tim and natalie case fdn,NONPROFIT INSTITUTIONS
plastic pipe and fittings assn,BUILDING MATERIALS & EQUIPMENT
723vape,TOBACCO
united keetoowah band of cherokee indians in oklahoma,TRIBAL GOVERNMENTS
natl whistleblower ctr,BUSINESS SERVICES
mississippi college,EDUCATION
maryland network against domestic violence,OTHER/SINGLE ISSUE GROUPS
array photonics,ELECTRONICS MANUFACTURING & SERVICES
assn of mature american citizens,CONSERVATIVE POLICY ORGANIZATION
kentucky health justice network,HEALTH & WELFARE POLICY
natl ctr for public policy research,CONSERVATIVE POLICY ORGANIZATION
lawyers for civil justice,LAWYERS & LOBBYISTS
american atheists,NONPROFIT INSTITUTIONS
rincon band of luiseño indians,TRIBAL GOVERNMENTS
cystic fibrosis fdn,HEALTH & WELFARE POLICY
new yorkers for responsible lending,GAMBLING & CASINOS
op murse holdings d/b/a opmh project,REAL ESTATE
university risk management and insurance assn,INSURANCE
muscogee (creek) nation,TRIBAL GOVERNMENTS
vivent health,HEALTH SERVICES
libertarian party of georgia,PARTY COMMITTEES
formerly incarcerated convicted people and families movement,OTHER/SINGLE ISSUE GROUPS
fair housing ctr,OTHER/SINGLE ISSUE GROUPS
montana assn of rabbis,CLERGY
lutheran church-missouri synod,CLERGY
law project of the chicago coalition for the homeless,OTHER/SINGLE ISSUE GROUPS
dtx pharma,PHARMACEUTICALS & HEALTH PRODUCTS
greater new york hospital assn,HOSPITALS & NURSING HOMES
california protective parents assn,OTHER/SINGLE ISSUE GROUPS
natl alliance for public charter schools,PUBLIC EDUCATION POLICY
san carlos apache tribe,TRIBAL GOVERNMENTS
verizon services,TELECOM SERVICES & EQUIPMENT
south carolina school boards assn,EDUCATION
second genome,PHARMACEUTICALS & HEALTH PRODUCTS
zero point zero production,TV & MOVIE PRODUCTION/DISTRIBUTION
asian pacific american gun owners assoc.,GUN CONTROL
captive insurance grp of new jersey,INSURANCE
pennsylvania pregnancy wellness collaborative,HEALTH SERVICES
serendipity alliance healthcare consultants,HEALTH SERVICES
chamber of commerce of the united states of america,BUSINESS ASSOCIATIONS
utah chinese golden spike soc,MINORITY & DISABILITY GROUPS
housing opportunities made equal of virginia,OTHER/SINGLE ISSUE GROUPS
assn of forensic quality assurance managers,CIVIL SERVANTS/PUBLIC OFFICIALS
fair housing ctr of southeast and mid michigan,OTHER/SINGLE ISSUE GROUPS
los angeles area chamber of commerce,BUSINESS ASSOCIATIONS
planned parenthood of arkansas and eastern oklahoma,ABORTION POLICY
religious coalition for reproductive choice,OTHER/SINGLE ISSUE GROUPS
pediatric endocrine soc,HEALTH PROFESSIONALS
council on pornography reform,OTHER/SINGLE ISSUE GROUPS
t. rowe price,SECURITIES & INVESTMENT
washington alliance of technology workers,GENERAL TRADE UNIONS
family policy alliance of new mexico,CHRISTIAN CONSERVATIVE
daya,HOSPITALS & NURSING HOMES
bullsugar.org,OTHER/SINGLE ISSUE GROUPS
texas right to life,ABORTION POLICY
oklahoma assn of chiefs of police,PUBLIC SECTOR UNIONS
j. paul getty trust,NONPROFIT INSTITUTIONS
natl org of sisters of color ending sexual assault,OTHER/SINGLE ISSUE GROUPS
oklahoma christian university,EDUCATION
amalgamated bank,COMMERCIAL BANKS
federación estatal de lesbianas gais trans bisexuales intersexuales y más (felgtbi+),GAY/LESBIAN RIGHTS & ISSUES
plantation pipe line company,OIL & GAS
natl music publishers’ assn,RETAIL SALES
fundamedios,BUSINESS SERVICES
aids healthcare fdn,HEALTH SERVICES
argent,REAL ESTATE
third party payment processors assn,MISCELLANEOUS FINANCE
in our own voice: natl black women’s reproductive justice agenda,WOMEN'S ISSUES
memphis chapter of the a. philip randolph inst,GENERAL TRADE UNIONS
mississippi trucking assn,TRUCKING
natl assn for natl sexual offense laws,OTHER/SINGLE ISSUE GROUPS
nebraska family action,CHRISTIAN CONSERVATIVE
original ventures,REAL ESTATE
survivors network of those abused by priests,OTHER/SINGLE ISSUE GROUPS
intl council of shopping ctr,REAL ESTATE
ryan residency training program,HEALTH PROFESSIONALS
intel corporation,ELECTRONICS MANUFACTURING & SERVICES
paypal,COMPUTER EQUIPMENT & SERVICES
enliven cacao,FOOD PROCESSING & SALES
united cultural assn,MINORITY & DISABILITY GROUPS
crohn’s and colitis fdn,HEALTH & WELFARE POLICY
medicaid and medicare advantage products assn of puerto rico,INSURANCE
graphic artists guild,GENERAL TRADE UNIONS
el paso monthly meeting of the religious soc of friends (quakers),CLERGY
rheem manufacturing co.,MISCELLANEOUS MANUFACTURING & DISTRIBUTING
council of multiple listing services,REAL ESTATE
defend american ideals,OTHER/SINGLE ISSUE GROUPS
georgia interfaith power and light,CLERGY
project south atlanta georgia,MINORITY & DISABILITY GROUPS
safe harbor mission,WELFARE/SOCIAL WORK
west virginia ctr on budget and policy,LIBERAL POLICY ORGANIZATION
airbus helicopters,DEFENSE AEROSPACE
constitutional accountability ctr,LIBERAL POLICY ORGANIZATION
united states conference of catholic bishops,CLERGY
in his presence outreach ctr,CLERGY
women’s media ctr,WOMEN'S ISSUES
fair housing advocates of northern california,OTHER/SINGLE ISSUE GROUPS
wine inst,"BEER, WINE & LIQUOR"
black attorneys of legal aid,LAWYERS & LOBBYISTS
bureau of investigative journalism,PRINTING & PUBLISHING
district of columbia assn of criminal defense lawyers,LAWYERS & LOBBYISTS
information technology industry council,COMPUTER EQUIPMENT & SERVICES
penguin random house,PRINTING & PUBLISHING
assn county commissioners of georgia,CIVIL SERVANTS/PUBLIC OFFICIALS
assn of criminal defense lawyers of new jersey,LAWYERS & LOBBYISTS
women hurt by abortion,ABORTION POLICY
incarda therapeutics,PHARMACEUTICALS & HEALTH PRODUCTS
united steel paper and forestry rubber manufacturing energy allied industrial and service workers intl union afl-cio clc,GENERAL TRADE UNIONS
afp-westchester ny,CONSERVATIVE POLICY ORGANIZATION
sero project,HEALTH & WELFARE POLICY
renetx bio,PHARMACEUTICALS & HEALTH PRODUCTS
phoenix fdn nfp,NONPROFIT INSTITUTIONS
christian life ctr,CLERGY
natl council of jewish women greater dallas section,WOMEN'S ISSUES
u.s. marine corps victims’ legal counsel org,LAWYERS & LOBBYISTS
unhoused neighbors union missoula,GENERAL TRADE UNIONS
oklahoma trucking assn,TRUCKING
ctr for environmental accountability,PRO-ENVIRONMENTAL POLICY
craigslist,COMPUTER EQUIPMENT & SERVICES
cangress,MARIJUANA GROWERS & PRODUCT SALES
initiative and referendum inst,OTHER/SINGLE ISSUE GROUPS
keep the republic,CONSERVATIVE POLICY ORGANIZATION
american cornerstone inst,CONSERVATIVE POLICY ORGANIZATION
brigham young university-idaho,EDUCATION
one nation under god fdn,CHRISTIAN CONSERVATIVE
washington state coalition against domestic violence,OTHER/SINGLE ISSUE GROUPS
arizona capital representation project,LAWYERS & LOBBYISTS
afp-hampton va chapter,LIBERAL POLICY ORGANIZATION
professional assn for transgender health aotearoa new zealand (patha nz),HEALTH PROFESSIONALS
black veterans project,MINORITY & DISABILITY GROUPS
leadership inst,CONSERVATIVE POLICY ORGANIZATION
american soc of media photographers,BUSINESS SERVICES
theo chocolate,FOOD PROCESSING & SALES
aarp fdn,ELDERLY/SOCIAL SECURITY
western states sheriffs’ assn,PUBLIC SECTOR UNIONS
advocates for empowerment ca,OTHER/SINGLE ISSUE GROUPS
static control components,ELECTRONICS MANUFACTURING & SERVICES
massachusetts family inst,CHRISTIAN CONSERVATIVE
new garden friends meeting,CLERGY
montana family fdn,CHRISTIAN CONSERVATIVE
j-vapor d/b/a north shore vapor,TOBACCO
district of columbia historians,NONPROFIT INSTITUTIONS
rights watch intl,HUMAN RIGHTS
glaxosmithkline,PHARMACEUTICALS & HEALTH PRODUCTS
colorado principled physicians and texas principled physicians,HEALTH PROFESSIONALS
professional assn for customer engagement,BUSINESS SERVICES
criminal defense org,LAWYERS & LOBBYISTS
maricopa county community college district,EDUCATION
california women’s law ctr,WOMEN'S ISSUES
rachel’s vineyard,OTHER/SINGLE ISSUE GROUPS
southern christian leadership conference of southern california,MINORITY & DISABILITY GROUPS
glbtq legal advocates and defenders,GAY/LESBIAN RIGHTS & ISSUES
university of chicago,EDUCATION
children’s law ctr of minnesota,OTHER/SINGLE ISSUE GROUPS
legal action ctr,LAWYERS & LOBBYISTS
amvets natl service fdn,MISCELLANEOUS DEFENSE
inst for policy integrity,PRO-ENVIRONMENTAL POLICY
athletes for care,MISCELLANEOUS SERVICES
21 in right,OTHER/SINGLE ISSUE GROUPS
florida assn for criminal defense lawyers,LAWYERS & LOBBYISTS
california hospital assn,HOSPITALS & NURSING HOMES
ctr for food safety,PRO-ENVIRONMENTAL POLICY
phillips black,LAWYERS & LOBBYISTS
virginia shooting sports assn,HUNTING
rd legal funding partners lp,MISCELLANEOUS FINANCE
rabbinical assembly,CLERGY
samsung electronics co.,ELECTRONICS MANUFACTURING & SERVICES
united states concealed carry assn,GUN CONTROL
united chinese assn of utah,MINORITY & DISABILITY GROUPS
flying fish brewing co.,"BEER, WINE & LIQUOR"
tennessee environmental council,PRO-ENVIRONMENTAL POLICY
east bay sanctuary covenant,OTHER/SINGLE ISSUE GROUPS
womxn project,WOMEN'S ISSUES
montana chamber of commerce,BUSINESS ASSOCIATIONS
guidance ctr,HEALTH SERVICES
oregon business and industry,BUSINESS ASSOCIATIONS
religious inst,CLERGY
roadwomen,GENERAL TRADE UNIONS
oklahoma policy inst,LIBERAL POLICY ORGANIZATION
collaborative solutions,LAWYERS & LOBBYISTS
missouri press assn,PRINTING & PUBLISHING
oklahoma call for reproductive justice,ABORTION POLICY
synthex,PHARMACEUTICALS & HEALTH PRODUCTS
western states petroleum assn,OIL & GAS
far west texas regional public defender,CIVIL SERVANTS/PUBLIC OFFICIALS
hudson valley hispanic bar assn,LAWYERS & LOBBYISTS
insights assn,BUSINESS SERVICES
associazione casa di accoglienza delle donne maltrattate milano,WELFARE/SOCIAL WORK
assn of governing boards of universities and colleges,EDUCATION
nebraska hospital assn,HOSPITALS & NURSING HOMES
college and university professional assn for human resources,EDUCATION
american gateways,LAWYERS & LOBBYISTS
engine advocacy,BUSINESS SERVICES
bayou city waterkeeper,PRO-ENVIRONMENTAL POLICY
edward lifesciences,PHARMACEUTICALS & HEALTH PRODUCTS
cardinal inst for west virginia policy,CONSERVATIVE POLICY ORGANIZATION
sutton magidoff llp,LAWYERS & LOBBYISTS
maine coalition to end domestic violence,OTHER/SINGLE ISSUE GROUPS
stand-up mobile,BUSINESS SERVICES
natl freedom of information coalition,OTHER/SINGLE ISSUE GROUPS
evolent health,HEALTH SERVICES
gun owners of california,GUN CONTROL
gays against guns,GAY/LESBIAN RIGHTS & ISSUES
criminal defense attorneys of michigan,LAWYERS & LOBBYISTS
east bay family defenders,LAWYERS & LOBBYISTS
busted halo,NONPROFIT INSTITUTIONS
cross catholic outreach,CLERGY
amyloidosis fdn,HEALTH & WELFARE POLICY
cheswold (foxhill),REAL ESTATE
cedarville university,EDUCATION
rental property assn of wisconsin,REAL ESTATE
pre-health dreamers,HEALTH PROFESSIONALS
american chemistry council,CHEMICAL & RELATED MANUFACTURING
immaculate heart of mary catholic school,EDUCATION
missouri assn of prosecuting attorneys,CIVIL SERVANTS/PUBLIC OFFICIALS
ltac of louisiana,HEALTH PROFESSIONALS
south texas electric cooperative,ELECTRIC UTILITIES
amica ctr for immigrant rights,OTHER/SINGLE ISSUE GROUPS
river-sea chocolates,FOOD PROCESSING & SALES
service women’s action network,WOMEN'S ISSUES
natl public radio,TV & MOVIE PRODUCTION/DISTRIBUTION
american seniors housing assn,REAL ESTATE
veteran housing,REAL ESTATE
owl creek asia master fund,SECURITIES & INVESTMENT
cause of action inst,OTHER/SINGLE ISSUE GROUPS
justice defense fund,CANDIDATE COMMITTEES
my faith votes,CHRISTIAN CONSERVATIVE
sailors’ union of the pacific,TRANSPORTATION UNIONS
confederated tribes of coos lower umpqua and siuslaw indians,TRIBAL GOVERNMENTS
hanlin education fdn of america,EDUCATION
kentucky captive assn,INSURANCE
occupy the sec,OTHER/SINGLE ISSUE GROUPS
aliklay productions,TV & MOVIE PRODUCTION/DISTRIBUTION
hana ctr,BUSINESS SERVICES
natl council of asian pacific americans,MINORITY & DISABILITY GROUPS
thomas jefferson inst for public policy,CONSERVATIVE POLICY ORGANIZATION
american cancer soc cancer action network,HEALTH & WELFARE POLICY
kentucky assn of chiefs of police,PUBLIC SECTOR UNIONS
venice stakeholders assn,OTHER/SINGLE ISSUE GROUPS
baltimore asian resistance in solidarity,MINORITY & DISABILITY GROUPS
edgeline films,TV & MOVIE PRODUCTION/DISTRIBUTION
new york lawyers for the public interest,LAWYERS & LOBBYISTS
lawrence university,EDUCATION
california building industry assn,HOME BUILDERS
innovation defense fdn,DEFENSE AEROSPACE
abstract productions,TV & MOVIE PRODUCTION/DISTRIBUTION
dolores street community services,WELFARE/SOCIAL WORK
aloha feels,MISCELLANEOUS SERVICES
pennsylvania coalition to advance respect,OTHER/SINGLE ISSUE GROUPS
texas mining and reclamation assn,MINING
rethinking eve,WOMEN'S ISSUES
cencal health,INSURANCE
wine and spirits wholesalers of america,"BEER, WINE & LIQUOR"
cedars-sinai medical ctr,HOSPITALS & NURSING HOMES
sikh coalition,MINORITY & DISABILITY GROUPS
liberty university,EDUCATION
pharmaceutical care management assn,PHARMACEUTICALS & HEALTH PRODUCTS
medicalcue,PHARMACEUTICALS & HEALTH PRODUCTS
montana shooting sports assn,GUN CONTROL
bellarmine university,EDUCATION
american waterways operators,SEA TRANSPORT
arkansas united community coalition,LIBERAL POLICY ORGANIZATION
nebraska coalition to end domestic and sexual violence,OTHER/SINGLE ISSUE GROUPS
sacramento native american health ctr,HEALTH SERVICES
community health choice,HEALTH SERVICES
bain and company,BUSINESS SERVICES
royal bank of canada,COMMERCIAL BANKS
just futures law,OTHER/SINGLE ISSUE GROUPS
american mining rights assn,MINING
exit 19 productions,TV & MOVIE PRODUCTION/DISTRIBUTION
employers health purchasing corporation,INSURANCE
roblox corporation,COMPUTER EQUIPMENT & SERVICES
kentucky jailers assn,CIVIL SERVANTS/PUBLIC OFFICIALS
union of chambers and commodity exchanges of turkiye,BUSINESS SERVICES
bloomington friends meeting,CLERGY
ctr for bioethics and culture,PHARMACEUTICALS & HEALTH PRODUCTS
defend my privacy,COMPUTER EQUIPMENT & SERVICES
vecina,OTHER/SINGLE ISSUE GROUPS
montana county attorneys assn,CIVIL SERVANTS/PUBLIC OFFICIALS
outcenter of southwest michigan,GAY/LESBIAN RIGHTS & ISSUES
manchester community college,EDUCATION
natl org of veterans’ advocates,LAWYERS & LOBBYISTS
core: community organizing for radical empathy,LIBERAL POLICY ORGANIZATION
maine state troopers assn,PUBLIC SECTOR UNIONS
asista immigration assistance,LAWYERS & LOBBYISTS
american car rental assn,AUTOMOTIVE
urban indian health inst,HEALTH SERVICES
public advocate of the united states,CONSERVATIVE POLICY ORGANIZATION
global justice ctr,LAWYERS & LOBBYISTS
retired florida judges and jurists,CIVIL SERVANTS/PUBLIC OFFICIALS
natl ctr for victims of crime,OTHER/SINGLE ISSUE GROUPS
cyrus opportunities master fund ii,SECURITIES & INVESTMENT
violence free minnesota,OTHER/SINGLE ISSUE GROUPS
leadership now project,CONSERVATIVE POLICY ORGANIZATION
communitycare,HEALTH SERVICES
hims,PHARMACEUTICALS & HEALTH PRODUCTS
sistersong,WOMEN'S ISSUES
law enforcement officers,PUBLIC SECTOR UNIONS
united community oriented development assn,OTHER/SINGLE ISSUE GROUPS
young women’s christian assn usa,WOMEN'S ISSUES
michigan realtors®,REAL ESTATE
fertilizer inst,AGRICULTURAL SERVICES & PRODUCTS
ruralorganizing.org education fund,LIBERAL POLICY ORGANIZATION
equality north carolina,GAY/LESBIAN RIGHTS & ISSUES
sound rivers,PRO-ENVIRONMENTAL POLICY
jews for the preservation of firearms ownership,GUN CONTROL
harpeth financial services,SECURITIES & INVESTMENT
alaska right to life,ABORTION POLICY
florida water environment assn-utility council,WATER UTILITIES
independent oil and gas assn of west virginia,OIL & GAS
vertigo vapor d/b/a baton vapor,"BEER, WINE & LIQUOR"
next egg investments (nff) lp,SECURITIES & INVESTMENT
current and former elected officials of guam,CIVIL SERVANTS/PUBLIC OFFICIALS
mcdermott will and emery llp,LAWYERS & LOBBYISTS
natl butterfly ctr,NONPROFIT INSTITUTIONS
mazzoni ctr,HEALTH SERVICES
wine and spirits wholesalers of tennessee,"BEER, WINE & LIQUOR"
acadiana management grp,MISCELLANEOUS FINANCE
natl advocacy ctr of the sisters of the good shepherd,CLERGY
oregon district attorneys assn,CIVIL SERVANTS/PUBLIC OFFICIALS
relive,HEALTH SERVICES
calvary chapel fort lauderdale,CLERGY
congregation of the sacred hearts-us province,CLERGY
california assn of lawyers for education,LAWYERS & LOBBYISTS
women’s reproductive rights assistance project,WOMEN'S ISSUES
foothill church,CLERGY
new jersey inst for social justice,OTHER/SINGLE ISSUE GROUPS
onevirginia2021: virginians for fair redistricting,LIBERAL POLICY ORGANIZATION
hispanic fed,MINORITY & DISABILITY GROUPS
voices for children in nebraska,HUMAN RIGHTS
maine school boards assn,EDUCATION
intl law enforcement educators and trainers assn,PUBLIC SECTOR UNIONS
white house news photographers assn,CIVIL SERVANTS/PUBLIC OFFICIALS
tufts university,EDUCATION
infotech law offices,LAWYERS & LOBBYISTS
california employment lawyers assn,LAWYERS & LOBBYISTS
natl assn of realtors,REAL ESTATE
american postal workers union afl-cio,PUBLIC SECTOR UNIONS
fwd.us,OTHER/SINGLE ISSUE GROUPS
western union,MISCELLANEOUS FINANCE
fairchild semiconductor intl,ELECTRONICS MANUFACTURING & SERVICES
american soc of journalists and authors,PRINTING & PUBLISHING
kuta intellectual property law,LAWYERS & LOBBYISTS
woods fdn,NONPROFIT INSTITUTIONS
emory intellectual property soc,EDUCATION
holtec intl,MISCELLANEOUS ENERGY & NATURAL RESOURCES
ctr for the rights of abused children,HUMAN RIGHTS
capital area private defender service (texas),CIVIL SERVANTS/PUBLIC OFFICIALS
academy of managed care pharmacy,HEALTH PROFESSIONALS
educause,COMPUTER EQUIPMENT & SERVICES
trafficking in america task force,OTHER/SINGLE ISSUE GROUPS
court appointed special advocates of los angeles,OTHER/SINGLE ISSUE GROUPS
intuit,COMPUTER EQUIPMENT & SERVICES
netsoc,COMPUTER EQUIPMENT & SERVICES
stanford university,EDUCATION
rhode island ctr for freedom and prosperity,CONSERVATIVE POLICY ORGANIZATION
holocaust and nuremberg historians,NONPROFIT INSTITUTIONS
georgia audubon,PRO-ENVIRONMENTAL POLICY
chinese american parent assn of loudoun county (capa-loudoun),MINORITY & DISABILITY GROUPS
think and tell,EDUCATION
american iron and steel inst,STEEL
new york jewish agenda,MINORITY & DISABILITY GROUPS
central city hospitality house,WELFARE/SOCIAL WORK
independent insurance agents of n.c.,INSURANCE
autonomic technologies,PHARMACEUTICALS & HEALTH PRODUCTS
world relief,NONPROFIT INSTITUTIONS
university of missouri system,EDUCATION
gray panthers of san francisco,ELDERLY/SOCIAL SECURITY
middlebury college,EDUCATION
mid-south immigration advocates,MINORITY & DISABILITY GROUPS
american fed of teachers,PUBLIC SECTOR UNIONS
california peace officers’ assn,PUBLIC SECTOR UNIONS
fair inventing fund,OTHER/SINGLE ISSUE GROUPS
edmundite missions,NONPROFIT INSTITUTIONS
american bar assn,LAWYERS & LOBBYISTS
inter american press assn,PRINTING & PUBLISHING
unitarian universalists for social justice,CLERGY
natl religious broadcasters,TV & MOVIE PRODUCTION/DISTRIBUTION
federal public defender for the district of alaska,CIVIL SERVANTS/PUBLIC OFFICIALS
inst for justice and democracy in haiti,NONPROFIT INSTITUTIONS
natl assn of black owned broadcasters,TV & MOVIE PRODUCTION/DISTRIBUTION
bar assn for the district of columbia,LAWYERS & LOBBYISTS
protocol labs,COMPUTER EQUIPMENT & SERVICES
jane doe,OTHER/SINGLE ISSUE GROUPS
gender justice league,GAY/LESBIAN RIGHTS & ISSUES
veterans,MILITARY
atalanta therapeutics,PHARMACEUTICALS & HEALTH PRODUCTS
alabama disabilities advocacy program,OTHER/SINGLE ISSUE GROUPS
roy lichtenstein fdn,NONPROFIT INSTITUTIONS
american academy of pediatrics,HEALTH PROFESSIONALS
firefly chocolate,FOOD PROCESSING & SALES
logic technology development,COMPUTER EQUIPMENT & SERVICES
chevron corporation,OIL & GAS
texas riogrande legal aid-public defender div,CIVIL SERVANTS/PUBLIC OFFICIALS
communications workers of america,GENERAL TRADE UNIONS
libertarian natl comm,PARTY COMMITTEES
silver state equality-nevada,GAY/LESBIAN RIGHTS & ISSUES
my choice family care,HEALTH SERVICES
council of fashion designers of america,MISCELLANEOUS SERVICES
fair housing ctr of southwest michigan,OTHER/SINGLE ISSUE GROUPS
ptab bar assn,LAWYERS & LOBBYISTS
managed funds assn,SECURITIES & INVESTMENT
trocaire college,EDUCATION
small business majority,BUSINESS ASSOCIATIONS
san pasqual native women’s resource ctr,TRIBAL GOVERNMENTS
horizon actuarial services,INSURANCE
environmental fed of oklahoma,PRO-ENVIRONMENTAL POLICY
equality new york fund,OTHER/SINGLE ISSUE GROUPS
whitman-walker health,HOSPITALS & NURSING HOMES
portland cement assn,BUILDING MATERIALS & EQUIPMENT
cook childrens health plan,INSURANCE
northern california water assn,WATER UTILITIES
agilon health,HEALTH SERVICES
tip of the mitt watershed council,PRO-ENVIRONMENTAL POLICY
natl patient advocate fdn,HEALTH PROFESSIONALS
union of concerned scientists,PRO-ENVIRONMENTAL POLICY
soc of ob/gyn hospitalists,HEALTH PROFESSIONALS
american educational research assn,EDUCATION
for freedoms,LIBERAL POLICY ORGANIZATION
ihs markit,BUSINESS SERVICES
iac/interactivecorp,COMPUTER EQUIPMENT & SERVICES
republican state comm of delaware,PARTY COMMITTEES
industrial minerals assn-north america,MINING
defenders of wildlife,PRO-ENVIRONMENTAL POLICY
canon,ELECTRONICS MANUFACTURING & SERVICES
heartbeat intl,ABORTION POLICY
natl crime victim law inst,CIVIL SERVANTS/PUBLIC OFFICIALS
tully ctr for free speech,OTHER/SINGLE ISSUE GROUPS
jewish women intl,MINORITY & DISABILITY GROUPS
job creators network fdn,CONSERVATIVE POLICY ORGANIZATION
wisconsin chiefs of police assn,PUBLIC SECTOR UNIONS
new california state movement,OTHER/SINGLE ISSUE GROUPS
washington policy ctr,CONSERVATIVE POLICY ORGANIZATION
alaska republican party,PARTY COMMITTEES
natl equality action team,GAY/LESBIAN RIGHTS & ISSUES
concord fund,LIBERAL POLICY ORGANIZATION
mississippi ctr for justice,LAWYERS & LOBBYISTS
state farm bureaus of iowa,INSURANCE
kansas hospital assn,HOSPITALS & NURSING HOMES
cyber civil rights initiative,COMPUTER EQUIPMENT & SERVICES
cruise,AUTOMOTIVE
new york county lawyers’ assn,LAWYERS & LOBBYISTS
americans for family farmers,CROP PRODUCTION & BASIC PROCESSING
equal justice soc,OTHER/SINGLE ISSUE GROUPS
judson memorial church,CLERGY
generation justice,OTHER/SINGLE ISSUE GROUPS
federal public defender for the western district of washington,CIVIL SERVANTS/PUBLIC OFFICIALS
natl org for rare disorders,HEALTH & WELFARE POLICY
morongo band of mission indians,TRIBAL GOVERNMENTS
princetonians for free speech,OTHER/SINGLE ISSUE GROUPS
teachers insurance and annuity assn of america,INSURANCE
greater orlando natl org for women (greater orlando now),WOMEN'S ISSUES
assn of professional responsibility lawyers,LAWYERS & LOBBYISTS
ctr for children’s advocacy,OTHER/SINGLE ISSUE GROUPS
new jersey motor truck assn,TRUCKING
new york state cdfi coalition,COMMERCIAL BANKS
masgd (muslim alliance for sexual and gender diversity),MINORITY & DISABILITY GROUPS
solid ground washington,WELFARE/SOCIAL WORK
federal bar assn,LAWYERS & LOBBYISTS
catholic medical mission board,CLERGY
seta ry / seta rf / seta lgbtiq rights in finland,OTHER/SINGLE ISSUE GROUPS
girls,WOMEN'S ISSUES
frontline policy council (georgia),CONSERVATIVE POLICY ORGANIZATION
american hindu coalition,MINORITY & DISABILITY GROUPS
impact church of christ,CLERGY
ctr for military readiness,OTHER/SINGLE ISSUE GROUPS
them before us,OTHER/SINGLE ISSUE GROUPS
pennsylvania manufacturers assn,MISCELLANEOUS MANUFACTURING & DISTRIBUTING
global wildlife conservation,PRO-ENVIRONMENTAL POLICY
american fed for children,PUBLIC EDUCATION POLICY
lighthouse louisiana,NONPROFIT INSTITUTIONS
trucking assn of massachusetts,TRUCKING
pacific legal fdn,LAWYERS & LOBBYISTS
michigan assn of school boards,EDUCATION
lt. kenneth lee coontz vfw post 2446,GAMBLING & CASINOS
union of minority neighborhoods,MINORITY & DISABILITY GROUPS
civil liberties defense ctr,OTHER/SINGLE ISSUE GROUPS
donnelly college,EDUCATION
armed equality,GAY/LESBIAN RIGHTS & ISSUES
california rifle and pistol assn,GUN CONTROL
law office of michael lu,LAWYERS & LOBBYISTS
federal public defender for the district of oregon,CIVIL SERVANTS/PUBLIC OFFICIALS
first star,HUMAN RIGHTS
african services comm,MINORITY & DISABILITY GROUPS
laredo project,HUMAN RIGHTS
eleventh circuit federal defender capital habeas units,CIVIL SERVANTS/PUBLIC OFFICIALS
innocence project,HUMAN RIGHTS
alaska innocence project,HUMAN RIGHTS
public interest patent law inst,LAWYERS & LOBBYISTS
natl trust for historic preservation,OTHER/SINGLE ISSUE GROUPS
twitter,COMPUTER EQUIPMENT & SERVICES
campaign legal ctr,OTHER/SINGLE ISSUE GROUPS
harris county public defenders,CIVIL SERVANTS/PUBLIC OFFICIALS
defending rights and dissent,OTHER/SINGLE ISSUE GROUPS
siemens corporation,MISCELLANEOUS MANUFACTURING & DISTRIBUTING
quantum communications,BUSINESS SERVICES
nfa freedom alliance,EDUCATION
great lakes justice ctr,CONSERVATIVE POLICY ORGANIZATION
washington assn of prosecuting attorneys,CIVIL SERVANTS/PUBLIC OFFICIALS
thirsty nomad brewing co.,"BEER, WINE & LIQUOR"
roots of justice,OTHER/SINGLE ISSUE GROUPS
public interest legal fdn,LAWYERS & LOBBYISTS
new york community trust,NONPROFIT INSTITUTIONS
washington assn of sheriffs and police chiefs,PUBLIC SECTOR UNIONS
james g. martin ctr for academic renewal,CONSERVATIVE POLICY ORGANIZATION
florida assn of community health ctr,HOSPITALS & NURSING HOMES
still waters anti-trafficking program rchp-ahc,WELFARE/SOCIAL WORK
american academy of attorney-certified public accountants,ACCOUNTANTS
trillium asset management,SECURITIES & INVESTMENT
zerov,LAWYERS & LOBBYISTS
empowering pacific islander communities,MINORITY & DISABILITY GROUPS
medical professionals,HEALTH PROFESSIONALS
austin community college district,EDUCATION
intl stability operations assn,MISCELLANEOUS SERVICES
st. jude children’s research hospital,HOSPITALS & NURSING HOMES
u.s. alcohol policy alliance,OTHER/SINGLE ISSUE GROUPS
american academy of allergy asthma and immunology,HEALTH PROFESSIONALS
nacco natural resources corporation,MINING
ohio trucking assn,TRUCKING
translatin@ coalition,OTHER/SINGLE ISSUE GROUPS
kanawha valley collective,OTHER/SINGLE ISSUE GROUPS
innocence project of texas,OTHER/SINGLE ISSUE GROUPS
foothill-de anza community college district,EDUCATION
statewide poverty action network (washington),OTHER/SINGLE ISSUE GROUPS
assn of farmworker opportunity programs,AGRICULTURAL SERVICES & PRODUCTS
baseball antitrust scholars,RECREATION & LIVE ENTERTAINMENT
st. mark’s presbyterian church,CLERGY
piedmont healthcare,HOSPITALS & NURSING HOMES
maryland state rifle and pistol assn,GUN CONTROL
standwithus saidoff legal department,OTHER/SINGLE ISSUE GROUPS
cyrus select opportunities master fund,SECURITIES & INVESTMENT
hudson pride ctr,GAY/LESBIAN RIGHTS & ISSUES
population connection action fund,OTHER/SINGLE ISSUE GROUPS
jewish coalition for religious liberty,MINORITY & DISABILITY GROUPS
legal ctr for defense of life,ABORTION POLICY
maine education assn,PUBLIC SECTOR UNIONS
michigan appellate assigned counsel system,CIVIL SERVANTS/PUBLIC OFFICIALS
hudson inst,CONSERVATIVE POLICY ORGANIZATION
hampshire college,EDUCATION
wilson ctr for science and justice,OTHER/SINGLE ISSUE GROUPS
young america’s fdn,CONSERVATIVE POLICY ORGANIZATION
citizens united fdn,CONSERVATIVE POLICY ORGANIZATION
vapor stockroom l.l.c.,TOBACCO
architect therapeutics,PHARMACEUTICALS & HEALTH PRODUCTS
abolish abortion texas,ABORTION POLICY
accreditation council for pharmacy education,HEALTH PROFESSIONALS
ameinu,MINORITY & DISABILITY GROUPS
carleton college,EDUCATION
muslim women’s org,MINORITY & DISABILITY GROUPS
unlocal,OTHER/SINGLE ISSUE GROUPS
undersea and hyperbaric medical soc,HEALTH PROFESSIONALS
quality cancer care alliance,HEALTH PROFESSIONALS
american assn of jewish lawyers and jurists,LAWYERS & LOBBYISTS
natl wwi museum and memorial,NONPROFIT INSTITUTIONS
upwork,COMPUTER EQUIPMENT & SERVICES
california asphalt pavement assn,GENERAL CONTRACTORS
babylon bee,PRINTING & PUBLISHING
yuhaaviatam of san manuel nation,TRIBAL GOVERNMENTS
virginia voters alliance,CONSERVATIVE POLICY ORGANIZATION
battered women’s justice project,WOMEN'S ISSUES
pflag,GAY/LESBIAN RIGHTS & ISSUES
religious org,CLERGY
c-span,TV & MOVIE PRODUCTION/DISTRIBUTION
oasis legal services,LAWYERS & LOBBYISTS
l.a. care health plan,HEALTH SERVICES
penn northeast conference of the united church of christ,CLERGY
garden communicators intl,BUSINESS SERVICES
natl inst of military justice,LAWYERS & LOBBYISTS
copyright thought leaders,PRINTING & PUBLISHING
duke university,EDUCATION
orange tent project,OTHER/SINGLE ISSUE GROUPS
louisiana family forum,CHRISTIAN CONSERVATIVE
alcohol tobacco firearms and explosives assn of retirees,PUBLIC SECTOR UNIONS
assn of american universities,EDUCATION
prestige health choice,INSURANCE
first amendment clinics,LAWYERS & LOBBYISTS
fuller ctr for housing of greater new york city,OTHER/SINGLE ISSUE GROUPS
veterans integration ctr,WELFARE/SOCIAL WORK
arab community ctr for economic and social services,MINORITY & DISABILITY GROUPS
inst for hazardous materials packaging and certification testing,CHEMICAL & RELATED MANUFACTURING
lutheran ctr for religious liberty,CLERGY
lubbock private defenders office,LAWYERS & LOBBYISTS
james dobson family inst,CHRISTIAN CONSERVATIVE
fair housing justice ctr,OTHER/SINGLE ISSUE GROUPS
american action forum,CONSERVATIVE POLICY ORGANIZATION
dallas county public defender’s office,CIVIL SERVANTS/PUBLIC OFFICIALS
christian employers alliance,CHRISTIAN CONSERVATIVE
pai,PHARMACEUTICALS & HEALTH PRODUCTS
red hat,COMPUTER EQUIPMENT & SERVICES
services for the underserved,WELFARE/SOCIAL WORK
rhode island family inst,CHRISTIAN CONSERVATIVE
natl equal rights amendment alliance,WOMEN'S ISSUES
temblores,CHRISTIAN CONSERVATIVE
american securities assn,SECURITIES & INVESTMENT
coyote logistics,MISCELLANEOUS TRANSPORT
free speech advocates,OTHER/SINGLE ISSUE GROUPS
up for women and children,WOMEN'S ISSUES
united states representatives from alabama,CANDIDATE COMMITTEES
bay colony weapons collectors,MISCELLANEOUS MANUFACTURING & DISTRIBUTING
first nations women’s alliance,MINORITY & DISABILITY GROUPS
securities industry and financial markets assn,SECURITIES & INVESTMENT
faculty against rape,OTHER/SINGLE ISSUE GROUPS
freenome holdings,PHARMACEUTICALS & HEALTH PRODUCTS
vista brewing,"BEER, WINE & LIQUOR"
american heart assn,HEALTH & WELFARE POLICY
chinese culture soc of greater nashua,MINORITY & DISABILITY GROUPS
alabama legislative black caucus,CANDIDATE COMMITTEES
prisms,OTHER/SINGLE ISSUE GROUPS
south carolina coalition against domestic violence and sexual assault,OTHER/SINGLE ISSUE GROUPS
current and former elected officials of puerto rico,CIVIL SERVANTS/PUBLIC OFFICIALS
cornell university,EDUCATION
lavender rights project,GAY/LESBIAN RIGHTS & ISSUES
go2 for lung cancer,HEALTH & WELFARE POLICY
brandeis university,EDUCATION
ctr for inquiry,NONPROFIT INSTITUTIONS
tennessee coalition to end domestic and sexual violence,OTHER/SINGLE ISSUE GROUPS
sea haven youth services,WELFARE/SOCIAL WORK
asian and pacific islander american vote michigan,MINORITY & DISABILITY GROUPS
independence inst,CONSERVATIVE POLICY ORGANIZATION
island sharks chocolate,FOOD PROCESSING & SALES
natl immigrant justice ctr,OTHER/SINGLE ISSUE GROUPS
world-class kook ki won world tkd fed,MISCELLANEOUS SERVICES
jewish pro-life fdn,ABORTION POLICY
peachtree publishing services,PRINTING & PUBLISHING
natl indian health board,TRIBAL GOVERNMENTS
new hampshire right to life,ABORTION POLICY
iowa republican party,PARTY COMMITTEES
satrang los angeles,MINORITY & DISABILITY GROUPS
austin region justice for our neighbors,LAWYERS & LOBBYISTS
indiana agricultural law fdn,AGRICULTURAL SERVICES & PRODUCTS
american academy of psychiatry and the law,HEALTH PROFESSIONALS
ctr for medical progress,HEALTH & WELFARE POLICY
univision communications,TV & MOVIE PRODUCTION/DISTRIBUTION
natl assn of insurance commissioners,INSURANCE
room at the inn,WELFARE/SOCIAL WORK
pilot brewing co.,"BEER, WINE & LIQUOR"
affinity health plan,HEALTH SERVICES
west virginia manufacturers assn,MISCELLANEOUS MANUFACTURING & DISTRIBUTING
former council on environmental quality officials,CIVIL SERVANTS/PUBLIC OFFICIALS
forum for constitutional rights,OTHER/SINGLE ISSUE GROUPS
housing collective,OTHER/SINGLE ISSUE GROUPS
healthy and free tennessee,CHRISTIAN CONSERVATIVE
new hampshire medical soc,HEALTH PROFESSIONALS
on semiconductor corporation,ELECTRONICS MANUFACTURING & SERVICES
inst for safer trucking,TRUCKING
rd legal funding,MISCELLANEOUS FINANCE
quinault indian nation,TRIBAL GOVERNMENTS
idaho water users assn,AGRICULTURAL SERVICES & PRODUCTS
capital district physicians’ health plan,HEALTH SERVICES
economic policy inst,LIBERAL POLICY ORGANIZATION
university mennonite church,CLERGY
california water service and use assn,WATER UTILITIES
holocaust survivors fdn usa,NONPROFIT INSTITUTIONS
georgia municipal assn,CIVIL SERVANTS/PUBLIC OFFICIALS
wisconsin voter alliance,OTHER/SINGLE ISSUE GROUPS
viatris,PHARMACEUTICALS & HEALTH PRODUCTS
justice for migrant women,WOMEN'S ISSUES
american forest resource council,FORESTRY & FOREST PRODUCTS
seyfarth shaw llp,LAWYERS & LOBBYISTS
romance writers of america,PRINTING & PUBLISHING
vimeo,COMPUTER EQUIPMENT & SERVICES
district attorneys assn of the state of new york,CIVIL SERVANTS/PUBLIC OFFICIALS
roxwood medical,PHARMACEUTICALS & HEALTH PRODUCTS
intl justice resource ctr,ABORTION POLICY
muslim urban professionals,MISCELLANEOUS ENERGY & NATURAL RESOURCES
georgia public interest research grp,CONSUMER GROUPS
colpa,LAWYERS & LOBBYISTS
michigan assn of counties,CIVIL SERVANTS/PUBLIC OFFICIALS
south carolina appleseed legal justice ctr,OTHER/SINGLE ISSUE GROUPS
sanctuary for families,WELFARE/SOCIAL WORK
ctr for democracy and technology,COMPUTER EQUIPMENT & SERVICES
legal voice,WOMEN'S ISSUES
hsbc bank usa n.a.,COMMERCIAL BANKS
intellectual property academy of chinese enterprise,EDUCATION
white house watch a project of united states public policy council,OTHER/SINGLE ISSUE GROUPS
texas org of rural and community hospitals,HOSPITALS & NURSING HOMES
virginia sheriffs assn,CIVIL SERVANTS/PUBLIC OFFICIALS
ctr on race law and justice,MINORITY & DISABILITY GROUPS
yankee inst,CONSERVATIVE POLICY ORGANIZATION
uyghur american assn,MINORITY & DISABILITY GROUPS
glma the hiv medicine assn,HEALTH PROFESSIONALS
assn for utah community health,HOSPITALS & NURSING HOMES
ameranth,BUSINESS SERVICES
enough is enough,OTHER/SINGLE ISSUE GROUPS
safe horizon,WELFARE/SOCIAL WORK
microsoft corporation,COMPUTER EQUIPMENT & SERVICES
american assn of university professors,EDUCATION
ctr for arizona policy,CHRISTIAN CONSERVATIVE
college of the ozarks,EDUCATION
ctr on wrongful convictions,OTHER/SINGLE ISSUE GROUPS
mozilla corporation,COMPUTER EQUIPMENT & SERVICES
morgan stanley,SECURITIES & INVESTMENT
outright action intl,GAY/LESBIAN RIGHTS & ISSUES
women’s economic self-sufficiency team dba wesst,WOMEN'S ISSUES
assn of oklahoma narcotic enforcers,PUBLIC SECTOR UNIONS
american intl grp,INSURANCE
natl legal fdn,OTHER/SINGLE ISSUE GROUPS
ibm corporation,COMPUTER EQUIPMENT & SERVICES
brooklyn law incubator and policy (blip) clinic,LAWYERS & LOBBYISTS
ultimate software,COMPUTER EQUIPMENT & SERVICES
enlisted assn of the natl guard of the united states,PUBLIC SECTOR UNIONS
st. john ctr,HOSPITALS & NURSING HOMES
health alliance plan,INSURANCE
mid-ohio valley climate action,PRO-ENVIRONMENTAL POLICY
disability rights tennessee,MINORITY & DISABILITY GROUPS
wallbuilders,CHRISTIAN CONSERVATIVE
vets first life management,HEALTH SERVICES
after the impact fund,HEALTH SERVICES
washington state tax practitioners,ACCOUNTANTS
downsize dc.org,TAX ISSUES
fair housing council of orange county,OTHER/SINGLE ISSUE GROUPS
armstrong transport grp,TRUCKING
university of minnesota,EDUCATION
geisinger,HOSPITALS & NURSING HOMES
alternative investment management assn,SECURITIES & INVESTMENT
transgender american veterans assn,GAY/LESBIAN RIGHTS & ISSUES
manhattan inst,CONSERVATIVE POLICY ORGANIZATION
federal public defender for the central district of california,CIVIL SERVANTS/PUBLIC OFFICIALS
courageous survivors,OTHER/SINGLE ISSUE GROUPS
episcopal city mission,CLERGY
prolife ctr at the university of st. thomas,ABORTION POLICY
intercultural development research assn,MINORITY & DISABILITY GROUPS
investor choice advocates network,SECURITIES & INVESTMENT
kaibab band of paiute indians,TRIBAL GOVERNMENTS
nation’s finest,MISCELLANEOUS MANUFACTURING & DISTRIBUTING
virginia citizens defense fdn,GUN CONTROL
wisdom lotus fdn,NONPROFIT INSTITUTIONS
free expression fdn,OTHER/SINGLE ISSUE GROUPS
korean television broadcast usa georgia (ktb usa),TV & MOVIE PRODUCTION/DISTRIBUTION
korean assn of shenandoah valley,MINORITY & DISABILITY GROUPS
wisconsin medical soc,HEALTH PROFESSIONALS
abortion rights fund of western mass,ABORTION POLICY
dark forest chocolate,FOOD PROCESSING & SALES
ultraviolet,WOMEN'S ISSUES
unity house of troy,WELFARE/SOCIAL WORK
natl housing law project,OTHER/SINGLE ISSUE GROUPS
senior citizens league,ELDERLY/SOCIAL SECURITY
wellesley college,EDUCATION
fmi the food industry assn,FOOD PROCESSING & SALES
england logistics,TRUCKING
advocates for justice and education,LAWYERS & LOBBYISTS
philanthropy roundtable,NONPROFIT INSTITUTIONS
north carolina advocates for justice,LAWYERS & LOBBYISTS
natl council of jewish women san antonio section,WOMEN'S ISSUES
assn of arkansas counties risk management fund,CIVIL SERVANTS/PUBLIC OFFICIALS
calguns fdn,GUN CONTROL
southern california rental housing assn,REAL ESTATE
west virginia coalition to end homelessness,OTHER/SINGLE ISSUE GROUPS
louder with crowder,TV & MOVIE PRODUCTION/DISTRIBUTION
california assn of housing authorities,REAL ESTATE
nevada trucking assn,TRUCKING
refugio del rio grande,HOSPITALS & NURSING HOMES
mackinac ctr for public policy,CONSERVATIVE POLICY ORGANIZATION
first amendment coalition,OTHER/SINGLE ISSUE GROUPS
fair housing rights ctr in southeastern pennsylvania,OTHER/SINGLE ISSUE GROUPS
tennessee justice ctr,LAWYERS & LOBBYISTS
kidney care council,HEALTH PROFESSIONALS
asian american bar assn of the greater bay area,LAWYERS & LOBBYISTS
biocardia,PHARMACEUTICALS & HEALTH PRODUCTS
ctr for victims of torture,OTHER/SINGLE ISSUE GROUPS
franklin and marshall college,EDUCATION
nm cafe,FOOD & BEVERAGE
student coalition for reproductive justice,OTHER/SINGLE ISSUE GROUPS
energy marketers of america,OIL & GAS
american sustainable business network,BUSINESS ASSOCIATIONS
mississippi municipal service company,REAL ESTATE
american gi forum,MINORITY & DISABILITY GROUPS
bugcrowd,COMPUTER EQUIPMENT & SERVICES
independent firearms owners assn,GUN CONTROL
aclu of utah,OTHER/SINGLE ISSUE GROUPS
acadia friends meeting,CLERGY
abc television affiliates assn,TV & MOVIE PRODUCTION/DISTRIBUTION
replacements,MISCELLANEOUS MANUFACTURING & DISTRIBUTING
financial services inst,MISCELLANEOUS FINANCE
liquidpower specialty products,OIL & GAS
scribd,COMPUTER EQUIPMENT & SERVICES
ai now inst,NONPROFIT INSTITUTIONS
mt. carmel veteran service ctr,NONPROFIT INSTITUTIONS
central west ballet,LIVE THEATER/OTHER ENTERTAINMENT PRODUCTIONS
delta pregnancy resource ctr,ABORTION POLICY
moravian church in america,CLERGY
innocence project brasil,OTHER/SINGLE ISSUE GROUPS
natl religious campaign against torture,OTHER/SINGLE ISSUE GROUPS
union college,EDUCATION
aldrich pump,BUILDING MATERIALS & EQUIPMENT
child usa,HUMAN RIGHTS
salvation army emergency disaster services of western pennsylvania,WELFARE/SOCIAL WORK
icsc,REAL ESTATE
ministries beyond welcome,CLERGY
texas assn of broadcasters,TV & MOVIE PRODUCTION/DISTRIBUTION
connecticut citizens defense league,GUN CONTROL
natl assn of public insurance adjusters,INSURANCE
well sense health plan,HEALTH SERVICES
bethel university,EDUCATION
aerospace industries assn of america,DEFENSE AEROSPACE
natl council of jewish women austin section,WOMEN'S ISSUES
women with a vision,WOMEN'S ISSUES
natl assn of community health ctr,HOSPITALS & NURSING HOMES
laborers’ district council of eastern pennsylvania,GENERAL TRADE UNIONS
vermont fed of sportsmen’s clubs,HUNTING
san diego union-tribune,PRINTING & PUBLISHING
nevada attorneys for criminal justice,LAWYERS & LOBBYISTS
colorado municipal league,CIVIL SERVANTS/PUBLIC OFFICIALS
library futures inst,NONPROFIT INSTITUTIONS
shalom mennonite fellowship,CLERGY
first peoples worldwide,TRIBAL GOVERNMENTS
louisiana hospital assn,HOSPITALS & NURSING HOMES
stand for georgia values action,OTHER/SINGLE ISSUE GROUPS
servicenow,COMPUTER EQUIPMENT & SERVICES
collaboration for research integrity and transparency,OTHER/SINGLE ISSUE GROUPS
mchale and slavin p.a.,LAWYERS & LOBBYISTS
savannah-chatham county fair housing council,OTHER/SINGLE ISSUE GROUPS
reddit,COMPUTER EQUIPMENT & SERVICES
transforming word ministries,CLERGY
franciscan sisters olph,CLERGY
new jersey chamber of commerce,BUSINESS ASSOCIATIONS
california tribal police chiefs assn,PUBLIC SECTOR UNIONS
owl creek asia ii l.p.,SECURITIES & INVESTMENT
applied materials,ELECTRONICS MANUFACTURING & SERVICES
assn of american colleges and universities,EDUCATION
thurgood marshall college fund,EDUCATION
montana policy inst,CONSERVATIVE POLICY ORGANIZATION
aasa the school superintendents assn,EDUCATION
intl christian ambassador assn,CHRISTIAN CONSERVATIVE
humane soc of utah,ANIMAL RIGHTS
crushing colonialism,OTHER/SINGLE ISSUE GROUPS
chronic disease fund,PHARMACEUTICALS & HEALTH PRODUCTS
federal public and community defenders,CIVIL SERVANTS/PUBLIC OFFICIALS
mitchell law pllc,LAWYERS & LOBBYISTS
fair housing ctr of ne-ia,OTHER/SINGLE ISSUE GROUPS
amerihealth caritas louisiana,INSURANCE
congregation of the mission-western province,CLERGY
indian river neighborhood assn,OTHER/SINGLE ISSUE GROUPS
physician assistant education assn,HEALTH PROFESSIONALS
land use research fdn of hawaii,PRO-ENVIRONMENTAL POLICY
natl sports shooting fdn,GUN CONTROL
brotherhood of locomotive engineers and trainmen,TRANSPORTATION UNIONS
fdn for defense of democracies,OTHER/SINGLE ISSUE GROUPS
kansas justice inst,CONSERVATIVE POLICY ORGANIZATION
new mexico forest industry assn,FORESTRY & FOREST PRODUCTS
dave inder comar,CANDIDATE COMMITTEES
oklahoma state union of the farmers educational and co-operative union of america,AGRICULTURAL SERVICES & PRODUCTS
otter creek brewing,"BEER, WINE & LIQUOR"
us korean assn of washington,MINORITY & DISABILITY GROUPS
standpoint,LAWYERS & LOBBYISTS
cleveland medical devices,PHARMACEUTICALS & HEALTH PRODUCTS
michigan municipal league,CIVIL SERVANTS/PUBLIC OFFICIALS
wetlands watch,PRO-ENVIRONMENTAL POLICY
franciscan peace ctr of clinton iowa,CLERGY
proyecto inocencia de puerto rico,OTHER/SINGLE ISSUE GROUPS
102 colorado registered electors,OTHER/SINGLE ISSUE GROUPS
legal services of eastern missouri,LAWYERS & LOBBYISTS
philanthropy northwest,NONPROFIT INSTITUTIONS
washington state public interest research grp,CONSUMER GROUPS
colby college,EDUCATION
asian pacific american bar assn of pennsylvania,LAWYERS & LOBBYISTS
loki films,TV & MOVIE PRODUCTION/DISTRIBUTION
desales university,EDUCATION
battered mothers custody conference,WOMEN'S ISSUES
soc of forensic toxicologists,HEALTH PROFESSIONALS
advocates for minor leaguers,OTHER/SINGLE ISSUE GROUPS
kansas smoke free assn,HEALTH & WELFARE POLICY
american hospital assn,HOSPITALS & NURSING HOMES
lush,PHARMACEUTICALS & HEALTH PRODUCTS
mount st. mary’s university,EDUCATION
yext,COMPUTER EQUIPMENT & SERVICES
american assn of senior citizens,HOSPITALS & NURSING HOMES
first liberty inst,CHRISTIAN CONSERVATIVE
fair housing napa valley,OTHER/SINGLE ISSUE GROUPS
ogeechee riverkeeper,PRO-ENVIRONMENTAL POLICY
planned parenthood of the rocky mountains,ABORTION POLICY
california assn of highway patrolmen,PUBLIC SECTOR UNIONS
american friends service comm,CLERGY
tcl csot as,ELECTRONICS MANUFACTURING & SERVICES
texas appleseed,LAWYERS & LOBBYISTS
mount holyoke college,EDUCATION
pro-life action league,ABORTION POLICY
intl church of the foursquare gospel,CLERGY
northeast organic dairy producers alliance,DAIRY
league of women voters of the united states,WOMEN'S ISSUES
nuclear energy inst,NUCLEAR ENERGY
contra costa community college district,EDUCATION
st. luke’s health system,HOSPITALS & NURSING HOMES
hands across the water,OTHER/SINGLE ISSUE GROUPS
revolution brewing,"BEER, WINE & LIQUOR"
american exploration and production council,OIL & GAS
ute indian tribe of the uintah and ouray reservation,TRIBAL GOVERNMENTS
families usa,HEALTH & WELFARE POLICY
operation outcry women injured by abortion,ABORTION POLICY
local progress impact lab,LIBERAL POLICY ORGANIZATION
cisco systems,COMPUTER EQUIPMENT & SERVICES
ferris state university,EDUCATION
canadian lawyers for intl human rights,LAWYERS & LOBBYISTS
natl assn of independent colleges and universities,EDUCATION
europeanissuers,SECURITIES & INVESTMENT
maryland states attorneys assn,CIVIL SERVANTS/PUBLIC OFFICIALS
midamerica nazarene university,EDUCATION
bethesda lutheran communities,HOSPITALS & NURSING HOMES
mother jones,LIBERAL POLICY ORGANIZATION
michigan prosecuting attorneys assn,CIVIL SERVANTS/PUBLIC OFFICIALS
chinese-american planning council,MINORITY & DISABILITY GROUPS
inst for american policing reform,OTHER/SINGLE ISSUE GROUPS
violence policy ctr,OTHER/SINGLE ISSUE GROUPS
rio grande valley equal voice network,WOMEN'S ISSUES
indiana farmers union,AGRICULTURAL SERVICES & PRODUCTS
californians for equal rights fdn,OTHER/SINGLE ISSUE GROUPS
san francisco public defender’s office,CIVIL SERVANTS/PUBLIC OFFICIALS
county of orange,CIVIL SERVANTS/PUBLIC OFFICIALS
law offices of crystal moroney p.c.,LAWYERS & LOBBYISTS
central american legal assistance,LAWYERS & LOBBYISTS
pfizer,PHARMACEUTICALS & HEALTH PRODUCTS
children’s ctr,WELFARE/SOCIAL WORK
union for reform judaism,CLERGY
prep4all,HEALTH SERVICES
black and pink natl,OTHER/SINGLE ISSUE GROUPS
cahuilla band of indians,TRIBAL GOVERNMENTS
recover america now,CONSERVATIVE POLICY ORGANIZATION
recludix pharma,PHARMACEUTICALS & HEALTH PRODUCTS
council for children’s rights,HUMAN RIGHTS
parents for educational freedom in north carolina,PUBLIC EDUCATION POLICY
dcor,GENERAL CONTRACTORS
fort collins mennonite fellowship,CLERGY
arkansas prosecuting attorneys assn,CIVIL SERVANTS/PUBLIC OFFICIALS
wisconsin public interest research grp,CONSUMER GROUPS
bayer us,PHARMACEUTICALS & HEALTH PRODUCTS
alaskans for property rights,OTHER/SINGLE ISSUE GROUPS
transparent,BUSINESS SERVICES
sel4nj,OTHER/SINGLE ISSUE GROUPS
natl abortion fed,ABORTION POLICY
network lobby for catholic social justice,CHRISTIAN CONSERVATIVE
south asian fund for education scholarship and training,EDUCATION
criminal lawyers’ assn of ontario canada,LAWYERS & LOBBYISTS
blackfeet nation,TRIBAL GOVERNMENTS
jpmorgan chase and co.,COMMERCIAL BANKS
missouri baptist university,EDUCATION
stevens law grp,LAWYERS & LOBBYISTS
universal compassion buddhist congregation,CLERGY
oregon sexual assault task force,WOMEN'S ISSUES
natl assn of realtors®,REAL ESTATE
cheyenne and arapaho tribes,TRIBAL GOVERNMENTS
u.s. terror victims,OTHER/SINGLE ISSUE GROUPS
user testing,COMPUTER EQUIPMENT & SERVICES
michigan veterans fdn,MILITARY
maryland vietnamese mutual assn,MINORITY & DISABILITY GROUPS
immersion,COMPUTER EQUIPMENT & SERVICES
california immigrant policy ctr,OTHER/SINGLE ISSUE GROUPS
natl multifamily housing council,REAL ESTATE
formerly with sipco,OIL & GAS
everylibrary inst,OTHER/SINGLE ISSUE GROUPS
business outreach ctr network,BUSINESS SERVICES
university of northwestern-st. paul,EDUCATION
alabama coalition for immigrant justice,OTHER/SINGLE ISSUE GROUPS
news leaders assn,PRINTING & PUBLISHING
america first policy inst,CONSERVATIVE POLICY ORGANIZATION
whole woman’s health,HEALTH SERVICES
fuerza mundial global,GENERAL TRADE UNIONS
little river band of ottawa indians,TRIBAL GOVERNMENTS
seventh-day adventist kinship intl,CLERGY
indiana smoke free alliance,HEALTH & WELFARE POLICY
district of columbia affairs community of the district of columbia bar,LAWYERS & LOBBYISTS
lc industries,MISCELLANEOUS MANUFACTURING & DISTRIBUTING
rebound (kentucky),OTHER/SINGLE ISSUE GROUPS
american apparel and footwear assn,MISCELLANEOUS MANUFACTURING & DISTRIBUTING
kinexum,COMPUTER EQUIPMENT & SERVICES
inst for nonprofit news,PRINTING & PUBLISHING
young ctr for immigrant children’s rights,HUMAN RIGHTS
samoan fed of america,MINORITY & DISABILITY GROUPS
information dignity alliance,OTHER/SINGLE ISSUE GROUPS
common beer co.,"BEER, WINE & LIQUOR"
franciscan university of steubenville,EDUCATION
unified patents,BUSINESS SERVICES
conference of chief justices,CIVIL SERVANTS/PUBLIC OFFICIALS
open soc fdn,LIBERAL POLICY ORGANIZATION
connecticut women’s education and legal fund,WOMEN'S ISSUES
soc of indian psychologists,HEALTH PROFESSIONALS
animal agriculture alliance,LIVESTOCK
jewish fed of north america,MINORITY & DISABILITY GROUPS
maine hospital assn,HOSPITALS & NURSING HOMES
waterkeepers florida,PRO-ENVIRONMENTAL POLICY
chinese club of western new york,MINORITY & DISABILITY GROUPS
natl employment law project,OTHER/SINGLE ISSUE GROUPS
mattel,MISCELLANEOUS MANUFACTURING & DISTRIBUTING
native village of dot lake,TRIBAL GOVERNMENTS
family forum,CHRISTIAN CONSERVATIVE
innovative schools,EDUCATION
community housing network,REAL ESTATE
florida now,WOMEN'S ISSUES
oklahoma wesleyan university,EDUCATION
story ctr films,TV & MOVIE PRODUCTION/DISTRIBUTION
network of jewish human services agencies,WELFARE/SOCIAL WORK
pride fdn,GAY/LESBIAN RIGHTS & ISSUES
american intellectual property law assn,LAWYERS & LOBBYISTS
intl bank of commerce,COMMERCIAL BANKS
cobank acb,COMMERCIAL BANKS
lawyers comm against domestic violence new york,OTHER/SINGLE ISSUE GROUPS
truckload carriers assn,TRUCKING
clear,COMPUTER EQUIPMENT & SERVICES
propublica,PRINTING & PUBLISHING
u.s. poultry and egg assn,POULTRY & EGGS
t-mobile usa,TELECOM SERVICES & EQUIPMENT
independent state redistricting commissioners,CIVIL SERVANTS/PUBLIC OFFICIALS
northwest immigrant rights project,OTHER/SINGLE ISSUE GROUPS
community forward sf,OTHER/SINGLE ISSUE GROUPS
families with transgender children,GAY/LESBIAN RIGHTS & ISSUES
democracy 21,OTHER/SINGLE ISSUE GROUPS
intl fed of gynecology and obstetrics,HEALTH PROFESSIONALS
city of murrieta,CIVIL SERVANTS/PUBLIC OFFICIALS
families affected by icwa,OTHER/SINGLE ISSUE GROUPS
winnebago tribe of nebraska,TRIBAL GOVERNMENTS
vermont truck and bus assn,TRUCKING
fuller fdn,NONPROFIT INSTITUTIONS
disability rights maryland,MINORITY & DISABILITY GROUPS
span parent advocacy network,EDUCATION
motor and equipment manufacturers assn,AUTOMOTIVE
fraternal housing assn,NONPROFIT INSTITUTIONS
former republican members of congress,CANDIDATE CONTRIBUTIONS
faithtrust inst,NONPROFIT INSTITUTIONS
montana trial lawyers assn,LAWYERS & LOBBYISTS
general electric company,MISCELLANEOUS MANUFACTURING & DISTRIBUTING
american automotive leasing assn,AUTOMOTIVE
housing opportunities made equal of greater cincinnati,OTHER/SINGLE ISSUE GROUPS
ohio vapor trade assn,TOBACCO
rural coalition,OTHER/SINGLE ISSUE GROUPS
strategic organizing ctr,GENERAL TRADE UNIONS
texas aandm university system,EDUCATION
houston intellectual property law assn,LAWYERS & LOBBYISTS
out of home advertising assn of america,BUSINESS SERVICES
free law project,LAWYERS & LOBBYISTS
ymca of rock river valley,NONPROFIT INSTITUTIONS
state pork producer assn of minnesota,LIVESTOCK
reaching america,OTHER/SINGLE ISSUE GROUPS
california reinvestment coalition,CONSUMER GROUPS
new america’s open technology inst,COMPUTER EQUIPMENT & SERVICES
grand traverse band of ottawa and chippewa indians,TRIBAL GOVERNMENTS
banks assn of turkiye,COMMERCIAL BANKS
teach (training in early abortion for comprehensive healthcare),ABORTION POLICY
williams-sonoma,RETAIL SALES
faith and freedom coalition,CHRISTIAN CONSERVATIVE
quill and scroll,EDUCATION
recovery advocacy project,HEALTH & WELFARE POLICY
university of st. thomas,EDUCATION
kent school district no. 415,EDUCATION
arizona assn for justice,LAWYERS & LOBBYISTS
inst for agriculture and trade policy,PRO-ENVIRONMENTAL POLICY
org of american historians,NONPROFIT INSTITUTIONS
ctr for the study of hate and extremism,OTHER/SINGLE ISSUE GROUPS
assn of new jersey rifle and pistol clubs,GUN CONTROL
hospitalitymaine,LODGING & TOURISM
pathways vermont,HEALTH SERVICES
policy issues inst,CONSERVATIVE POLICY ORGANIZATION
united women in faith,WOMEN'S ISSUES
players assn of the women’s natl basketball assn,RECREATION & LIVE ENTERTAINMENT
navajo nation,TRIBAL GOVERNMENTS
choices memphis ctr for reproductive health,HEALTH SERVICES
michigan assn of chiefs of police,PUBLIC SECTOR UNIONS
progressive policy inst,LIBERAL POLICY ORGANIZATION
small and independent farming businesses,CROP PRODUCTION & BASIC PROCESSING
justice for our neighbors el paso,OTHER/SINGLE ISSUE GROUPS
hands across the aisle,OTHER/SINGLE ISSUE GROUPS
washington smoke free assn,TOBACCO
alliance for law and liberty,CONSERVATIVE POLICY ORGANIZATION
soc for human resource management,BUSINESS SERVICES
trinity missions,NONPROFIT INSTITUTIONS
progress florida,LIBERAL POLICY ORGANIZATION
minnesota administrators for special education,EDUCATION
natl assn for gun rights,GUN CONTROL
community oncology alliance,HEALTH PROFESSIONALS
alabama appellate court justices and bar presidents,CIVIL SERVANTS/PUBLIC OFFICIALS
arc of the united states,OTHER/SINGLE ISSUE GROUPS
american hotel and lodging assn,LODGING & TOURISM
minnesota housing partnership,OTHER/SINGLE ISSUE GROUPS
natl rural telecommunications cooperative,TELECOM SERVICES & EQUIPMENT
uncommon cacao,FOOD PROCESSING & SALES
georgia canoeing assn,RECREATION & LIVE ENTERTAINMENT
new york communities for change,LIBERAL POLICY ORGANIZATION
girls for gender equity,WOMEN'S ISSUES
translife care-chicago house and social service agency,WELFARE/SOCIAL WORK
aura home women vets,MISCELLANEOUS SERVICES
community health ctr assn of mississippi,HEALTH SERVICES
education law ctr-pa,EDUCATION
aoki ctr for critical race and nation studies,OTHER/SINGLE ISSUE GROUPS
heal refugee health and asylum collaborative,WELFARE/SOCIAL WORK
vermont captive insurance assn,INSURANCE
american immigration lawyers assn,LAWYERS & LOBBYISTS
brooklyn defender services,LAWYERS & LOBBYISTS
first amendment lawyers assn,LAWYERS & LOBBYISTS
gun owners fdn,GUN CONTROL
poverty and race research action council,OTHER/SINGLE ISSUE GROUPS
r street inst,CONSERVATIVE POLICY ORGANIZATION