pair,are_same_entity,confidence,left_norm,right_norm
1,False,0.9,american financial services assn,harpeth financial services
2,False,0.9,jewish pro-life fdn,pro-life action ministries
3,False,0.95,american bakers assn,iowa bankers assn
4,False,0.8,cornell free speech alliance,inst for free speech
5,False,0.95,buckeye firearms assn,buckeye inst for public policy solutions
6,False,0.95,freedom fdn,minnesota freedom fund
7,False,0.9,freedom from religion fdn,institutional religious freedom alliance
8,True,0.95,american fed of state county and municipal employees,american fed of state county and municipal employees afl-cio
9,False,0.95,american vapor manufacturers assn,texas assn of manufacturers
10,False,0.9,americans for prosperity,americans for prosperity fdn
1,False,0.3,military / veterans coalition of indiana,military-veterans advocacy
2,True,0.9,faith and freedom coalition,faith and freedom fdn
3,False,0.95,aclu of the district of columbia,captive insurance council of the district of columbia
4,False,0.4,americans for immigrant justice,immigrant legal ctr
5,False,0.3,assn for education fairness,fairness ctr
6,False,0.95,defender assn of philadelphia,lgbtq bar assn of philadelphia
7,False,0.95,minnesota trucking assn,south dakota trucking assn
8,False,0.95,right to immigration inst,right to life
9,False,0.95,assn of minnesota counties,texas assn of counties
10,False,0.9,american civil liberties union fdn of northern california,american civil liberties union of nevada
1,False,0.9,american independent natl comm,independent bakers assn
2,False,0.9,catholic medical assn,natl assn of medical examiners
3,False,0.7,community health grp,natl assn of community health ctr
4,False,0.9,autonomic technologies,vilox technologies
5,False,0.95,atlanta legal aid soc,legal aid soc of san mateo county
6,False,0.95,criminal defense attorneys,montana assn of criminal defense lawyers
7,False,0.8,ctr for individual rights,fdn for individual rights in education
8,False,0.95,district attorneys’ assn of georgia,pennsylvania district attorneys assn
9,False,0.95,federal public defender district of alaska,federal public defender for the district of oregon
10,False,0.9,encore fiduciary,euclid fiduciary
1,True,0.95,t’ruah: the rabbinic call for human rights,t’ruah: the rabbinical call for human rights
2,False,0.7,lifeline children’s services,project lifeline
3,False,0.8,freedom fdn,woodhull freedom fdn
4,True,0.9,glma: health professionals advancing lgbtq equality,glma: health professionals advancing lgbtq+ equality
5,False,0.85,criminal defense attorneys,criminal defense attorneys of michigan
6,False,0.75,ctr for constitutional rights,robertson ctr for constitutional law
7,False,0.9,community legal services,natl veterans legal services program
8,False,0.95,assn of minnesota counties,missouri assn of counties
9,False,0.8,city of hope,new hope
10,False,0.95,alabama criminal defense lawyers assn,district of columbia assn of criminal defense lawyers
1,False,0.9,assn of criminal defense lawyers of new jersey,washington assn of criminal defense lawyers
2,False,0.95,operation save america,save the sound
3,False,0.9,south carolina coalition against domestic violence and sexual assault,washington coalition against domestic violence
4,False,0.95,pennsylvania manufacturers assn,texas assn of manufacturers
5,False,0.8,children’s ctr,young ctr for immigrant children’s rights
6,False,0.85,american muslim bar assn,muslim bar assn of new york
7,False,0.9,california county gun owners,owners’ counsel of america
8,False,0.7,california public defenders assn,public defender assn
9,True,0.95,centro legal de la raza,la raza centro legal san francisco
10,False,0.95,american medical assn,christian medical and dental assn
1,False,0.9,california public defenders assn,mississippi public defenders assn
2,False,0.8,fox valley apartment assn,natl apartment assn
3,False,1.0,rhode island bible soc,rhode island trucking assn
4,False,0.7,american encore,encore fiduciary
5,False,0.6,comm for public counsel services,public counsel (california)
6,False,0.7,justice action ctr,legal action ctr
7,False,0.9,federal defender for the district of arizona,federal public defender central district of california
8,False,0.8,unitarian universalist church,unitarian universalist soc: east
9,False,0.9,maryland family inst,maryland public policy inst
10,False,0.95,colorado psychological assn,michigan psychological assn
1,False,0.9,children’s ctr,transgender children’s legal defense fund
2,False,0.8,60plus american assn of senior citizens,american assn of senior citizens
3,False,0.95,columbia union conference of seventh-day adventists,north pacific union conference of seventh-day adventists
4,False,0.9,community legal services,veterans
5,False,0.9,california charter schools assn,natl alliance for public charter schools
6,False,0.85,ctr for medicine in the public interest,public interest law ctr
7,False,0.85,natl assn of human rights workers,natl inst for workers’ rights
8,False,0.95,nevada mining assn,nevada vaping assn
9,False,0.8,alliance for justice,comm for justice
10,False,0.95,arkansas assn of chiefs of police,oklahoma assn of chiefs of police
1,False,0.8,connecticut criminal defense attorneys assn,defense attorneys
2,False,0.7,georgia conservation voters,georgia conservation voters education fund
3,False,0.95,connecticut criminal defense attorneys assn,maryland criminal defense attorneys’ assn
4,False,0.9,american tax policy inst,defense of freedom inst
5,False,0.85,american farm bureau fed,virginia farm bureau
6,False,0.7,faith and freedom fdn,freedom fdn
7,False,0.9,community legal services of philadelphia,sisters of st. francis of philadelphia
8,False,0.9,alabama coalition for immigrant justice,immigrant justice idaho
9,False,0.8,ctr for environmental accountability,justice and corporate accountability project
10,False,0.95,alliance for justice,inst for justice
1,True,0.9,naspa-student affairs administrators in higher education,student affairs administrators in higher education
2,False,0.95,american college of surgeons,assn of american physicians and surgeons
3,False,0.95,new mexico district attorneys assn,new mexico sheriffs’ assn
4,False,0.9,american assn for justice,ctr for justice and freedom
5,False,1.0,st. louis river,washington university in st. louis
6,False,0.95,everytown for gun safety,gun owners fdn
7,False,0.95,indiana university,indiana wesleyan university
8,True,0.85,california farm bureau,california farm bureau fed
9,False,0.95,american fed of teachers,soc of american law teachers
10,False,0.85,children’s rights,ctr for the human rights of children
1,False,0.9,alabama criminal defense lawyers assn,illinois assn of criminal defense lawyers
2,False,0.9,assn of criminal defense lawyers of new jersey,central florida assn of criminal defense lawyers
3,False,0.8,atlanta legal aid soc,legal aid at work
4,True,0.95,whole woman’s health alliance,whole woman’s health alliance (va mn in tx)
5,False,0.9,ctr for american rights,ctr for constitutional rights
6,False,0.95,everytown for gun safety,gun owners fdn.
7,False,0.95,california attorneys for criminal justice,connecticut criminal defense attorneys assn
8,False,0.9,american free enterprise chamber of commerce,minnesota chamber of commerce
9,False,0.85,immigrant justice task force of the wellington avenue united church of christ,united church of christ
10,True,0.9,indivisible,indivisible project
1,False,0.9,american cancer soc,natl childrens cancer soc
2,False,0.7,arizona prosecuting attorneys advisory council,assn of prosecuting attorneys
3,False,0.8,maryland crime victims resource ctr,natl ctr for victims of crime
4,False,0.95,aclu of the district of columbia,bar assn of the district of columbia
5,False,0.95,new mexico district attorneys assn,new mexico trucking assn
6,False,0.95,aclu of puerto rico,maine assn of criminal defense lawyers
7,False,0.6,fdn for michigan freedom,freedom ctr fdn
8,False,0.7,advocates for faith and freedom,faith and freedom fdn
9,True,0.95,asian americans advancing justice,asian americans advancing justice | aajc
10,True,0.95,bazelon ctr for mental health law,judge david l. brazelon ctr for mental health law
1,True,0.9,natl assn of catholic nurses u.s.a.,natl assn of catholic nurses usa
2,True,0.85,assemblies of god,general council of the assemblies of god
3,False,0.3,natl ctr on domestic and sexual violence,sexual violence law ctr
4,False,0.4,immigrant legal ctr,immigrant legal defense
5,True,0.9,aasa the school superintendents assn,aasa the superintendents assn
6,False,0.3,pioneer public interest law ctr,public interest law project
7,False,0.2,software finance and tax executives council,tax executives inst
8,False,0.4,california assn of realtors®,natl assn of realtors®
9,False,0.95,central florida assn of criminal defense lawyers,virginia assn of criminal defense lawyers
10,False,0.8,jane doe,jane doe films
1,False,0.9,intl assn of chiefs of police,washington state assn of sheriffs and police chiefs
2,False,0.9,maine coalition to end domestic violence,nevada coalition to end domestic and sexual violence
3,False,0.8,natl justice for our neighbors,our justice
4,False,0.9,college of southern nevada,help of southern nevada
5,False,0.9,dc coalition against domestic violence,lawyers comm against domestic violence new york
6,False,0.7,faith and freedom fdn,freedom x
7,False,0.9,american bar assn,new england muslim bar assn
8,False,0.9,contra costa community college district,contra costa health plan
9,True,1.0,gun owners fdn,gun owners fdn.
10,True,1.0,intl municipal lawyers assn,intl municipal lawyer’s assn
1,False,0.3,american booksellers for free expression,free expression fdn
2,False,0.2,american assn of public health physicians,assn of american physicians and surgeons
3,False,0.2,new hampshire hospital assn,new hampshire medical soc
4,True,0.9,oklahoma state chamber research fdn,state chamber of oklahoma
5,False,0.1,ctr for humane technology,trane technologies
6,False,0.2,american ctr for law and justice,ctr for consumer law and economic justice
7,True,0.95,presente,presente.org
8,True,0.95,league of women voters california,league of women voters of california
9,False,0.1,family policy alliance of new mexico,new mexico asian family ctr
10,True,0.85,interfaith alliance,interfaith alliance fdn
1,True,0.9,family leader,family leader (iowa)
2,False,0.3,citizens comm for the right to keep and bear arms,ctr to keep and bear arms
3,False,0.4,oregon state public interest research grp,u.s. public interest research grp
4,True,0.95,ctr for investigative reporting (d/b/a reveal),reveal from the ctr for investigative reporting
5,True,0.9,american soc for gastrointestinal endoscopy,american soc of gastrointestinal endoscopy
6,False,0.8,illinois pork producers assn,state pork producer assn of iowa
7,False,0.9,american conservative union fdn nolan ctr for justice,brennan ctr for justice
8,False,0.7,mennonite church usa,university mennonite church
9,False,0.95,american fed of state county and municipal employees,american fed of teachers (afl-cio)
10,True,0.85,natl assn for behavioral healthcare,natl council for behavioral health
1,True,0.9,natl health law program,natl health law project
2,False,0.95,great lakes justice ctr,great lakes timber professionals assn
3,True,0.95,former executive office for immigration review judges,former executive office of immigration review judges
4,False,0.9,voices for children in nebraska,voices for vermont’s children
5,True,0.95,leadership conference for civil and human rights,leadership conference on civil and human rights
6,False,0.9,local government legal ctr,local governments
7,False,0.9,family heritage alliance,jewish heritage fdn
8,False,0.95,new hampshire hospital assn,new hampshire right to life
9,False,0.95,ctr for children’s law and policy,emory environmental law soc
10,False,0.9,children’s ctr,women’s and children’s advocacy project
1,False,0.9,legal aid of north carolina,n.c. chamber legal inst
2,False,0.8,autonomic technologies,dell technologies
3,False,0.95,california state sheriffs assn,washington state assn of sheriffs and police chiefs
4,True,0.85,upmc,upmc for you
5,False,0.95,aclu of the district of columbia,bar assn for the district of columbia
6,False,0.9,american assn of pro-life obstetricians and gynecologists,american gynecological and obstetrical soc
7,False,0.85,animal activist legal defense project,animal legal defense fund
8,True,0.9,naral pro-choice america,naral pro-choice north carolina
9,False,0.9,american bakers assn,independent bakers assn
10,False,0.95,pro-choice ohio,pro-choice wyoming
1,False,0.9,community legal services of philadelphia,lgbtq bar assn of philadelphia
2,False,0.8,freedom fdn,women’s inst for freedom of the press
3,False,0.85,family fdn action,wisconsin family council
4,False,0.7,natl comm for amish religious freedom,natl comm for religious freedom
5,False,0.9,action for life,natl coalition for men
6,False,0.95,airlines for america,american airlines
7,False,0.7,integrity inst,public integrity alliance
8,False,0.95,mt innocence project,taiwan innocence project
9,False,0.9,california assn of realtors®,natl assn of realtors
10,False,0.95,ctr on the administration of criminal law at nyu school of law,tax law ctr at nyu law
1,False,0.7,california reserve peace officers assn,reserve org of america
2,False,0.9,democrats abroad,democrats for life
3,False,0.6,natl assn of police org,natl police assn
4,False,0.95,federal defender for the district of arizona,federal public defender eastern district of california
5,False,0.8,lauder partners,louder partners
6,False,0.95,american bar assn,federal circuit bar assn
7,False,0.7,americans for immigrant justice,justice for migrant women
8,False,0.6,defense of freedom inst,freedom ctr fdn
9,False,0.5,independent health plan,plan c
10,False,0.95,alabama criminal defense lawyers assn,kentucky assn of criminal defense lawyers
1,False,0.9,kansas coalition against sexual and domestic violence,vermont network against domestic and sexual violence
2,False,0.95,american bar assn,natl lgbtq+ bar assn
3,False,0.8,american medical women’s assn,women’s medical fund
4,True,0.95,california retail assn,california retailers assn
5,False,0.95,church of god in christ,united church of christ
6,False,0.9,ctr for environmental accountability,emory environmental law soc
7,True,0.95,natl capacd-natl coalition for asian pacific american community development,natl coalition for asian pacific american community development
8,False,0.9,natl louis university,trinity washington university
9,False,0.95,american farm bureau fed,tennessee farm bureau fed
10,False,0.9,eagle forum fdn,eagle forum of alabama
1,False,1.0,missouri republican party,north carolina republican party
2,False,0.9,colorado coalition against sexual assault,south carolina coalition against domestic violence and sexual assault
3,False,1.0,american hospital assn,mississippi college
4,False,1.0,american sexual health assn,mental health america of greater dallas
5,False,1.0,california tribal police chiefs assn,connecticut police chiefs assn
6,False,0.9,innocence project new york new york,new economy project (new york)
7,False,1.0,aclu of puerto rico,florida assn of criminal defense lawyers
8,False,1.0,indiana university,wesleyan university
9,False,0.9,alliance for choice in education,intl alliance for christian education
10,False,0.95,young americans for freedom,young americans for liberty
1,False,0.3,natl law school veterans clinic consortium,veterans’ advocacy law clinic
2,False,0.9,district attorneys’ assn of georgia,oklahoma district attorneys assn
3,False,0.2,hope fair housing ctr,new hope
4,False,0.1,black women’s roundtable,real estate roundtable
5,False,0.4,natl indian health board,seattle indian health board
6,False,0.2,long island chinese american assn,long island housing services
7,False,0.3,california gun rights fdn,women for gun rights
8,True,0.85,palmetto promise,palmetto promise inst
9,True,0.9,legal aid soc,legal aid soc (new york)
10,False,0.3,community legal ctr,community legal services
1,False,0.8,ctr for family and human rights,ctr for human rights and constitutional law
2,False,0.7,cure america action,secure america alliance
3,False,0.9,dell technologies,here technologies
4,True,0.95,austin region justice for our neighbors,san antonio region justice for our neighbors
5,True,0.95,disability rights california,disability rights tennessee
6,False,0.7,new mexico public interest research grp fund,u.s. public interest research grp education fund
7,False,0.8,assn of classical christian schools,texas charter schools assn
8,False,0.7,disability rights advocates,human rights advocates
9,False,0.7,asian american community services,community legal services
10,False,0.9,iowa bankers assn,texas bankers assn
1,False,0.8,economic policy inst,maine ctr for economic policy
2,False,0.7,islam and religious freedom action team,natl comm for religious freedom
3,False,0.6,ctr for family and human rights,human rights defense ctr
4,False,0.9,american medical assn,catholic medical mission board
5,False,0.7,138 women hurt by planned parenthood abortions,women injured by abortion
6,False,0.7,american civil liberties union,civil liberties defense ctr
7,False,0.9,arkansas assn of chiefs of police,intl assn of chiefs of police
8,False,0.9,american bankers assn,swiss bankers assn
9,False,0.7,ctr for public justice,public justice inst
10,False,0.9,maine coalition to end domestic violence,new jersey coalition to end domestic violence
1,False,0.3,nonprofit alliance,washington nonprofits
2,False,0.2,pennsylvania pro-life fed,pro-life texas
3,False,0.1,alliance for catholic health care,south asian public health assn
4,False,0.4,children and family justice ctr,children’s ctr
5,True,0.9,natl assn for latino community asset builders,natl assn of latino community asset builders
6,False,0.2,middle rio grande conservancy district,rio grande intl study ctr
7,False,0.1,assn of the bar of the city of new york,legal aid soc of mid-new york
8,False,0.2,ctr for environmental accountability,environmental fed of oklahoma
9,False,0.5,american civil liberties union,american civil liberties union fdn of maine
10,False,0.1,assn of washington business,texas assn of business
1,False,0.8,american fed of labor and congress of industrial org,utah american fed of labor and congress of industrial org
2,False,0.9,homeless alliance,natl alliance to end sexual violence
3,True,0.95,making every vote count,making every vote count fdn
4,False,0.9,capital research ctr,media action ctr
5,True,0.9,service employees intl union,service employees intl union 32bj
6,False,0.95,colorado criminal defense bar,oregon criminal defense lawyers assn
7,False,0.85,ctr for justice and freedom,fdn for michigan freedom
8,False,0.85,alabama ctr for law and liberty,liberty life and law fdn
9,False,0.9,texas trucking assn,western states trucking assn
10,False,0.95,new mexico hospital assn,new mexico mining assn
1,False,0.9,california peace officers’ assn,reserve officers assn d/b/a reserve org of america
2,False,0.95,alabama criminal defense lawyers assn,montana assn of criminal defense lawyers
3,False,0.95,florida legal fdn,pacific legal fdn
4,False,0.99,natl alliance to end homelessness,natl alliance to end sexual violence
5,False,0.9,assn of christian schools intl,wisconsin assn of christian schools
6,False,0.99,business council of new york state,new york state council of churches
7,False,0.85,children’s rights,louisiana ctr for children’s rights
8,False,0.9,immigration law reform inst,immigration reform law inst
9,False,0.95,american constitutional rights union,california gun rights fdn
10,False,0.9,immigrant legal advocacy project,natl immigrant women’s advocacy project
1,False,0.9,western states petroleum assn,western states trucking assn
2,False,0.9,connecticut state colleges and universities,natl assn of independent colleges and universities
3,False,0.7,american small business league,small business forward
4,True,0.95,league of women voters,league of women voters of sf
5,False,0.95,colorado right to life,texas right to life
6,False,0.95,san francisco giants,san francisco rising
7,False,0.9,california women’s law ctr,southwest women’s law ctr
8,False,0.95,asociación de periodistas de puerto rico,liga de ciudades de puerto rico
9,False,0.85,california immigrant policy ctr,ctr for u.s. policy
10,False,0.9,ctr for investigative reporting (d/b/a reveal),mississippi ctr for investigative reporting
1,False,0.9,california policy ctr,ctr for law and social policy
2,False,0.9,housing alliance de,virginia voters alliance
3,False,0.95,american assn of independent music,independent inst
4,False,0.95,government finance officers assn,native american financial services assn
5,False,0.95,american bar assn,new york state bar assn
6,True,0.9,march for life,march for life education and defense fund
7,False,0.9,league of arizona cities and towns,natl league of cities
8,False,0.9,5 law library org,american library assn
9,False,0.9,alliance san diego,federal defenders of san diego
10,False,0.9,american alliance for equal rights,human rights advocates
1,False,0.9,california trucking assn,west virginia trucking assn
2,False,0.9,federal defender for the eastern district of california,federal public defender for the district of oregon
3,False,0.9,democracy 21,project 21
4,True,0.95,natl lgbt bar assn,natl lgbtbar assn and fdn
5,True,1.0,downsize dc fdn,downsize dc fdn.
6,False,1.0,san francisco giants,san francisco tenants union
7,False,0.8,criminal defense attorneys,defense attorneys
8,False,0.9,american constitutional rights union,ctr for constitutional rights
9,False,0.9,california county gun owners,gun owners of america
10,False,0.9,chicago alliance against sexual exploitation,natl ctr on sexual exploitation
1,False,0.8,criminal defense attorneys,maryland criminal defense attorneys’ assn
2,False,0.9,greater new york hospital assn,lgbt bar of new york
3,True,0.95,certain former commissioners of the american bankruptcy inst’s commission to study the reform of chapter 11,co-chairs of the american bankruptcy inst’s commission to study the reform of chapter 11
4,False,0.7,children and family justice ctr,children’s law ctr
5,False,0.85,california reserve peace officers assn,united reserve fund
6,False,0.95,alabama trucking assn,minnesota trucking assn
7,False,0.95,california farm bureau,texas farm bureau
8,True,1.0,adl (anti-defamation league),anti-defamation league
9,False,0.8,advocates for human rights,disability rights advocates
10,False,0.9,kentucky captive assn,kentucky hospital assn
1,False,0.9,colorado criminal defense bar,maine assn of criminal defense lawyers
2,False,0.9,american indian development associates,american resort development assn
3,True,0.85,students for life action,students for life of america
4,True,0.95,asian americans advancing justice,asian americans advancing justice-los angeles
5,False,0.95,massachusetts chapter of the natl academy of elder law attorneys,massachusetts chapter of the natl org for women
6,False,0.8,in the public interest,public interest legal fdn
7,False,0.9,central atlantic conference of the united church of christ,plymouth congregational united church of christ
8,False,0.9,new york county defender service,new york county lawyers’ assn
9,False,0.85,chambers of commerce,u.s. chamber of commerce
10,False,0.9,california farm bureau,oklahoma farm bureau legal fdn
1,True,0.9,asset management grp of the securities industry and financial markets assn,securities and financial markets assn
2,False,0.8,texas advocacy project,western regional advocacy project
3,False,0.9,georgia coalition against domestic violence,washington coalition against domestic violence
4,False,0.7,alabama criminal defense lawyers assn,criminal defense org
5,True,1.0,u.s. conference of catholic bishops,united states conference of catholic bishops
6,False,0.6,media law resource ctr,media resources
7,False,0.9,arkansas state chamber of commerce,boise metro chamber of commerce
8,False,0.8,illinois health care assn,illinois primary health care assn
9,False,0.7,natl coalition on black civic participation,natl coalition on black civic participation-black women’s roundtable
10,False,0.8,disability rights advocates,disability rights vermont
1,False,1.0,colorado psychological assn,healthcare assn of new york state
2,False,0.8,gas and oil assn of west virginia,independent oil and gas assn of west virginia
3,False,0.7,nevada policy,nevada policy research inst
4,False,1.0,texas trucking assn,western states petroleum assn
5,False,1.0,aclu of the district of columbia,american civil liberties union of michigan
6,False,0.9,alabama trucking assn,american trucking assn
7,False,0.8,freedom fdn of washington,washington legal fdn
8,False,1.0,indiana smoke free alliance,minnesota smoke free alliance
9,False,1.0,american vapor manufacturers assn,american walnut manufacturers assn
10,False,1.0,disability rights louisiana,disability rights new york
1,False,0.7,human rights campaign,human rights campaign fdn
2,False,0.8,illinois right to life,natl right to life comm
3,False,0.9,american public health assn,public interest law ctr
4,False,0.9,natl assn of black owned broadcasters,natl religious broadcasters
5,False,0.8,assn of medical device reprocessors,assn of medical device service org
6,False,0.9,aclu of minnesota,minnesota chinese assn
7,False,0.9,aclu of minnesota,minnesota sheriffs’ assn
8,False,0.7,americans for immigrant justice,natl immigrant justice ctr
9,False,0.8,american civil liberties union fdn,texas civil liberties union
10,False,0.95,ctr for u.s. policy,washington post
1,False,0.9,freedom leadership conference,natl hispanic leadership conference
2,False,0.8,criminal justice legal fdn,digital justice fdn
3,False,0.95,league of conservation voters,league of women voters of california
4,False,0.95,president of the house of deputies of the episcopal church,presiding bishop of the episcopal church
5,False,0.9,internet accountability project,internet archive
6,False,1.0,indiana republican party,north carolina republican party
7,False,0.9,atlanta legal aid soc,legal aid soc of mid-new york
8,False,0.85,georgia coalition against domestic violence,natl ctr on domestic and sexual violence
9,True,0.9,if when how-unm school of law chapter,if/when/how
10,False,0.9,eagle forum fdn,eagle forum of georgia
1,False,0.9,children’s law ctr of minnesota,immigrant law ctr of minnesota
2,False,0.9,march for moms,moms for liberty
3,False,1.0,equality new york,trucking assn of new york
4,False,0.95,northwestern community college,university of northwestern-st. paul
5,False,0.95,anderson university,marian university
6,False,1.0,arizona chamber of commerce and industry,natl black chamber of commerce
7,False,0.95,access housing. district of columbia,aclu of the district of columbia
8,False,0.9,comm for children,her justice
9,False,0.95,community legal services of philadelphia,defender assn of philadelphia
10,False,0.95,american academy of family physicians,intl academy of family lawyers
1,False,0.9,american assn of university women of florida,university of florida
2,False,0.9,ctr for medicine in the public interest,nebraska appleseed
3,False,0.7,advocates for human rights,human rights advocates
4,False,0.95,asian pacific american bar assn of los angeles county,lgbtq+ lawyers assn of los angeles
5,False,0.95,healthcare assn of new york state,new york state vapor assn
6,False,0.9,american council of the blind,natl industries for the blind
7,False,0.8,american right to life,right to life of michigan
8,False,0.95,airlines for america,alaska airlines
9,False,0.85,american firearms assn,oregon firearms fed
10,False,0.9,asian american bar assn of new york,new york state bar assn
1,False,0.9,arkansas assn of chiefs of police,utah chiefs of police assn
2,False,0.8,california employment lawyers assn,natl employment lawyers’ assn
3,False,0.9,disability rights california,disability rights maryland
4,False,0.95,new jersey state office of the public defender,office of the ohio public defender
5,False,0.95,aclu fdn of texas,aclu of washington
6,False,0.9,alliance san diego,san diego county gun owners political action comm
7,False,0.85,americans for immigrant justice,heartland alliance’s natl immigrant justice ctr
8,True,0.95,anglican church in north america,diocese of the mid-atlantic of the anglican church in north america
9,True,0.95,asian americans advancing justice,asian americans advancing justice-southern california
10,False,0.85,ctr for public justice,public justice p.c.
1,False,0.9,alliance for educational justice,lone star justice alliance
2,False,0.7,frontline,frontline policy council
3,False,0.8,hispanic leadership fund,united states hispanic leadership inst
4,False,0.6,constitutional government defense fund,u.s. constitutional rights legal def. fund
5,False,0.95,dc coalition against domestic violence,washington state native american coalition against domestic violence and sexual assault
6,False,0.7,bay area lawyers for individual freedom,ctr for individual freedom
7,False,0.95,cuyahoga county public defender’s office,travis county public defender’s office
8,True,0.85,equal protection project,equal protection project of the legal insurrection fdn
9,False,0.9,arkansas assn of chiefs of police,natl assn of police org
10,False,0.95,arizona chamber of commerce and industry,west virginia chamber of commerce
1,True,0.9,aspira,aspira assn
2,False,0.8,alj capital management,nokota capital management lp
3,False,0.9,concordia university-st. paul,university of northwestern-st. paul
4,False,0.95,maryland criminal defense attorneys’ assn,maryland states attorneys assn
5,True,0.85,nfib legal ctr,nfib small business legal ctr
6,False,1.0,california trucking assn,west virginia hospital assn
7,False,0.7,eagle forum education and legal defense fund,tennessee eagle forum
8,False,0.9,illinois pork producers assn,natl pork producers council
9,False,0.85,icircle care,workers circle
10,False,0.95,maine state troopers assn,michigan state police troopers assn
1,False,0.9,california peace officers’ assn,minnesota police and peace officers assn
2,False,0.9,american farm bureau fed,state farm bureaus of missouri
3,False,0.95,c-span,span parent advocacy network
4,False,0.9,administer justice,her justice
5,False,0.85,border project,hope border inst
6,True,0.95,seventh generation,seventh generation fund for indigenous peoples
7,False,0.95,assn of criminal defense lawyers of new jersey,louisiana assn of criminal defense lawyers
8,False,0.9,empower hope,empower missouri
9,False,0.95,intl air transport assn,motor transport assn of ct
10,True,0.9,roughrider inst,roughrider policy ctr
1,False,0.9,arizona coalition to end sexual and domestic violence,tennessee coalition to end domestic and sexual violence
2,False,0.8,gre downtowner,intl downtown assn
3,False,0.9,arkansas state chamber of commerce,longview chamber of commerce
4,False,0.7,family policy alliance of new jersey,new jersey family policy ctr
5,False,0.95,american bankers assn,iowa bankers assn
6,True,0.95,aclu fdn of louisiana,aclu of louisiana
7,False,0.85,american property owners alliance,hollywood media district property owners assn
8,False,0.85,american property owners alliance,downtown property owners assn
9,False,0.95,asian american bar assn of new york,district attorneys assn of the state of new york
10,False,0.9,montana shooting sports assn,natl shooting sports fdn
1,False,0.95,arkansas state chamber of commerce,california chamber of commerce
2,False,0.95,ctr for advanced spine technologies,here technologies
3,False,0.9,american civil liberties union fdn of arizona,american civil liberties union fdn of northern california
4,True,0.95,league of women voters,league of women voters maryland chapter
5,False,0.95,aclu of michigan,aclu of texas
6,False,0.9,massachusetts chapter of the natl org for women,natl org for women-seattle chapter
7,False,0.9,central united methodist church,western jurisdiction of the united methodist church
8,False,0.95,california state sheriffs assn,new mexico sheriffs’ assn
9,False,0.9,american waterways operators,kentucky waterways alliance
10,True,0.95,texas riogrande legal aid,texas riogrande legal aid-public defender div
1,False,0.9,colorado right to life,wisconsin right to life
2,False,0.95,everytown for gun safety,gun owners of america
3,False,0.8,coalition to stop violence against native women,community against violence
4,False,0.85,colorado psychological assn,mid county psychological associates
5,False,0.95,california state sheriffs’ assn,oklahoma sheriffs’ assn
6,False,0.9,dc coalition against domestic violence,montana coalition against domestic and sexual violence
7,True,0.85,alliance of u.s. startups,alliance of u.s. startups and inventors for jobs
8,False,0.95,mississippi college,mississippi ctr for justice
9,False,0.9,athlete ally,athletes for care
10,True,0.9,natl fraternal order of police,pennsylvania lodge of the fraternal order of police
1,False,0.7,ctr for alcohol policy,u.s. alcohol policy alliance
2,False,0.6,fair housing justice ctr,housing justice ctr
3,False,0.9,disability rights california,disability rights florida
4,False,0.8,california attorneys for criminal justice,criminal defense attorneys of michigan
5,False,0.5,indian law resource ctr,media resources
6,False,0.6,gender justice,her justice
7,False,0.7,alabama policy inst,technology policy inst
8,False,0.9,american assn of community colleges,assn of american medical colleges
9,False,0.8,southern christian leadership conference of southern california,southern christian leadership conference-memphis chapter
10,False,0.7,american civil liberties union,american civil rights project
1,False,0.9,middle rio grande conservancy district,rio grande valley equal voice network
2,False,0.8,american psychological assn,natl latinx psychological assn
3,False,0.95,libertarian party of louisiana,new jersey libertarian party
4,False,0.9,arizona chamber of commerce and industry,orthodox jewish chamber of commerce
5,False,0.85,disability rights bar assn,indiana disability rights
6,False,0.8,emmanuel college,emmanuel house
7,False,0.95,american trucking assn,nevada mining assn
8,False,0.95,bar assn of the district of columbia,virginia assn of criminal defense lawyers
9,False,0.9,asian real estate assn of america,natl real estate investors assn
10,False,0.95,california state sheriffs assn,oklahoma sheriffs’ assn
1,False,0.9,jewish pro-life fdn,pro-life wisconsin
2,False,0.95,advocates for children of new york,massachusetts advocates for children
3,False,0.9,united states justice fdn,united states of care
4,False,0.85,commonwealth second amendment,second amendment fdn
5,False,0.8,beacon,beacon ctr of tennessee
6,False,0.95,louisiana state conference of the naacp,north carolina state conference of the naacp
7,False,0.95,arkansas state chamber of commerce,kansas chamber of commerce
8,False,0.95,dell technologies,smart meter technologies
9,False,0.9,aclu of minnesota,minnesota 8
10,False,0.9,ctr for family and human rights,migrant ctr for human rights
1,False,0.9,american assn of university professors,american assn of university women-michigan chapter
2,False,0.8,american gynecological and obstetrical soc,intl fed of gynecology and obstetrics
3,False,0.95,boise metro chamber of commerce,california chamber of commerce
4,False,0.95,california family council,west virginia family policy council
5,False,0.7,california women’s law ctr,women’s coalition
6,True,0.95,minnesota pork producers assn,state pork producer assn of minnesota
7,False,0.9,activism caucus of the assn for women in psychology,assn for women in psychology
8,False,0.9,american muslim bar assn,dallas fort worth muslim bar assn
9,False,0.7,access reproductive justice,spark reproductive justice now
10,True,0.95,mountain state justice,mountain state justice (west virginia)
1,False,1.0,bucknell university,cornell university
2,False,0.8,american free enterprise chamber of commerce,chambers of commerce
3,False,1.0,asian american bar assn of new york,new jersey state bar assn
4,False,0.6,ctr for judeo-christian morality,ctr for morality
5,False,0.9,intl assn of chiefs of police,michigan assn of chiefs of police
6,False,0.5,freedom fdn of minnesota,freedom fund
7,False,0.7,neighbors helping neighbors (new york),new york justice for our neighbors
8,False,0.8,idaho coalition against sexual and domestic violence,natl resource ctr on domestic violence
9,True,0.95,islam and religious freedom action team of the religious freedom inst,religious freedom inst islam and religious freedom action team
10,False,1.0,american assn of university women-michigan chapter,university of michigan
1,False,0.9,central florida assn of criminal defense lawyers,maine assn of criminal defense lawyers
2,False,0.7,freedom fdn,freedom x
3,False,0.9,montana shooting sports assn,virginia shooting sports assn
4,True,0.85,job creators network fdn,job creators network fdn legal action fund
5,False,0.8,aclu of minnesota,era minnesota
6,False,0.6,american assn of independent music,american independent natl comm
7,False,0.8,mennonite church usa,peace mennonite church
8,True,0.95,natl assn of home builders,natl assn of home builders of the united states
9,False,0.85,family forum,louisiana family forum
10,False,0.9,border project,river project
1,False,0.9,alabama policy inst,inst for justice
2,False,0.9,california apartment assn,fox valley apartment assn
3,False,0.8,atlantic union conference of seventh-day adventists,seventh-day adventist kinship intl
4,False,0.95,arkansas school boards assn,maine school boards assn
5,False,0.95,aclu of idaho,aclu of indiana
6,False,0.95,american fed of state county and municipal employees afl-cio,american fed of teachers
7,False,0.9,buckeye firearms assn,buckeye power
8,False,0.85,indiana health care assn,indiana primary health care assn
9,False,0.9,california change lawyers,women’s fdn of california
10,False,0.95,chamber of commerce of the united states of america,jewish war veterans of the united states of america
1,False,0.9,ctr for american rights,ctr for reproductive rights
2,False,0.95,earlens corporation,siemens corporation
3,False,0.9,asian pacific american labor alliance afl-cio,coalition of labor union women afl-cio
4,False,0.7,health alliance plan,plan c
5,True,0.95,intl conference of evangelical chaplain endorcers,intl council of evangelical chaplain endorsers
6,False,0.95,arkansas state chamber of commerce,kentucky chamber of commerce
7,False,0.9,natl assn of medical examiners,natl medical assn
8,False,1.0,american bar assn,dominican university
9,False,0.8,community health plan of washington,washington assn for community health
10,False,0.85,eagle forum,pennsylvania eagle forum
1,False,0.9,children’s defense fund,transgender children’s legal defense fund
2,False,0.9,natl assn of police org,natl police accountability project
3,True,0.95,bazelon ctr for mental health law,judge david l. bazelon ctr for mental health law
4,False,0.8,cornell free speech alliance,tully ctr for free speech
5,True,0.95,aclu of the district of columbia,american civil liberties union fdn
6,True,0.9,creating law enforcement accountability and responsibility,creating law enforcement accountability and responsibility project
7,False,0.95,inst for justice,pacific research inst
8,False,0.85,innovation alliance,innovation defense fdn
9,False,0.95,boise metro chamber of commerce,kansas chamber of commerce
10,False,0.9,brennan ctr for justice,tax law ctr at nyu law
1,False,0.9,aclu fdn of texas,aclu of pennsylvania
2,False,0.9,maine coalition to end domestic violence,utah domestic violence coalition
3,False,0.8,pennsylvania public interest research grp,u.s. public interest research grp
4,False,0.95,assn of the bar of the city of new york,legal aid soc (new york)
5,False,0.95,washington bar assn,washington policy ctr
6,False,0.95,american bar assn,dfw muslim bar assn
7,False,0.95,d.c. assn of criminal defense lawyers,missouri assn of criminal defense lawyers
8,False,0.7,children’s ctr,ctr for law and military policy
9,False,0.95,federal public defender district of nevada,federal public defender for the district of guam
10,False,0.85,alliance for catholic health care,catholic health assn
1,False,0.9,georgia coalition against domestic violence,iowa coalition against domestic violence
2,False,0.95,natl coalition against domestic violence,natl coalition against violent athletes
3,False,0.9,catholic assn fdn,catholic medical assn
4,False,0.95,california assn of realtors,new york assn of realtors
5,False,0.85,alabama ctr for law and liberty,ctr for human liberty
6,False,0.95,aclu of the district of columbia,american civil liberties union of virginia
7,True,1.0,general conference of seventh-day adventists,general conference of the seventh-day adventists
8,False,0.9,american health care assn,community health grp
9,False,0.85,institutional religious freedom alliance,islam and religious freedom action team (irf) of the religious freedom inst
10,False,0.9,california women’s law ctr,children’s law ctr of massachusetts
1,False,0.7,fmi,food industry assn
2,False,0.9,asian american bar assn of new york,lgbt bar assn of greater new york
3,False,0.95,disability rights florida,disability rights michigan
4,False,0.8,california women lawyers,women’s fdn of california
5,False,0.9,california chamber of commerce,orthodox jewish chamber of commerce
6,False,0.95,apartment owners assn of california,gun owners of california
7,False,0.85,arizona assn for justice,arizona attorneys for criminal justice
8,False,0.9,louisiana coalition for reproductive freedom,rhode island ctr for freedom and prosperity
9,False,0.95,aclu fdn of arizona,aclu of louisiana
10,False,0.95,maryland office of the public defender,ohio public defender
1,True,0.95,"natl assn of parents (d/b/a ""parentsusa"")",natl assn of parents. d/b/a parentsusa
2,False,0.8,60plus american assn of senior citizens,senior citizens league
3,False,0.7,administer justice,comm for justice
4,False,0.9,arizona coalition to end sexual and domestic violence,washington state native american coalition against domestic violence and sexual assault
5,False,0.85,homeless advocacy project,recovery advocacy project
6,False,0.9,ctr for family and human rights,hindus for human rights
7,False,0.95,nokota capital management lp,ra capital management lp
8,False,0.7,california women’s law ctr,women’s ctr
9,False,0.8,central city assn,central city east assn of los angeles
10,True,0.9,lgbt bar assn of new york,lgbt bar of new york
1,False,0.9,march for life,march for our lives action fund
2,False,0.8,massachusetts lgbtq bar assn,natl lgbtq+ bar assn
3,False,0.95,natl apartment assn,san francisco apartment assn
4,False,1.0,rhode island assn of criminal lawyers,rhode island trucking assn
5,False,0.9,rincon band of luiseno indians,soboba band of luiseño indians
6,False,1.0,greater pensacola chamber of commerce,kansas chamber of commerce
7,True,0.95,washington assn of sheriffs and police chiefs,washington state assn of sheriffs and police chiefs
8,False,0.85,lgbt bar assn of los angeles,lgbtq+ lawyers assn of los angeles
9,False,0.9,natl assn of regulatory utility commissioners,utility air regulatory grp
10,False,1.0,aclu of minnesota,aclu of texas
1,False,0.9,alaska family action,american family assn
2,False,0.95,asian american bar assn of new york,new york state psychological assn
3,False,0.8,bader family fdn,family fdn (virginia)
4,False,0.9,administer justice,inst for justice
5,False,0.9,caring works,housing works
6,False,0.85,(new) orleans public defenders,public defender assn
7,False,0.9,autonomic technologies,trane technologies
8,False,0.85,ctr for environmental accountability,wisconsin environment
9,False,0.95,asian american legal defense and education fund,equally american legal defense and education fund
10,False,0.9,family farm action alliance,family farm alliance
1,False,0.6,north carolina values coalition,north carolina values inst
2,False,0.7,america’s health insurance plans,medicaid health plans of america
3,True,0.9,ctr for global justice,global justice ctr
4,False,0.95,atlanta legal aid soc,legal aid chicago
5,False,0.8,american lands council,public lands council
6,False,0.95,arkansas school boards assn,california school boards assn
7,False,0.95,nevada mining assn,nevada trucking assn
8,False,0.7,unitarian universalist church,unitarian universalists for social justice
9,False,0.95,assn of arkansas counties,michigan assn of counties
10,False,0.7,equal justice ctr,equal justice soc
1,True,0.9,california farm bureau,state farm bureau org of california
2,False,0.8,wine and spirits wholesalers of america,wine and spirits wholesalers of tennessee
3,False,0.7,media action ctr,media research ctr
4,False,0.9,aclu of mississippi,mississippi ctr for justice
5,False,0.95,league of conservation voters,league of women voters florida
6,False,0.85,ctr for equal opportunity,natl assn for equal opportunity in higher education
7,False,0.95,mexican american legal defense and educational fund,naacp legal defense and education fund.
8,False,0.95,asian american bar assn of new york,lgbt bar assn of new york
9,False,0.95,asian american legal defense and education fund,conservative legal def. and education fund
10,False,0.9,arizona coalition to end sexual and domestic violence,montana coalition against domestic and sexual violence
1,False,0.9,advocates for human rights,physicians for human rights
2,False,0.9,black public defender assn,public defender assn of iowa
3,False,0.8,central florida assn of criminal defense lawyers,florida assn of criminal defense lawyers-miami chapter
4,True,0.95,natl council of churches,natl council of churches of christ in the usa
5,True,0.95,catholic vote,catholicvote
6,False,0.7,children’s rights,ctr for the rights of abused children
7,False,0.9,constitution party natl comm,natl constitutional law union
8,False,0.95,financial executives intl,tax executives inst
9,False,0.8,justice fdn,united states justice fdn
10,False,0.7,forge,forge youth mentoring
1,False,0.7,family council and family policy inst,north carolina family policy council
2,False,0.3,community care plan,plan c
3,False,0.2,square,union square ventures
4,True,0.95,unite for reproductive and gender equity,urge: unite for reproductive and gender equity
5,True,0.9,innocence project new orleans,innocence project of new orleans
6,False,0.95,hispanic bar assn of new jersey,new york state bar assn
7,False,0.9,american vaping manufacturers assn,natl assn of manufacturers
8,False,0.95,california school boards assn,minnesota school boards assn
9,False,0.85,criminal defense attorneys,vermont states attorneys assn
10,False,0.95,american muslim bar assn,women’s bar assn of the state of new york
1,False,0.9,forward party,law forward
2,False,0.9,american ctr for law and justice,freedom ctr fdn
3,False,0.9,american constitutional rights union,robertson ctr for constitutional law
4,False,0.9,disability rights advocates,disability rights michigan
5,False,0.95,league of california cities,league of women voters of arizona
6,False,0.95,cfl technologies,uber technologies
7,False,0.95,american bar assn,asian pacific american bar assn of pennsylvania
8,False,0.9,constitution party,constitution project
9,True,0.95,christian family coalition,christian family coalition (cfc) florida
10,False,0.9,frontline,frontline policy council (georgia)
1,False,0.7,internet assn,internet commerce assn
2,False,0.9,council of independent colleges,resource ctr for independent living
3,False,0.8,assn of corporate counsel,minority corporate counsel assn
4,False,0.95,freedom leadership conference,leadership conference of women religious
5,False,0.85,campaign for fair sentencing of youth,campaign for youth justice
6,False,0.95,league of california cities,league of women voters united states
7,False,0.8,legal ctr for defense of life,pro-life legal defense fund
8,False,0.95,american planning assn,northland family planning ctr
9,False,0.95,cornell college,cornell university
10,False,0.85,american nurses assn,natl nurses united
1,False,0.9,florida legal fdn,natl legal fdn
2,False,0.95,federal defender for the eastern district of california,federal public defender western district of washington
3,False,0.95,ctr for medicine in the public interest,new york lawyers for the public interest
4,False,0.95,california farm bureau,state farm bureau org of washington
5,False,0.9,first amendment coalition,knight first amendment inst
6,False,0.9,asian american legal defense and education fund,civil rights education and defense fund
7,False,0.9,natl patient advocate fdn,public health advocates
8,False,0.95,league of california cities,league of women voters of alabama
9,False,0.85,mount st. mary’s university,st. mary’s ctr
10,False,0.9,save,save the children fed
1,False,0.9,american free enterprise chamber of commerce,arkansas state chamber of commerce
2,False,0.95,apartment owners assn of california,gun owners for safety
3,False,0.85,atlanta legal aid soc,legal aid soc (new york)
4,False,0.9,d.c. assn of criminal defense lawyers,utah assn of criminal defense lawyers
5,False,0.7,alliance for automotive innovation,innovation alliance
6,True,0.95,general assembly of the presbyterian church (u.s.a.),presbyterian church (u.s.a.)
7,False,0.95,los angeles community action network,los angeles community college district
8,False,0.95,american bar assn,catholic bar assn
9,False,0.95,american bar assn,muslim bar assn of new york
10,False,0.9,natl immigration project,ohio chapter of the natl lawyers guild
1,False,0.9,justice and freedom law ctr,software freedom law ctr
2,False,0.8,just neighbors,neighbor to neighbor massachusetts action fund
3,False,0.95,illinois right to life,texas right to life
4,False,0.95,disability rights florida,disability rights mississippi
5,False,0.85,council of administrators of special education,minnesota administrators for special education
6,False,0.9,american farm bureau fed,oregon farm bureau
7,False,0.9,central atlantic conference of the united church of christ,montana-northern wyoming conference united church of christ
8,False,0.95,aclu of the district of columbia,american civil liberties union of missouri
9,False,0.9,american independent natl comm,independent insurance agents of n.c.
10,True,0.95,mastercard,mastercard intl incorporated
1,False,0.9,catholic charities of the archdiocese of new york,catholic charities of the diocese of joliet
2,False,0.9,american trucking assn,south dakota trucking assn
3,False,0.9,asian pacific american bar assn of silicon valley (apaba silicon valley),silicon valley chinese assn
4,False,0.9,esperanza immigrant rights project,northwest immigrant rights project
5,False,0.95,natl council of asian pacific islander physicians,natl queer asian pacific islander alliance
6,False,0.95,assn of criminal defense lawyers of new jersey,new jersey muslim lawyers assn
7,False,0.95,disability rights connecticut,disability rights maryland
8,False,0.8,natl whistleblower ctr,whistleblower law firm
9,False,0.8,legal services for children,pegasus fdn
10,False,0.9,natl corn growers assn,western growers assn
1,False,0.9,natl academy of education,natl rural education assn
2,False,0.9,capital research ctr,media research ctr
3,True,0.8,public advocate,public advocate of the u.s.
4,False,0.85,western journal,western journalism ctr
5,False,0.9,central assn for the blind and visually impaired,lighthouse for the blind and visually impaired of san francisco
6,False,0.95,illinois rental property owners assn,rental property assn of wisconsin
7,False,0.95,asian real estate assn of america,business roundtable
8,False,0.9,family council and family policy inst,maryland public policy inst
9,False,0.85,project rainbow,rainbow health minnesota
10,False,0.9,renal healthcare assn,renal physicians assn
1,False,0.7,houston women’s march on,women’s march
2,False,0.8,natl fair housing alliance,northwest fair housing alliance
3,False,0.9,american medical assn,catholic medical assn
4,False,0.8,compass family services,new hope family services
5,True,0.95,casa de esperanza,casa de esperanza: natl latina network for healthy families and communities
6,False,0.95,aclu of the district of columbia,american civil liberties union of nevada
7,False,0.9,american ctr for law and justice,intl ctr for law and economics
8,False,0.9,assn of the bar of the city of new york,legal aid soc
9,False,0.85,council of university chairs of obstetrics and gynecology,intl fed of gynecology and obstetrics
10,False,0.85,building industry assn of the greater valley,building industry assn of washington
1,False,0.9,latin american assn,league of united latin american citizens
2,False,0.95,florida republican party,republican party of new mexico
3,False,0.95,aclu of puerto rico,ohio assn of criminal defense lawyers
4,False,0.9,thomas more law ctr,thomas more university
5,False,0.95,dell technologies,lumen technologies
6,False,0.9,mental health america,natl assn of rural health clinics
7,False,0.9,trust and safety fdn,trust women fdn
8,True,0.95,ctr for integrity in forensic science,ctr for integrity in forensic sciences
9,False,0.9,california women’s law ctr,children’s law ctr of california
10,False,0.9,central district consumer bankruptcy attorney assn,natl assn of bankruptcy trustees
1,False,0.9,mennonite church usa,u.t.o.p.i.a. seattle
2,False,0.95,american vaping manufacturers assn,natl electrical manufacturers assn
3,False,0.7,florida interfaith coalition for reproductive health and justice,interfaith voices for reproductive justice
4,False,0.95,georgia coalition against domestic violence,natl coalition against violent athletes
5,True,0.85,family fdn (tff) of virginia,family fdn (virginia)
6,False,0.9,natl wildlife fed,natl wildlife refuge assn
7,False,0.95,arkansas state chamber of commerce,greater pensacola chamber of commerce
8,False,0.8,gun owners fdn,minnesota gun owners caucus
9,False,0.85,free speech coalition,free speech for people
10,False,0.95,housing works,internet assn
1,False,0.9,league of women voters,new york league of conservation voters
2,True,1.0,microsoft,microsoft corporation
3,True,0.95,natl council of churches,natl council of the churches of christ in the usa
4,False,0.85,shriver ctr on poverty law,virginia poverty law ctr
5,False,0.9,hispanic bar assn of new jersey,new jersey state bar assn
6,False,0.9,assn of classical christian schools,california charter schools assn
7,False,0.9,league of women voters,maryland league of conservation voters
8,False,0.95,california school boards assn,michigan assn of school boards
9,False,0.9,pinnacle forum,pinnacle pet
10,True,0.95,natl family violence law ctr,natl family violence law ctr at the george washington university law school
1,True,0.9,salesforce,salesforce.com
2,False,0.3,natl council on independent living,resource ctr for independent living
3,False,0.1,american assn of colleges of nursing,american medical women’s assn
4,False,0.2,american public health assn,south asian public health assn
5,False,0.2,inst for policy integrity,public integrity alliance
6,False,0.3,alaska right to life,right to life of michigan
7,False,0.2,tampa bay access force,tampa bay tech
8,False,0.3,california attorneys for criminal justice,defense attorneys
9,False,1.0,american bar assn,washington post
10,False,0.3,california attorneys for criminal justice,maryland criminal defense attorneys’ assn
1,False,0.9,aclu fdn of arizona,aclu fdn of oregon
2,False,0.95,aclu of the district of columbia,district of columbia historians
3,False,0.95,adamas pharmaceuticals,salix pharmaceuticals
4,False,0.9,ctr for immigration studies,ctr for migration studies of new york
5,False,0.9,disability rights advocates,disability rights mississippi
6,False,0.95,louisiana conference of catholic bishops,texas catholic conference of bishops
7,True,0.85,louisiana state conference of the naacp,naacp
8,False,0.9,arkansas assn of chiefs of police,natl assn of chiefs of police
9,False,0.9,disability rights connecticut,disability rights florida
10,False,0.95,natl legal fdn,pacific legal fdn
1,False,0.9,american assn for justice,ctr for law and education
2,False,0.95,colorado community health network,community health network of connecticut
3,False,0.9,justice policy inst,montana policy inst
4,False,0.95,b.e. technology,consumer technology assn
5,False,0.95,inst for indian development,italian assn for women in development
6,False,0.95,kentucky coal assn,kentucky hospital assn
7,True,0.85,natl fed of independent business,natl fed of independent business small business legal ctr
8,False,0.9,columbia union conference of seventh-day adventists,general conference of seventh-day adventists
9,False,0.95,americans against gun violence,nuns against gun violence
10,False,0.9,free law project,women’s law project
1,True,0.9,intl brotherhood of teamsters,intl brotherhood of teamsters (human rights and diversity commission)
2,False,0.7,advocates for children of new york,children’s defense fund-new york
3,False,0.9,league of conservation voters,league of women voters texas
4,False,0.9,maine coalition to end domestic violence,nebraska coalition to end domestic and sexual violence
5,False,0.6,natl small business assn,small business assn
6,False,0.8,internet assn,internet soc
7,False,0.95,league of conservation voters,league of women voters
8,True,0.95,samsung,samsung electronics co.
9,True,0.95,brennan ctr for justice,brennan ctr for justice at n.y.u. school of law
10,False,0.7,legal services for children,pegasus legal services for children
1,False,0.95,new mexico district attorneys assn,new mexico hospital assn
2,False,0.7,family farm action alliance,family fdn action
3,False,0.9,hispanic natl bar assn,natl bar assn
4,False,0.8,jewish pro-life fdn,pro-life legal defense fund
5,False,0.85,north carolina community health ctr assn,north carolina healthcare assn
6,False,0.9,housing alliance of pennsylvania,pennsylvania coal alliance
7,False,0.95,communities unlimited,vapor unlimited
8,False,0.9,natl alliance of state pharmacy assn,natl assn of specialty pharmacy
9,False,0.95,disability rights california,disability rights nebraska
10,False,0.9,american bar assn,asian pacific american bar assn of los angeles county
1,False,0.7,georgia public interest research grp,u.s. public interest research grp education fund
2,False,0.5,enough is enough,team enough
3,False,0.9,mississippi college,mississippi republican party
4,True,0.95,american gi forum,american gi forum-natl veterans outreach program
5,False,0.9,idaho coalition against sexual and domestic violence,nevada coalition to end domestic and sexual violence
6,False,0.8,california assn of realtors,natl assn of realtors®
7,False,0.8,central florida assn of criminal defense lawyers,florida assn for criminal defense lawyers
8,False,0.6,american civil rights project,emory civil rights soc
9,False,0.9,hca healthcare,renal healthcare assn
10,False,0.9,dallas baptist university,maranatha baptist university
1,False,0.9,california assn of realtors,michigan realtors®
2,True,1.0,claremont institutes’ ctr for constitutional jurisprudence,claremont inst’s ctr for constitutional jurisprudence
3,False,0.95,kerrville church of christ,united church of christ
4,False,1.0,healthcare assn of new york state,new york state sheriffs’ assn
5,False,0.95,aclu of georgia,aclu of texas
6,False,0.9,anti-defamation league of b’nai b’rith,b’nai b’rith intl
7,False,0.9,natl council of churches,rhode island state council of churches
8,False,1.0,north carolina farm bureau,north dakota family alliance
9,False,0.9,strive asset management,trillium asset management
10,False,0.9,americans for immigrant justice,immigrant justice idaho
1,False,0.9,open net assn,texas.net
2,False,0.95,aclu of northern california,assn of california water agencies
3,False,0.9,illinois coal assn,illinois policy
4,False,0.85,planned parenthood action fund,planned parenthood empire state acts
5,False,0.9,constitution party,constitution party natl comm
6,False,0.9,homeless advocacy project,texas advocacy project
7,False,0.9,children’s ctr,justice defense fund
8,False,0.95,alaska right to life,right to immigration inst
9,False,0.95,american assn of university women of florida,university of florida board of trustees
10,False,0.9,children’s rights,southern ctr for human rights
1,False,0.9,energy equipment and infrastructure alliance,internet infrastructure coalition
2,False,0.8,new york council of defense lawyers,new york state assn of criminal defense lawyers
3,False,0.6,ctr for justice and freedom,freedom ctr fdn
4,False,0.9,aasa the school superintendents assn,maine school superintendents assn
5,False,0.9,central city assn,central city hospitality house
6,False,1.0,natl right to life comm,natl right to work comm
7,True,1.0,"natl assn of parents (d/b/a ""parentsusa"")",natl assn of parents. dba parentsusa
8,False,0.9,alliance for educational justice,her justice
9,False,0.7,atlanta legal aid soc,legal aid soc
10,False,1.0,mississippi college,republican party of arizona
1,False,0.7,building industry assn of the greater valley,california building industry assn
2,False,0.8,criminal defense attorneys,vermont assn of criminal defense attorneys
3,False,0.9,maciver inst for public policy,virginia inst for public policy
4,False,0.95,illinois right to life,wisconsin right to life
5,True,1.0,american jewish comm,american jewish congress
6,False,0.6,ctr for reproductive rights,ctr on reproductive rights and justice
7,True,0.9,presiding bishop and president of the house of deputies of the episcopal church,presiding bishop of the episcopal church
8,False,0.95,american trucking assn,oklahoma trucking assn
9,False,0.7,in the public interest,new jersey appleseed public interest law ctr
10,False,0.95,american muslim bar assn,asian american bar assn of new york
1,False,0.9,jewish pro-life fdn,natl pro-life alliance
2,False,0.95,american assn of christian schools,wisconsin assn of christian schools
3,False,0.95,colorado psychological assn,north carolina psychological assn
4,False,0.7,criminal justice legal fdn,justice fdn
5,False,0.8,housing justice ctr,housing rights comm of sf
6,False,0.95,asian american legal defense and education fund,naacp
7,False,0.9,atlantic union conference of seventh-day adventists,columbia union conference of seventh-day adventists
8,True,0.95,everytown for gun safety,everytown for gun safety support fund
9,False,0.9,johnson and johnson,robert wood johnson fdn
10,False,0.9,aclu fdn of louisiana,louisiana family fdn
1,False,0.9,islam and religious freedom action team of the religious freedom inst,natl comm for amish religious freedom
2,False,0.95,california assn of realtors,new york assn of realtors®
3,False,0.9,assn of california water agencies,assn of metropolitan water agencies
4,False,0.95,ctr for constitutional responsibility,ctr for constitutional rights
5,False,0.95,aclu of puerto rico,washington assn of criminal defense lawyers
6,True,1.0,catholic legal immigration network,catholic legal immigration network.
7,False,0.95,austin inst for the study of family and culture,soc for the study of psychiatry and culture
8,False,0.95,federal public defender district of hawai’i,federal public defender for the district of arizona
9,False,0.85,alameda alliance for health,alameda health consortium
10,True,0.95,islam and religious freedom action team,islam and religious freedom action team religious freedom inst
1,False,1.0,bar assn of the district of columbia,maine assn of criminal defense lawyers
2,False,0.9,maine coalition to end domestic violence,tennessee coalition to end domestic and sexual violence
3,False,1.0,american bar assn,lgbt bar of new york
4,False,0.9,california policy ctr,ctr for alcohol policy
5,False,0.95,independent women’s law ctr,natl women’s law ctr
6,False,1.0,american assn of university women-michigan chapter,eastern michigan university
7,False,0.8,medical professionals,medical staff professionals
8,False,0.7,office of the ohio public defender,public defender assn
9,False,1.0,midwest access coalition,midwest vape coalition
10,False,1.0,protect our care,protect our defenders
1,False,0.7,asian pacific american bar assn of pennsylvania,natl asian pacific american bar assn
2,False,0.9,assn of criminal defense lawyers of new jersey,florida assn of criminal defense lawyers
3,False,0.9,assn of minnesota counties,michigan assn of counties
4,False,0.9,michigan realtors®,minnesota realtors®
5,False,0.95,american assn of university women,union university
6,False,0.9,bader family fdn,louisiana family fdn
7,False,0.8,lgbt bar assn of new york,natl lgbt bar assn
8,False,0.85,montana-northern wyoming conference united church of christ,united church of christ
9,False,0.8,citizens equal rights alliance,u.s. citizens for equal protection
10,False,0.95,inventors network kentucky,kentucky health justice network
1,True,0.95,assembly of canonical orthodox bishops of the united states of america,assembly of canonical orthodox bishops of the usa
2,False,0.8,alliance san diego,south asian bar assn of san diego
3,False,0.7,ctr for family and human rights,ctr for the human rights of children
4,False,0.7,generation justice,generation vote
5,False,0.75,central florida assn of criminal defense lawyers,florida assn for criminal defense lawyers-miami chapter
6,False,0.9,california catholic conference,wisconsin catholic conference
7,False,0.85,arkansas assn of chiefs of police,natl police assn
8,True,0.95,catholicvote,catholicvote.org
9,False,0.7,employers ass’n,employers grp
10,False,0.8,legal aid chicago,legal aid soc
1,False,0.9,american trucking assn,utah trucking assn
2,False,0.9,california assn of realtors,texas realtors®
3,False,0.95,freedom from religion fdn,religious freedom inst
4,False,0.85,faith and freedom coalition,wagner faith and freedom ctr
5,False,0.95,california news publishers assn,new york news publishers assn
6,False,0.9,american civil rights project,civil rights corps
7,False,0.85,access reproductive justice,natl latina inst for reproductive justice
8,False,0.95,chicago coalition for the homeless,tennessee valley coalition for the homeless
9,False,0.9,stand u.p.,stand with us
10,False,0.9,american tax policy inst,tax freedom inst
1,False,0.3,government accountability project,justice and corporate accountability project
2,False,0.4,children’s ctr,ctr for the human rights of children
3,False,0.2,aclu of north carolina,north carolina community health ctr assn
4,False,0.1,american assn of university women,anderson university
5,False,0.3,central pacific conference of the united church of christ,penn west conference of the united church of christ
6,False,0.5,chicago lawyers’ comm for civil rights,lawyers’ comm for civil rights under law
7,False,0.4,fond du lac band of lake superior chippewa,lac du flambeau band of lake superior chippewa indians
8,False,0.3,boise metro chamber of commerce,u.s. chamber of commerce fdn
9,False,0.3,freedom fdn,justice and freedom fund
10,False,0.1,california public defenders assn,mississippi college
1,False,0.9,aclu of the district of columbia,american civil liberties union of illinois
2,False,0.8,fair housing advocates assn,housing alliance de
3,False,0.85,asian pacific american labor alliance,natl council of asian pacific americans
4,False,0.9,american benefits council,catholic benefits assn
5,False,0.9,ctr for justice and freedom,minnesota freedom fund
6,False,0.85,american intellectual property law assn,inst for intellectual property and social justice
7,False,0.9,illinois pork producers assn,state pork producer assn of minnesota
8,False,0.9,american jewish congress,world jewish congress
9,True,0.95,ujima.: the natl ctr on violence against women in the black community,ujima: natl ctr on violence against women in the black community
10,False,0.9,american vaping manufacturers assn,texas assn of manufacturers
1,False,0.3,alabama criminal defense lawyers assn,criminal defense attorneys
2,False,0.4,children’s ctr,ctr for children’s advocacy
3,False,0.2,argent,argentum
4,False,0.3,california change lawyers,california women lawyers
5,False,0.5,colorado criminal defense bar,ohio assn of criminal defense lawyers
6,False,0.3,access housing. district of columbia,district of columbia affairs community of the district of columbia bar
7,False,0.1,assn of catholic colleges and universities,minnesota state colleges and universities
8,False,0.4,law enforcement alliance of america,law enforcement officers
9,False,0.6,naral pro-choice north carolina,naral pro-choice oregon
10,True,0.9,natl fed for the blind,natl fed of the blind-california
1,False,0.9,arizona chamber of commerce and industry,longview chamber of commerce
2,False,0.9,aclu of pennsylvania,housing alliance of pennsylvania
3,False,0.8,california dui lawyers assn,california lawyers assn
4,True,1.0,aclu of the district of columbia,american civil liberties union of the district of columbia
5,False,1.0,aclu of mississippi,mississippi republican party
6,False,1.0,jewish war veterans of the united states of america,veterans of foreign wars of the united states
7,False,0.7,american right to life,natl right to life comm
8,False,1.0,arizona coalition to end sexual and domestic violence,south carolina coalition against domestic violence and sexual assault
9,False,1.0,arizona state university,ohio state university
10,False,1.0,federal defender for the district of arizona,federal public defender northern district of california
1,False,0.9,hispanic leadership fund,natl apostolic christian leadership conference
2,False,0.9,arkansas assn of chiefs of police,virginia assn of chiefs of police and fdn
3,False,0.7,environmental advocates,environmental org
4,False,0.95,assn of the bar of the city of new york,legal aid soc of the city of new york
5,False,0.8,digital chamber,digital justice fdn
6,False,0.85,north carolina community health ctr assn,north carolina justice ctr
7,False,0.8,massachusetts public interest research grp,u.s. public interest research grp
8,False,0.95,american assn of christian schools,assn of american law schools
9,False,0.95,d.c. assn of criminal defense lawyers,oklahoma criminal defense lawyers assn
10,False,0.95,vermont assn of criminal defense attorneys,vermont states attorneys assn
1,False,0.9,asian american legal defense and education fund,women’s equal rights legal defense and education fund
2,False,0.6,institutional religious freedom alliance,religious freedom inst
3,False,0.7,maine heritage policy ctr,maine policy inst
4,False,0.8,alj capital management,highland capital management l.p.
5,False,1.0,california trucking assn,nevada mining assn
6,False,1.0,california trucking assn,west virginia coal assn
7,False,0.9,american free enterprise chamber of commerce,u.s. women’s chamber of commerce
8,False,0.7,alliance for justice,lone star justice alliance
9,False,0.8,american ctr for law and justice,natl ctr for law and economic justice
10,False,0.6,independent health plan,independent inst
1,False,0.9,federal defender for the district of arizona,oregon federal public defender’s office
2,False,0.95,everytown for gun safety,gun owners of california
3,True,0.85,catholic vote,catholicvote.org educational fund
4,False,0.9,american assn of public health physicians,american public health assn
5,False,0.95,american assn of university professors,american indian law professors
6,False,0.9,american assn on health and disability,assn on higher education and disability
7,False,0.9,government finance officers assn,native american finance officers assn
8,False,0.95,aclu of puerto rico,illinois assn of criminal defense lawyers
9,False,0.85,assn for government accountability,natl police accountability project
10,False,0.9,california county gun owners,owners counsel of america
1,False,0.8,informed consent action network,physicians for informed consent
2,False,0.9,catholic conferences of minnesota,tennessee catholic conference
3,False,0.95,central pacific conference of the united church of christ,penn northeast conference of the united church of christ
4,False,0.95,federal defender for the district of arizona,federal public defender for the district of nevada
5,True,0.9,catholic health assn,catholic health assn of the united states
6,True,0.9,bayer,bayer us
7,False,0.9,ctr for medicine in the public interest,ctr for science in the public interest
8,True,0.95,capital area immigrants’ rights coalition,capital area immigrant’s rights coalition
9,False,0.95,aclu fdn of arizona,louisiana family fdn
10,False,0.95,colorado psychological assn,new york state vapor assn
1,False,0.9,assn of southern california defense counsel,intl assn of defense counsel
2,False,0.9,business roundtable,naples roundtable
3,False,0.95,arizona chamber of commerce and industry,kansas chamber of commerce
4,False,0.95,eliot unitarian universalist chapel,unitarian universalist women’s fed
5,False,0.95,mt innocence project,new england innocence project
6,False,0.85,ctr for public justice,public justice
7,False,0.95,american hotel and lodging assn,ohio hotel and lodging assn
8,False,0.95,colorado criminal defense bar,d.c. assn of criminal defense lawyers
9,False,0.95,natl alliance for public charter schools,washington state charter schools assn
10,False,0.9,alliance for educational justice,inst for justice
1,False,0.9,d.c. assn of criminal defense lawyers,georgia assn of criminal defense lawyers
2,False,0.8,americas health insurance plans,medicaid health plans of america
3,False,0.7,federal law enforcement officers assn,law enforcement alliance of america
4,True,0.95,aerospace industries assn,aerospace industries assn of america
5,False,0.9,b.e. technology,illinois inst of technology
6,False,0.95,federal public defender district of guam,federal public defender for the district of nevada
7,False,0.95,protect our aquifer,protect our gun rights
8,False,0.7,alliance of u.s. startups and inventors for jobs,inventors for jobs
9,False,0.95,aclu of pennsylvania,aclu of texas
10,False,0.8,alliance for automotive innovation,assn for american innovation
1,False,0.9,housing works,internet works
2,False,0.7,hispanic leadership fund,leadership inst
3,True,0.95,global justice inst metropolitan community churches,metropolitan community churches global justice inst
4,False,0.8,military / veterans coalition of indiana,military women’s coalition
5,False,0.95,alaska right to life,new hampshire right to life
6,False,0.7,city of hope,community hope
7,False,0.9,aclu fdn of arizona,aclu of texas
8,False,0.8,concordia university-st. paul,st. paul’s ctr
9,False,0.95,assn of alaska housing authorities,california assn of housing authorities
10,False,0.95,district attorneys’ assn of georgia,massachusetts district attorneys assn
1,False,0.7,first amendment clinics,knight first amendment inst
2,True,0.9,natl action network,natl action network washington bureau
3,False,0.8,american civil liberties union fdn,american civil liberties union of georgia
4,False,0.9,american assn of public health physicians,american health care assn
5,False,1.0,colorado state university,ohio state university
6,False,0.9,american assn for justice,los angeles ctr for law and justice
7,False,0.9,disability rights california,disability rights ohio
8,False,0.9,aclu of mississippi,mississippi public defenders assn
9,False,0.9,assn of criminal defense lawyers of new jersey,new jersey assn of women lawyers
10,False,0.8,california employment lawyers assn,natl employment lawyers assn
1,False,0.95,dallas county public defender’s office,federal public defender of oregon
2,False,0.6,2556 operation outcry women injured by abortion,women hurt by abortion
3,False,0.95,district attorneys assn of the state of new york,healthcare assn of new york state
4,False,0.9,hope fair housing ctr,new hope family services
5,False,0.95,housing alliance of pennsylvania,university of pennsylvania
6,False,0.9,independent council on women’s sport,independent inst
7,False,0.95,apa watch,judicial watch
8,False,0.95,district attorneys assn of the state of new york,medical soc of the state of new york
9,False,0.9,american free enterprise chamber of commerce,south carolina chamber of commerce
10,False,0.95,aclu of new jersey,aclu of new mexico
1,False,0.9,business council of new york state,ohio council of churches
2,False,0.7,american muslim bar assn,capital area muslim bar assn
3,False,0.9,mississippi college,mississippi justice inst
4,False,0.6,85 religious org,religious inst
5,False,0.6,aldea-the peoples justice ctr,people’s justice council
6,False,0.8,american health care assn,natl assn of community health ctr
7,False,0.7,atlantic ctr for capital representation,ctr for public representation
8,False,0.9,arizona chamber of commerce and industry,kentucky chamber of commerce
9,False,0.8,florida wildlife fed,natl wildlife fed
10,False,0.7,advocates for faith and freedom,faith and freedom coalition
1,False,0.9,american college of tax counsel,american college of trust and estate counsel
2,False,0.8,american free enterprise chamber of commerce,united states chamber of commerce
3,False,0.95,central florida assn of criminal defense lawyers,pennsylvania assn of criminal defense lawyers
4,False,0.7,defense of freedom inst,freedom fund
5,False,0.7,faith and freedom fdn,freedom ctr fdn
6,True,0.95,gun owners action league (massachusetts),gun owners’ action league massachusetts
7,False,0.85,sexual violence law ctr,sexual violence prevention assn
8,False,0.9,american public health assn,catholic health assn
9,False,0.95,animal welfare league of arlington,child welfare league of america
10,False,0.85,american mining rights assn,arizona mining assn
1,False,0.9,disability rights california,disability rights louisiana
2,False,0.6,exoneration initiative,exoneration project
3,False,0.95,california state sheriffs’ assn,virginia sheriffs assn
4,False,0.95,apa watch,human rights watch
5,True,0.99,intel,intel corporation
6,False,0.95,american trucking assn,minnesota 8
7,False,0.9,assn of california cities-orange county,county of orange
8,False,0.9,california rural legal assistance fdn,rural community assistance corporation
9,False,0.85,equality california,equality fed
10,False,0.85,ctr for global justice,equal justice ctr
1,False,0.7,access reproductive justice,spark reproductive justice now!
2,True,0.95,asian pacific american gun owners assn,asian pacific american gun owners assoc.
3,True,0.9,montana innocence project,mt innocence project
4,False,0.6,ctr for constitutional rights,ctr for human rights and constitutional law
5,False,0.8,american right to life,new jersey right to life
6,False,0.95,american hospital assn,maine education assn
7,True,0.9,armed forces and chaplaincy for the anglican church in north america,jurisdiction of the armed forces and chaplaincy of the anglican church in north america
8,False,0.85,california constitutional rights fdn,california gun rights fdn
9,False,0.9,american ctr for law and justice,ctr for consumer law and education
10,False,0.7,leadership inst,united states hispanic leadership inst
1,False,0.8,colorado republican comm,republican state leadership comm
2,True,0.95,ethics and religious liberty commission,ethics and religious liberty commission of the southern baptist conference
3,False,0.7,housing alliance de,safe housing alliance
4,False,0.9,illinois sheriffs’ assn,natl sheriffs’ assn
5,False,0.9,central alabama fair housing ctr,fair housing ctr of central indiana
6,False,0.95,south carolina hospital assn,south carolina vapor assn
7,True,0.95,apartment assn of los angeles county,apartment assn of los angeles county. dba apartment assn of greater los angeles
8,False,0.85,everytown for gun safety,gun owners for safety
9,False,0.95,missouri republican party,republican party of arizona
10,False,0.95,atlanta legal aid soc,legal aid soc of the city of new york
1,False,0.9,california state sheriffs assn,virginia sheriffs assn
2,False,0.95,illinois family inst,illinois inst of technology
3,False,1.0,american bar assn,natl asian pacific american womens forum
4,False,0.9,california chamber of commerce,kansas chamber of commerce
5,False,0.85,ctr for environmental accountability,ctr for justice and accountability
6,False,0.9,indiana wesleyan university,wesleyan university
7,False,0.8,children’s ctr,children’s defense fund
8,False,0.9,assn of arkansas counties,natl assn of counties
9,False,0.85,cardinal inst for west virginia policy,west virginia family policy council
10,False,0.85,justice for migrant women,migrant justice
1,True,0.95,qualcomm,qualcomm incorporated
2,False,0.7,family fdn,family fdn of virginia
3,False,0.8,ctr for medicine in the public interest,public interest legal fdn
4,False,0.9,georgia public policy fdn,texas public policy fdn
5,False,0.85,california employment law council,natl employment law project
6,False,0.8,natl fed of independent business small business legal ctr,natl small business assn
7,False,0.9,american hospital assn,georgia hospital assn
8,False,0.85,ctr for environmental accountability,environmental defense fund
9,False,0.75,children’s ctr,louisiana ctr for children’s rights
10,False,0.8,american property owners alliance,hollywood property owners alliance
1,False,0.9,illinois coalition against sexual assault,iowa coalition against sexual assault
2,True,0.95,communication first,communicationfirst
3,False,0.9,internet accountability project,internet commerce assn
4,False,0.85,cardinal inst for west virginia policy,family policy of west virginia
5,False,0.9,freedom leadership conference,natl hispanic christian leadership conference
6,False,0.85,eagle forum fdn,tennessee eagle forum
7,True,0.9,chinese american alliance,chinese american citizens alliance-greater new york
8,False,0.9,ctr for children’s law and policy,ctr for the study of social policy
9,False,0.95,new civil liberties alliance,new york civil liberties union
10,False,0.95,asian american legal defense and education fund,eagle forum
1,False,0.7,american free enterprise chamber of commerce,u.s. chamber of commerce
2,False,0.8,colorado psychological assn,natl latinx psychological assn
3,True,0.9,manhattan inst,manhattan inst for policy research
4,False,0.9,natl education assn,natl rural education assn
5,False,0.7,central atlantic conference of the united church of christ,general synod of the united church of christ
6,False,0.8,nebraska family action,nebraska family alliance
7,False,0.95,new mexico hospital assn,new mexico trucking assn
8,False,0.7,shalom ctr,shalom mennonite fellowship
9,False,0.95,asian american bar assn of new york,healthcare assn of new york state
10,False,0.85,atlantic union conference of seventh-day adventists,general conference of the seventh-day adventist church
1,False,0.95,illinois sheriffs’ assn,minnesota sheriffs’ assn
2,False,0.7,disability rights florida,disability rights legal ctr
3,False,0.9,aclu of pennsylvania,housing equality ctr of pennsylvania
4,False,0.95,california chamber of commerce,kentucky chamber of commerce
5,False,0.85,assn of independent music publishers,independent book publishers assn
6,False,0.8,california immigrant policy ctr,california policy ctr
7,False,0.75,ctr for consumer law and education,ctr for law and education
8,False,0.95,asian american bar assn of new york,medical soc of the state of new york
9,False,0.9,asian american community services,legal services for children
10,False,0.85,florence immigrant and refugee rights project,florence immigrant and refugee rights project lawyers for civil rights
1,False,0.9,american bar assn,dallas fort worth muslim bar assn
2,False,0.9,hudson inst,hudson pride ctr
3,True,0.95,league of women voters,league of women voters california
4,True,0.9,eagle forum,eagle forum of california
5,False,0.85,louisiana conference of catholic bishops,u.s. conference of catholic bishops
6,False,0.8,amica ctr for immigrant rights,young ctr for immigrant childrens rights
7,True,0.95,natl health law program,natl heath law program
8,True,0.95,asian pacific islander domestic violence resource project,asian/pacific islander domestic violence resource project
9,False,0.9,district attorneys’ assn of georgia,louisiana district attorneys assn
10,False,0.9,alliance san diego,san diego county gun owners
1,False,0.9,homeless advocacy project,western regional advocacy project
2,False,0.9,agricultural retailers assn,california retail assn
3,False,0.8,anglican church in north america,armed forces and chaplaincy for the anglican church in north america
4,False,0.95,american assn of pro-life obstetricians and gynecologists,intl fed of gynecology and obstetrics
5,False,0.95,illinois health and hospital assn,michigan health and hospital assn
6,False,0.99,aclu of puerto rico,idaho assn of criminal defense lawyers
7,False,0.85,small property owners of san francisco inst,small property owners-ny
8,False,0.85,becket fund for religious liberty,chaplain alliance for religious liberty
9,False,0.9,american civil liberties union fdn of northern california,american civil liberties union of michigan
10,False,0.9,american assn for justice,american citizens for justice
1,False,0.9,georgia coalition against domestic violence,pennsylvania coalition against domestic violence
2,False,0.9,arizona attorneys for criminal justice,nevada attorneys for criminal justice
3,False,0.95,american bar assn,natl creditors bar assn
4,False,0.95,independent bakers assn,independent bankers assn of texas
5,False,0.95,alliance of automobile manufacturers,european automobile manufacturers’ assn
6,False,0.95,conservative legal defense and education fund,women’s legal defense and education fund
7,False,0.95,n.c. automobile dealers ass’n,natl automobile dealers assn
8,False,0.85,songwriters guild of america,songwriters of north america
9,False,0.8,ctr for justice and accountability,justice and corporate accountability project
10,False,0.95,american hospital assn,nebraska hospital assn
1,False,0.7,homeless advocacy project,rhode island homeless advocacy project
2,False,0.8,u.s. public interest research grp,washington state public interest research grp
3,False,1.0,aclu of puerto rico,montana assn of criminal defense lawyers
4,False,0.9,free speech coalition,princetonians for free speech
5,False,1.0,illinois sheriffs’ assn,indiana sheriffs’ assn
6,False,0.6,veterans,veterans legal services
7,False,0.9,dc coalition against domestic violence,idaho coalition against sexual and domestic violence
8,False,1.0,california farm bureau,virginia farm bureau
9,False,0.7,impact fund,texas impact
10,False,0.8,power2parent union,power2parents
1,False,0.9,southeastern legal fdn,southeastern university
2,False,0.95,american bar assn,natl lgbt bar assn
3,False,0.95,connecticut criminal defense attorneys assn,maryland states attorneys assn
4,False,0.9,digestive health physicians assn,ibis reproductive health
5,False,0.95,alabama republican party,republican party of arizona
6,False,0.85,advocates for human rights,ctr for human rights and constitutional law
7,False,0.95,california state sheriffs assn,new york state bar assn
8,False,0.9,aerospace industries assn,aerospace medical assn
9,False,0.9,central atlantic conference of the united church of christ,robbinsdale parkway united church of christ
10,False,0.95,georgia coalition against domestic violence,utah domestic violence coalition
1,False,0.9,central florida assn of criminal defense lawyers,d.c. assn of criminal defense lawyers
2,True,0.95,new york county defender service,new york county defender services
3,False,1.0,c-span,cameroon advocacy network
4,False,0.85,aclu of mississippi,mississippi justice inst
5,False,1.0,loyola university of chicago,university of chicago
6,False,0.8,advocates for human rights,human rights defense ctr
7,False,1.0,assn of washington business,southern california rental housing assn
8,False,0.9,assn of prosecuting attorneys,idaho prosecuting attorneys assn
9,False,0.7,arizona ctr for empowerment,fund for empowerment
10,False,0.85,homeless alliance,natl alliance to end homelessness
1,False,0.9,natl ctr on domestic and sexual violence,virginia sexual and domestic violence action alliance
2,False,0.95,kentucky captive assn,kentucky trucking assn
3,False,0.9,dignity alliance massachusetts,massachusetts rivers alliance
4,False,0.95,california school boards assn,north carolina school boards assn
5,True,0.85,members of michigan fair elections inst,michigan fair elections
6,False,0.9,california women’s law ctr,independence law ctr
7,False,0.95,apartment assn of los angeles county,los angeles county police chiefs’ assn
8,False,0.95,asian american legal defense and education fund,mexican american legal defense and educational fund
9,False,0.95,american vaping manufacturers assn,general aviation manufacturers assn
10,False,0.95,league of women voters california,league of women voters of south carolina
1,False,0.9,mississippi college,mississippi ctr for investigative reporting
2,False,0.95,justice policy inst,maine policy inst
3,False,0.9,inst for free speech,james madison inst
4,False,0.95,alaska trucking assn,california trucking assn
5,False,0.9,apartment assn of greater los angeles,greater los angeles communities alliance
6,False,0.95,constitution party natl comm,green party of the united states
7,False,0.95,animal activist legal defense project,pro-life legal defense fund
8,True,0.85,apartment assn of greater los angeles,apartment assn of los angeles county
9,False,0.95,action for life,reason fdn
10,False,0.95,brennan ctr for justice at nyu school of law,tax law ctr at nyu law
1,False,0.9,federal public defender district of hawai’i,federal public defender for the district of guam
2,False,0.8,new mexico public interest research grp fund,u.s. public interest research grp
3,True,0.95,united farm workers fdn,united farm workers of america
4,False,1.0,10 members of the united states senate,members of the texas senate
5,False,1.0,american bar assn,asian pacific american gun owners assn
6,False,0.95,michigan realtors®,texas realtors®
7,False,0.95,asian american legal defense and education fund,transgender legal defense and education fund
8,False,0.9,fond du lac band of lake superior chippewa,lac vieux desert band of lake superior chippewa indians
9,False,0.9,dc project,volunteer lawyers project of cny
10,False,1.0,boston college,boston university
1,False,0.7,american civil liberties union of texas,civil liberties defense ctr
2,False,0.9,asian american legal defense and education fund,connecticut women’s education and legal fund
3,False,0.8,alabama ctr for law and liberty,liberty justice ctr
4,False,0.9,claremont institutes’ ctr for constitutional jurisprudence,ctr for constitutional rights
5,False,0.9,hca healthcare,renal physicians assn
6,False,0.8,american trucking assn,virginia trucking assn
7,False,0.9,current and former california local elected officials,current and former elected officials of the u.s. virgin islands
8,False,0.9,assn of new jersey rifle and pistol clubs,california rifle and pistol assn incorporated
9,False,0.8,ctr for children’s law and policy,ctr for u.s. policy
10,False,0.9,michigan fair elections,pa fair elections
1,False,0.9,alabama coalition for immigrant justice,immigrant justice corps
2,False,0.8,hudson valley cannabis industry assn,natl cannabis industry assn
3,False,0.95,atlanta legal aid soc,legal aid of nebraska
4,False,0.85,defense of freedom inst,justice and freedom fund
5,False,0.9,aclu fdn of louisiana,ltac of louisiana
6,False,0.95,georgia innocence project,mt innocence project
7,False,0.9,middle rio grande conservancy district,refugio del rio grande
8,False,0.85,thomas more law ctr,thomas more soc
9,False,0.95,kalamazoo college,ywca kalamazoo
10,False,0.85,apa watch,rights watch intl
1,False,0.9,dc coalition against domestic violence,maryland network against domestic violence
2,False,0.8,freedom ctr fdn,freedom fdn of minnesota
3,True,0.95,conservative legal def. and ed. fund,conservative legal defense and education fund
4,True,0.9,family heritage alliance,family heritage alliance (south dakota)
5,False,0.85,eliot unitarian universalist chapel,unitarian universalist assn
6,False,0.95,j street,rimini street
7,False,0.9,athletes for care,athletes for impact
8,False,0.95,federal defender for the district of arizona,federal public defender western district of washington
9,False,0.9,freedom fdn of minnesota,minnesota freedom fund
10,False,0.85,american civil rights union,forum for constitutional rights
1,False,0.7,children’s action alliance,children’s ctr
2,False,0.8,government accountability project,natl police accountability project
3,False,0.9,michigan assn of counties,natl assn of counties
4,False,0.9,natl council of asian pacific americans,natl council of asian pacific islander physicians
5,False,0.8,asian american community services,oasis legal services
6,True,0.95,american g.i. forum,american gi forum
7,False,0.85,shadow rock united church of christ,united church of christ
8,False,0.9,aclu of pennsylvania,pennsylvania coal alliance
9,False,0.9,aclu of northern california,northern california water assn
10,False,0.95,disability rights florida,disability rights texas
1,False,0.9,american nurses assn,texas nurses assn
2,False,0.8,buckeye firearms assn,firearms policy fdn
3,False,0.95,internet archive,internet assn
4,False,0.9,california rifle and pistol assn,new york state rifle and pistol assn
5,True,0.95,brennan ctr for justice,brennan ctr for justice at nyu school of law
6,False,0.9,district attorneys’ assn of georgia,wisconsin district attorneys assn
7,False,0.85,atlanta legal aid soc,legal aid justice ctr
8,False,0.95,bar assn of the district of columbia,utah assn of criminal defense lawyers
9,False,0.9,american bar assn,women’s bar assn of the state of new york
10,False,0.9,massachusetts chapter of the natl org for women,seattle chapter natl org for women
1,False,0.9,american academy of nursing,assn of american medical colleges
2,False,0.8,nebraska appleseed ctr for law in the public interest,new jersey appleseed public interest law ctr
3,False,0.95,boise metro chamber of commerce,greater san antonio chinese chamber of commerce
4,False,0.95,district attorneys assn of the state of new york,women’s bar assn of the state of new york
5,False,0.9,american hospital assn,connecticut hospital assn
6,False,0.9,california attorneys for criminal justice,vermont assn of criminal defense attorneys
7,False,0.9,aclu of the district of columbia,district of columbia assn of criminal defense lawyers
8,False,0.9,american hospital assn,hospitalitymaine
9,False,0.9,cfl technologies,eaze technologies
10,False,0.9,california state sheriffs’ assn,natl sheriffs assn
1,False,0.9,dominican bar assn,ohio dominican university
2,False,0.95,missouri hospital assn,ri hospitality assn
3,False,0.9,dc coalition against domestic violence,oregon coalition against domestic and sexual violence
4,False,0.85,planned parenthood action fund,planned parenthood fed of america
5,False,0.9,california downtown assn,gre downtowner
6,False,0.9,federal public and community defenders,oregon federal public defender’s office
7,False,0.95,central city assn,lgbt bar assn of los angeles
8,False,0.9,natl ctr for victims of crime,new jersey crime victims’ law ctr
9,False,0.9,alliance san diego,jewish family service of san diego
10,False,0.9,assn of prosecuting attorneys,florida prosecuting attorneys assn
1,False,0.9,assn of new jersey rifle and pistol clubs,california rifle and pistol assn
2,False,0.9,igm biosciences,tyra biosciences
3,True,0.95,california innocence project; ctr on wrongful convictions,ctr on wrongful convictions
4,False,0.95,alameda county public defender,travis county public defender’s office
5,False,0.95,constitution party natl comm,green party natl comm
6,False,0.95,legal aid chicago,legal aid of nebraska
7,False,0.7,ctr for justice and freedom,justice fdn
8,False,0.85,alaska right to life,natl right to life comm
9,True,0.9,baylor scott and white health,scott and white health plan
10,False,0.95,alabama coalition for immigrant justice,new jersey alliance for immigrant justice
1,False,0.9,indiana smoke free alliance,new mexico smoke free alliance
2,False,0.95,american vaping manufacturers assn,american walnut manufacturers assn
3,False,0.85,league of women voters of new york state,league of women voters united states
4,False,0.8,dui defense lawyers assn,natl college for dui defense
5,False,0.9,community health systems,maryland community health system
6,False,0.9,intl assn of chiefs of police,natl assn of chiefs of police
7,False,1.0,american university,brown university
8,False,0.85,jewish pro-life fdn,texas alliance for life
9,False,0.9,american civil liberties union fdn of northern california,american civil liberties union of colorado
10,False,0.95,american psychological assn,mid county psychological associates
1,False,0.9,b.e. technology,california manufacturers and technology assn
2,False,0.95,west virginia chamber of commerce,west virginia coalition against domestic violence
3,False,0.9,dc abortion fund,prairie abortion fund
4,False,0.9,american assn of public health physicians,public health law ctr
5,False,0.95,american assn of university women,marian university
6,False,0.85,access justice,new voices for reproductive justice
7,False,0.9,ctr for reproductive rights,reproductive rights coalition
8,False,0.95,natl partnership for new americans,partnership for new york city
9,False,0.9,trinity college,trinity intl university
10,False,0.95,american council on education,council for american private education
1,False,0.9,asian pacific american gun owners assn,natl asian pacific american bar assn
2,False,0.8,alaska family action,alaska family council
3,False,0.95,fog pharmaceuticals,regeneron pharmaceuticals
4,False,0.95,league of california cities,league of women voters of sf
5,False,0.85,missouri farm bureau fed,state farm bureaus of missouri
6,False,0.95,cuyahoga county public defender’s office,oregon federal public defender’s office
7,False,0.9,dallas baptist university,southwest baptist university
8,False,0.85,inst for justice,mississippi in action
9,False,0.85,ctr for worker freedom,inst for the american worker
10,False,0.9,disability rights education and defense fund,women’s legal defense and education fund
1,False,0.3,environmental org,shoals environmental alliance
2,True,0.9,u.t.o.p.i.a. seattle,utopia seattle
3,False,0.95,aclu of the district of columbia,american civil liberties union of arizona
4,False,0.9,american civil liberties union fdn of northern california,american civil liberties union of southern california
5,True,0.85,assn for mature american citizens action,assn of mature american citizens action
6,False,0.95,arkansas assn of chiefs of police,pennsylvania chiefs of police assn
7,False,0.9,immigration law reform inst,massachusetts law reform inst
8,False,0.4,arkansas state chamber of commerce,chambers of commerce
9,False,0.95,confederated tribes of the colville reservation,confederated tribes of the umatilla indian reservation
10,False,0.7,interfaith alliance,interfaith alliance of colorado
1,False,0.6,materna,materna medical
2,False,0.7,legal aid chicago,legal aid justice ctr
3,True,0.9,people for the american way,people for the american way fdn
4,False,0.95,arizona coalition to end sexual and domestic violence,idaho coalition against sexual and domestic violence
5,False,0.9,illinois sheriffs’ assn,western states sheriffs’ assn
6,False,0.95,natl ctr for health research,natl ctr for public policy research
7,False,0.8,disability rights advocates,disability rights texas
8,False,0.85,american exploration and mining assn,american exploration and production council
9,False,0.7,american small business league,small business assn
10,False,0.95,american farm bureau fed,illinois farm bureau
1,False,0.9,lawyers for civil justice,lawyers for civil rights
2,False,0.9,freedom ctr fdn,qlaw fdn of washington
3,False,0.9,amica ctr for immigrant rights,young ctr for immigrant children’s rights
4,False,0.8,call,call to action
5,False,1.0,american trucking assn,mississippi hospital assn
6,False,0.8,american small business league,nfib small business legal ctr
7,True,0.95,americans for limited government,americans for limited government research fdn
8,False,0.9,alj capital management,ra capital management lp
9,False,0.85,african human rights coalition,human coalition
10,False,0.95,south carolina coalition against domestic violence and sexual assault,washington state native american coalition against domestic violence and sexual assault
1,True,0.95,diocese of biloxi,roman catholic diocese of biloxi
2,False,0.9,west virginia chamber of commerce,west virginia hospital assn
3,False,0.9,american civil liberties union fdn of northern california,american civil liberties union of virginia
4,False,0.85,unitarian universalist assn,unitarian universalist massachusetts action network
5,False,0.95,american civil liberties union fdn of arizona,american civil liberties union fdn of maryland
6,False,0.8,american energy inst,inst for energy research
7,False,0.9,florence immigrant and refugee rights project,illinois coalition for immigrant and refugee rights
8,True,0.9,palmetto family (south carolina),palmetto family council
9,False,0.95,league of women voters,oregon league of conservation voters
10,False,0.95,assn of the bar of the city of new york,district attorneys assn of the state of new york
1,False,0.9,american hospital assn,oklahoma hospital assn
2,False,0.7,midwest innocence project,mt innocence project
3,False,0.95,american hospital assn,hospitality maine
4,True,0.85,aspira,aspira of new york
5,False,0.95,american bar assn,washington bar assn
6,False,0.95,american civil liberties union of arizona,american civil liberties union of colorado
7,True,0.9,buckeye inst,buckeye inst for public policy solutions
8,False,0.9,arizona chamber of commerce and industry,u.s. chamber of commerce fdn
9,False,0.6,b.e. technology,technology network
10,False,0.95,d.c. assn of criminal defense lawyers,virginia assn of criminal defense lawyers
1,False,0.9,disability rights bar assn,disability rights tennessee
2,False,0.8,action for life,students for live of america
3,False,1.0,california state sheriffs assn,new york state psychological assn
4,False,0.9,alabama post-conviction relief project,capital post-conviction project of louisiana
5,False,0.95,fond du lac band of lake superior chippewa,red cliff band of lake superior chippewa indians
6,False,0.85,north carolina advocates for justice,north carolina justice ctr
7,False,1.0,colorado criminal defense bar,colorado women’s bar assn
8,False,0.7,natl assn for public defense,public defender assn
9,False,1.0,assn of criminal defense lawyers of new jersey,ohio assn of criminal defense lawyers
10,False,0.9,natl assn for rural mental health,natl assn of rural health clinics
1,False,0.9,georgia coalition against domestic violence,lawyers comm against domestic violence new york
2,False,0.95,american property owners alliance,intellectual property owners assn
3,False,0.9,americans against gun violence,bishops against gun violence
4,False,0.8,boise metro chamber of commerce,chambers of commerce
5,False,0.9,california catholic conference,catholic conferences of minnesota
6,False,0.85,california water clean network,clean water action
7,True,0.9,state farm bureau org of washington,washington farm bureau
8,False,0.8,ctr for intl environmental law,environmental law and policy ctr
9,False,0.85,natl ctr on domestic and sexual violence,natl family violence law ctr
10,True,1.0,rincon band of luiseno indians,rincon band of luiseño indians
1,False,0.9,american hospital assn,texas hospital assn
2,False,0.9,american sexual health assn,natl assn for rural mental health
3,True,0.95,natl fed of independent business small business legal ctr,nfib legal ctr
4,False,0.9,catholic medical assn,texas medical assn
5,False,0.95,american cancer soc cancer action network,natl children’s cancer soc
6,True,0.9,general synod of the united church of christ,united church of christ
7,False,0.8,alumni free speech alliance,free speech coalition
8,False,0.85,ad hoc grp of local councils of the boy scouts of america,boy scouts of america
9,False,0.9,alliance for justice,her justice
10,False,0.9,jewish war veterans of the united states of america,veterans of the armed forces of the united states of america
1,False,0.9,american nurses assn,natl assn of catholic nurses usa
2,False,0.8,pennsylvania coal alliance,pennsylvania coalition to advance respect
3,False,0.85,south asian network,south asian public health assn
4,False,0.95,ctr for individual freedom,ctr for individual rights
5,False,0.9,americans for immigrant justice,dream corps justice
6,False,0.95,indiana smoke free alliance,virginia smoke free assn
7,False,0.85,american waterways operators,waterways council
8,False,0.95,american bar assn,asian pacific american labor alliance
9,False,0.9,hispanic leadership fund,natl hispanic christian leadership conference
10,False,0.9,hispanic natl bar assn,natl hispanic fdn for the arts
1,False,0.7,disability rights bar assn,disability rights texas
2,False,0.6,friends of the rappahannock,rappahannock tribe
3,False,0.9,arizona republican party,libertarian party of new mexico
4,True,0.85,neighborhood defender service (new york),neighborhood defender service of harlem
5,False,0.5,cfl technologies,here technologies
6,False,0.9,alaska right to life,new jersey right to life
7,False,0.7,alliance san diego,san diego pride
8,True,0.95,bristol myers squibb,bristol-myers squibb company
9,False,0.6,democracy 21,democracy 21 education fund
10,False,0.7,asian pacific american gun owners assn,gun owners of california
1,False,0.9,b.e. technology,illinois family inst
2,False,0.8,disability rights connecticut,disability rights michigan
3,False,0.85,ctr for environmental accountability,tennessee environmental council
4,True,0.95,fmi the food industry assn,food industry assn
5,True,0.9,eagle forum education and legal defense fund,eagle forum fdn
6,True,0.95,first nations womens alliance,first nations women’s alliance
7,False,0.85,innocence project,innocence project of new orleans
8,False,0.8,bader family fdn,family fdn action
9,False,0.85,innocence project of florida,mt innocence project
10,False,0.9,paterson education fund,reproaction education fund
1,False,0.9,child justice,child usa
2,False,0.7,family farm action alliance,farm action
3,False,0.95,boise metro chamber of commerce,natl black chamber of commerce
4,False,0.95,disability rights ctr of the virgin islands,virgin islands bar assn
5,False,0.95,arizona chamber of commerce and industry,minnesota chamber of commerce
6,False,0.9,american ctr for law and justice,ctr for medical freedom
7,False,0.9,rocky mountain immigrant advocacy network,rocky mountain innocence ctr
8,False,0.95,california rifle and pistol assn,vermont state rifle and pistol assn
9,False,0.9,american academy of family physicians,american academy of physician life care planners
10,False,0.85,california county gun owners,gun owners fdn
1,False,0.6,free press,free press action
2,False,0.5,housing justice ctr,housing rights ctr
3,False,0.9,league of women voters california,league of women voters of arizona
4,False,0.7,chambers of commerce,salinas valley chamber of commerce
5,False,0.8,idaho coalition against sexual and domestic violence,nebraska coalition to end domestic and sexual violence
6,False,0.6,american small business league,small business technology council
7,False,0.7,natl republican senatorial comm,republican natl comm
8,False,0.5,pegasus fdn,pegasus legal services for children
9,False,0.8,arizona coalition to end sexual and domestic violence,oregon coalition against domestic and sexual violence
10,False,0.6,central alabama fair housing ctr,fair housing justice ctr
1,False,0.8,in the public interest,public health law ctr
2,False,0.7,african american antitrust lawyers,american antitrust inst
3,False,0.6,colorado criminal defense bar,criminal defense org
4,True,0.9,league of women voters california,league of women voters united states
5,False,1.0,california public defenders assn,mississippi republican party
6,False,0.7,first amendment clinics,first amendment lawyers assn
7,False,0.9,arkansas municipal league,michigan municipal league
8,False,0.8,natl partnership for new americans,new york city bar assn
9,False,0.7,inst for justice,public justice inst
10,False,0.7,natl comm for amish religious freedom,religious freedom inst
1,False,0.9,california chamber of commerce,u.s. chamber of commerce fdn
2,False,0.95,federal defender for the district of arizona,federal public defender for the central district of california
3,False,0.95,alabama criminal defense lawyers assn,oklahoma criminal defense lawyers assn
4,False,1.0,equality new york,new york life
5,False,0.95,league of women voters california,league of women voters of alabama
6,False,1.0,american bar assn,catholic health assn
7,False,0.95,north carolina farm bureau,north dakota farm bureau
8,False,0.9,semiconductor components industries,semiconductor industry assn
9,False,0.85,asian pacific community in action,assn of asian pacific community health org
10,False,0.95,central atlantic conference of the united church of christ,church of god in christ
1,False,0.9,american farm bureau fed,south dakota farm bureau fed
2,True,0.95,federal defender for the district of arizona,federal public defender for the district of arizona
3,False,0.9,american farm bureau fed,arizona farm bureau fed
4,False,0.95,aclu of southern california,southern christian leadership conference of southern california
5,False,0.9,american civil liberties union fdn,new civil liberties alliance
6,False,0.9,american civil rights union,american constitutional rights union
7,False,0.85,life issues inst,policy issues inst
8,False,0.85,bannock development corporation,tenants and owners development corporation
9,False,0.9,ctr for law and social policy,ctr for the study of social policy
10,False,0.9,jewish pro-life fdn,pennsylvania pro-life fed
1,False,0.9,business council of new york state,natl council of churches
2,False,0.9,american bar assn,natl trans bar assn
3,False,0.8,heritage defense fdn,jewish heritage fdn
4,False,0.9,horizon house,safe horizon
5,False,0.8,children and family justice ctr,children’s partnership
6,False,0.85,americans for financial reform education fund,ctr for education reform
7,True,0.95,american conservative union and acu fdn,american conservative union fdn
8,False,0.9,louisiana alliance for life,west texas for life
9,False,0.85,tyndale house ministries,tyndale house publishers
10,False,0.9,american right to life,louisiana right to life fed
1,False,0.7,hollywood media district property owners assn,hollywood property owners’ alliance
2,False,0.8,asian pacific american bar assn of silicon valley (apaba silicon valley),silicon valley chinese assn fdn
3,False,0.6,american lands council,public lands for the people
4,False,0.7,alumni free speech alliance,free speech for people
5,False,0.9,american sexual health assn,mental health advocacy services
6,True,0.95,arizona prosecuting attorneys advisory council,arizona prosecuting attorneys’ advisory council
7,False,0.6,chamber of commerce of the united states,chambers of commerce
8,False,0.95,federal public defender district of guam,federal public defender for the district of arizona
9,False,0.8,freedom fdn,freedom of the press fdn
10,False,0.95,houston baptist university,missouri baptist university
1,False,0.8,african human rights coalition,human coalition action
2,True,0.9,farmers educational and cooperative union of america,oklahoma state union of the farmers educational and co-operative union of america
3,False,0.95,asian american bar assn of new york,new york state district attorneys assn
4,False,0.85,american constitutional rights union,california constitutional rights fdn
5,False,0.95,california catholic conference,georgia catholic conference
6,False,0.95,arkansas assn of chiefs of police,texas police chiefs assn
7,False,0.95,american car rental assn,n.c. dental soc
8,False,0.9,coeur d’alene mining district,coeur d’alene tribe
9,False,0.85,ctr for justice and accountability,natl police accountability project
10,False,0.95,american bar assn,washington defender assn
1,False,0.9,american assn for justice,arizona assn for justice
2,True,0.8,anglican church in north america,jurisdiction of the armed forces and chaplaincy of the anglican church in north america
3,False,1.0,aclu of pennsylvania,university of pennsylvania
4,False,0.9,assn of criminal defense lawyers of new jersey,new york council of defense lawyers
5,False,0.8,california employment law council,california lawyers assn
6,True,0.95,council on american-islamic relations,council on american-islamic relations (natl)
7,False,0.7,islam and religious freedom action team,religious freedom inst
8,False,0.85,business roundtable,california business roundtable
9,False,0.9,family council and family policy inst,family farm alliance
10,False,1.0,american action forum,american g.i. forum
1,True,0.95,coolidge reagan fdn,coolidge-reagan fdn
2,False,0.9,impact church of christ,united church of christ
3,False,0.9,cure america action,secure justice
4,True,0.9,american g.i. forum,american gi forum-natl veterans outreach program
5,False,0.95,minnesota trucking assn,south dakota states attorneys assn
6,True,0.95,aasa the school superintendents assn,aasa-the school superintendents assn
7,False,0.9,american trucking assn,michigan trucking assn
8,False,0.85,blue cross and blue shield of kansas city,blue cross blue shield assn
9,False,0.9,natl assn of manufacturers,pennsylvania manufacturers’ assn
10,False,0.9,federal law enforcement officers assn,law enforcement action partnership
1,False,0.9,colorado psychological assn,texas psychological assn
2,False,0.6,action for life,pro-life action league
3,False,0.8,american free enterprise chamber of commerce,chamber of commerce of the united states
4,False,0.7,asian pacific american gun owners assn,gun owners for safety
5,False,0.9,assn of criminal defense lawyers of new jersey,oklahoma criminal defense lawyers assn
6,False,0.9,california chamber of commerce,minnesota chamber of commerce
7,False,0.9,illinois coalition against sexual assault,new york state coalition against sexual assault
8,False,0.7,civil rights education and defense fund,women’s equal rights legal defense and education fund
9,False,0.95,illinois sheriffs’ assn,western states petroleum assn
10,False,0.8,american intellectual property law assn,emory intellectual property soc
1,False,0.9,community health choice,unity health care
2,False,0.8,michigan assn of police org,natl assn of chiefs of police
3,False,0.9,new york county defender service,new york county lawyers assn
4,True,0.95,natl org for the reform of marijuana laws,new york state affiliate of the natl org for the reform of marijuana laws
5,True,0.95,neo philanthropy. d/b/a we testify,we testify
6,False,0.85,peer defense project,warrior defense project
7,False,0.95,american assn of christian counselors,forcey christian school
8,False,0.95,disability rights connecticut,disability rights mississippi
9,False,0.7,ctr for medicine in the public interest,in the public interest
10,False,0.9,aclu of minnesota,freedom fdn of minnesota
1,False,0.9,ctr for u.s. policy,natl ctr for public policy research
2,False,0.95,highland capital management l.p.,ra capital management lp
3,False,0.85,civil rights education and defense fund,civil rights education and enforcement ctr
4,False,1.0,federal public defender district of hawai’i,federal public defender for the district of alaska
5,False,0.9,institutional religious freedom alliance,islam and religious freedom action team
6,False,0.95,american free enterprise chamber of commerce,montana chamber of commerce
7,True,0.9,asian americans advancing justice,asian americans advancing justice-atlanta
8,False,0.9,religious action ctr of reform judaism,union for reform judaism
9,False,0.85,ctr for responsible lending,new yorkers for responsible lending
10,False,0.95,hca healthcare,molina healthcare of california
1,False,0.9,federal defender for the eastern district of california,federal public defender for the district of alaska
2,False,0.95,american assn of university women,assn of american universities
3,False,0.8,family council and family policy inst,family policy of west virginia
4,True,0.95,federal defender for the eastern district of california,federal public defender for the eastern district of california
5,False,0.9,bar assn of the district of columbia,d.c. assn of criminal defense lawyers
6,False,0.95,central pacific conference of the united church of christ,rocky mountain conference of the united church of christ
7,False,0.85,black public defender assn,orleans public defenders
8,True,0.9,keweenaw bay indian community,keweenaw bay indian community transitional home programs and services
9,False,0.85,blue cross and blue shield of vermont,blue cross blue shield assn
10,False,0.8,tpg capital,tpg global
1,False,0.9,american civil rights project,lawyers for civil rights
2,False,0.95,asian american bar assn of new york,partnership for new york city
3,False,0.95,aclu of massachusetts,children’s law ctr of minnesota
4,False,0.95,muslim public affairs council,oklahoma council of public affairs
5,False,0.9,american farm bureau fed,nebraska farm bureau fed
6,True,0.95,eagle forum,eagle forum education and legal defense fund
7,False,0.85,inst for free speech,james madison ctr for free speech
8,False,0.95,american target advertising,target
9,True,0.95,league of women voters,league of women voters of the united states
10,False,0.95,california assn of realtors,wisconsin realtors assn
1,False,0.8,california innocence project,mt innocence project
2,False,0.9,coastal enterprises,mng enterprises
3,False,0.7,inst for nonprofit news,nonprofit alliance
4,False,0.95,players assn of the natl basketball assn,women’s basketball coaches assn
5,False,0.85,comm for children,lawyers for children
6,False,0.95,american hospital assn,indiana hospital assn
7,False,0.95,current and former california local elected officials,current and former elected officials of puerto rico
8,False,0.9,aclu of massachusetts,children’s law ctr of massachusetts
9,False,0.9,american assn of pro-life obstetricians and gynecologists,american college of osteopathic obstetricians and gynecologists
10,False,0.9,asian american community services,community legal services of philadelphia
1,True,0.9,onevirginia2021,onevirginia2021: virginians for fair redistricting
2,False,0.3,advocates for justice and education,education deans for justice and equity
3,False,0.95,american civil liberties union,american civil rights union
4,True,0.85,asset management grp of the securities industry and financial markets assn,securities industry and financial markets assn
5,False,0.2,asian and pacific islander american health forum,georgetown asian pacific islander leadership forum
6,False,0.95,assn of criminal defense lawyers of new jersey,district of columbia assn of criminal defense lawyers
7,False,0.9,american trucking assn,minnesota trucking assn
8,True,0.8,comm for public counsel services,public counsel
9,False,0.3,asian american community services,community legal ctr
10,False,0.4,ctr for forensic science research and education,ctr for integrity in forensic science
1,False,0.7,empire ctr,empire justice ctr
2,False,0.6,secure america alliance,secure justice
3,False,0.9,constitution project,holocaust art restitution project
4,False,0.8,eagle forum education and legal defense fund,pennsylvania eagle forum
5,False,0.95,alabama policy inst,montana policy inst
6,False,0.9,california farm bureau,north carolina farm bureau fed
7,False,0.95,american civil liberties union fdn of virginia,american civil liberties union of colorado
8,False,0.7,representus,representus of new jersey
9,False,0.95,arkansas municipal league,texas municipal league
10,False,0.9,care net,texas.net
1,False,0.9,american bar assn,new york city bar assn
2,False,0.8,california rural legal assistance,rural community assistance corporation
3,False,0.95,bar assn of the district of columbia,georgia assn of criminal defense lawyers
4,False,0.9,connecticut state colleges and universities,hispanic assn of colleges and universities
5,False,0.9,dc coalition against domestic violence,new york state coalition against domestic violence
6,False,0.95,fond du lac band of lake superior chippewa,lac courte oreilles band of lake superior chippewa indians
7,False,0.85,american assn for justice,justice and freedom law ctr
8,False,0.7,federal law enforcement officers assn,law enforcement officers
9,False,0.9,q-wave,wave life sciences
10,False,0.85,connecticut women’s education and legal fund,women’s legal defense and education fund
1,False,0.9,family fdn action,wisconsin family action
2,False,0.95,american civil rights union,ctr for constitutional rights
3,False,0.95,california rental housing assn,rental housing assn of washington
4,False,0.95,columbia intl university,columbia university
5,False,0.95,california school boards assn,maine school boards assn
6,False,0.9,ctr for justice and freedom,ctr for medical freedom
7,False,0.85,family fdn,family policy alliance of new jersey
8,False,0.9,ctr for arizona policy,ctr for u.s. policy
9,False,0.9,assn of christian schools intl,michigan assn of christian schools
10,False,0.9,ctr for family and human rights,southern ctr for human rights
1,False,0.9,natl louis university,st. louis river
2,True,0.95,american assn of railroads,assn of american railroads
3,False,0.9,faith and freedom fdn,freedom from religion fdn
4,False,0.85,emory intellectual property soc,inst for intellectual property and social justice
5,True,0.95,if/when/how,if/when/how: lawyering for reproductive justice
6,False,0.9,intl public management assn for human resources,soc for human resource management
7,False,0.9,inst for constitutional advocacy and protection,natl assn of rights protection and advocacy
8,True,0.95,chinese american citizens alliance of greater new york,chinese american citizens alliance-greater new york
9,False,0.85,ctr for american liberty,liberty justice ctr
10,False,0.95,american trucking assn,illinois trucking assn
1,False,0.9,central united methodist church,general council on finance and administration of the united methodist church
2,False,0.95,cuyahoga county public defender,travis county public defender’s office
3,False,0.8,californians for equal rights fdn,citizens equal rights fdn
4,False,0.95,illinois pork producers assn,iowa pork producers assn
5,False,0.95,inst for women’s policy research,manhattan inst for policy research
6,False,0.9,arizona citizens defense league,virginia citizens defense fdn
7,False,0.85,new voices for reproductive justice,student coalition for reproductive justice
8,False,0.9,catholic charities dc,catholic charities of la crosse
9,False,0.85,advocates for human rights,la alliance for human rights
10,False,0.95,assn of criminal defense lawyers of new jersey,illinois assn of criminal defense lawyers
1,False,0.7,asian american fed,asian american futures
2,False,0.8,b.e. technology,massachusetts family inst
3,False,0.9,kansas smoke free assn,tennessee smoke free assn
4,False,0.9,alaska innocence project,mt innocence project
5,True,0.95,natl african american gun assn,natl african american gun assoc.
6,False,0.8,family fdn,new jersey family fdn
7,False,0.9,texas trucking assn,western states sheriffs’ assn
8,False,0.85,alabama ctr for law and liberty,ctr for american liberty
9,False,0.85,american firearms assn,buckeye firearms fdn
10,True,0.9,defense of freedom inst,defense of freedom inst for policy studies
1,False,0.9,federal public defender district of alaska,federal public defender for the district of nevada
2,True,0.95,natl capacd-natl coalition for asian pacific american community development,natl coalition for asian pacific american community development (natl capacd)
3,False,0.7,legal advocates for washington,washington legal fdn
4,True,0.9,project 21,project 21 black leadership network
5,False,0.95,mt innocence project,west virginia innocence project
6,False,0.8,alabama coalition for immigrant justice,americans for immigrant justice (ai justice)
7,False,0.85,call,call to safety
8,False,0.95,district attorneys assn of the state of new york,new york state vapor assn
9,False,0.85,natl immigration law ctr,natl immigration project
10,False,0.95,western states petroleum assn,western states sheriffs’ assn
1,False,0.9,dc coalition against domestic violence,rhode island coalition against domestic violence
2,False,0.95,minnesota 8,minnesota chinese assn
3,False,0.95,california family council,maryland family inst
4,False,0.95,american bar assn,capital area muslim bar assn
5,False,0.95,california special districts assn,special districts assn of oregon
6,False,0.9,jewish war veterans of the u.s.a,veterans of the armed forces of the united states of america
7,False,0.9,ctr for family and human rights,migrant rights initiative
8,False,0.85,ctr for justice and freedom,freedom fund
9,False,0.95,b.e. technology,massachusetts inst of technology
10,False,0.95,central city assn,women lawyers assn of los angeles
1,False,0.3,138 women hurt by planned parenthood abortions,women hurt by abortion
2,False,0.2,american constitutional rights union,ctr for human rights and constitutional law
3,False,0.1,california chamber of commerce,west virginia coal assn
4,False,0.1,connecticut state colleges and universities,council for christian colleges and universities
5,True,0.95,apartment assn of greater los angeles,apartment assn of los angeles county. dba apartment assn of greater los angeles
6,False,0.2,league of women voters of new york,new york league of conservation voters
7,True,0.9,asian americans advancing justice,asian americans advancing justice-asian law caucus
8,False,0.2,league of conservation voters,league of women voters of arizona
9,False,0.3,public lands council,public lands for the people
10,True,0.9,league of women voters of new york,league of women voters of new york state
1,False,0.9,virginia housing alliance,virginia voters alliance
2,True,0.95,sage: advocacy and services for lgbt elders,services and advocacy for glbt elders
3,False,0.9,freedom ctr fdn,minnesota 8
4,False,0.95,league of conservation voters,league of women voters united states
5,False,0.95,indiana trial lawyers assn,montana trial lawyers assn
6,True,0.95,asian americans advancing justice,asian americans advancing justice-aajc
7,False,0.9,unitarian universalist church,unitarian universalist women’s fed
8,False,0.9,chinese community ctr,new jersey chinese community ctr
9,False,0.9,democracy north carolina,north carolina justice ctr
10,False,0.95,aids healthcare fdn,renal healthcare assn
1,False,0.9,league of conservation voters,league of women voters of alabama
2,False,0.8,mt innocence project,wisconsin innocence project
3,False,0.9,georgia public policy fdn,texas interfaith ctr for public policy
4,False,0.95,asian american bar assn of new york,new york city bar assn
5,False,0.95,citizens united,league of united latin american citizens
6,False,0.8,emory intellectual property soc,island intellectual property
7,False,0.9,georgia coalition against domestic violence,montana coalition against domestic and sexual violence
8,False,0.85,icircle care,one circle fdn
9,False,0.95,libertarian party of georgia,new jersey libertarian party
10,False,0.9,former members of the oklahoma death penalty review commission,members of the oklahoma death penalty review commission
1,False,0.9,american civil liberties union fdn of arizona,american civil liberties union of alabama
2,False,0.8,public advocate,public health advocates
3,False,0.95,california school boards assn,south carolina school boards assn
4,False,0.95,american hospital assn,california hospital assn
5,False,0.85,lutheran immigration and refugee service,refugee and immigrant ctr for education and legal services
6,True,0.9,constitution project,constitution project at the project on government oversight
7,False,0.7,gender justice,gender justice league
8,False,0.95,arizona county treasurers assn,county treasurers assn of ohio
9,False,0.95,diocese of jackson,roman catholic diocese of biloxi mississippi
10,False,0.95,asian american legal defense and education fund,naacp legal defense and education fund.
1,False,0.9,alliance san diego,san diego union-tribune
2,True,0.95,asian americans advancing justice,asian americans advancing justice southern california
3,False,0.95,american hospital assn,arkansas hospital assn
4,False,0.85,community health choice,texas assn of community health ctr
5,False,0.95,aclu of massachusetts,children’s law ctr of california
6,False,0.9,american farm bureau fed,north carolina farm bureau
7,False,0.8,free speech coalition,inst for free speech
8,False,0.85,natl patient advocate fdn,public advocate of the u.s.
9,False,0.9,religious action ctr of reform judaism,union of reform judaism
10,False,0.85,community legal services,lantern community services
1,False,0.8,league of women voters,league of women voters texas
2,False,0.9,mid-atlantic assn of community health ctr,mid-atlantic innocence project
3,False,1.0,north carolina school boards assn,north dakota school boards assn
4,False,0.7,exoneration initiative,exoneration project chicago illinois
5,False,1.0,american health care assn,l.a. care health plan
6,False,0.7,migrant ctr for human rights,migrant rights initiative
7,False,1.0,california school boards assn,pennsylvania school boards assn
8,False,1.0,california state sheriffs assn,n.c. sheriffs’ ass’n
9,False,1.0,independent inst,independent insurance agents of n.c.
10,False,1.0,dell technologies,trane technologies
1,False,0.9,ctr for fair housing,housing alliance de
2,False,0.9,in the public interest,pioneer public interest law ctr
3,False,0.95,arkansas assn of chiefs of police,wisconsin chiefs of police assn
4,False,0.95,league of women voters of new york state,league of women voters of the united states
5,False,0.95,assn of criminal defense lawyers of new jersey,kentucky assn of criminal defense lawyers
6,False,0.95,ctr for constitutional rights,ctr for family and human rights
7,False,0.95,defender assn of philadelphia,natl lgbtq+ bar assn
8,False,0.95,intl brotherhood of electrical workers,intl brotherhood of teamsters
9,False,0.9,freedom from religion fdn,islam and religious freedom action team religious freedom inst
10,False,0.95,illinois sheriffs’ assn,michigan sheriffs’ assn
1,False,0.9,jewish pro-life fdn,pro-life texas
2,False,0.8,coastal marine fund,west coast marine fund
3,False,0.95,california federal defenders offices,federal defenders of eastern washington
4,False,0.95,north dakota family alliance,north dakota states attorneys assn
5,False,0.85,assn of washington business,washington business properties assn
6,False,0.9,cardinal inst for west virginia policy,family fdn of virginia
7,False,0.9,disability rights advocates,disability rights connecticut
8,False,0.85,rio grande fdn,rio grande intl study ctr
9,False,0.95,d.c. assn of criminal defense lawyers,maine assn of criminal defense lawyers
10,False,0.95,american college of pediatricians,assn of american indian physicians
1,False,0.7,assn of administrative law judges,forum of united states administrative law judges
2,False,0.9,league of california cities,league of women voters of new york state
3,False,0.95,kentucky republican party,republican party of arizona
4,False,0.6,american constitutional rights union,ctr for constitutional responsibility
5,False,0.7,american small business league,natl fed of independent small business legal ctr
6,True,0.9,aasa the school superintendents assn,school superintendents assn
7,False,0.8,california tribal police chiefs assn,intl assn of chiefs of police
8,False,0.85,federal public and community defenders,federal public defender for the district of arizona
9,False,0.9,natl asian pacific american bar assn,natl asian pacific american womens forum
10,False,0.9,natl hispanic fdn for the arts,natl hispanic health fdn
1,False,0.9,libertarian party of new mexico,new jersey libertarian party
2,False,0.9,california farm bureau,oregon farm bureau
3,True,0.8,islam and religious freedom action team,religious freedom inst islam and religious freedom action team
4,False,0.9,concordia university-st. paul,university of northwestern-st. paul/northwestern media
5,False,0.95,federal public defender district of hawai’i,federal public defender for the district of oregon
6,False,0.95,assn of american colleges and universities,connecticut state colleges and universities
7,False,0.95,arkansas state chamber of commerce,u.s. women’s chamber of commerce
8,False,0.95,kentucky league of cities,league of arizona cities and towns
9,False,0.9,alliance for justice,journey for justice alliance
10,False,0.9,consumer energy alliance,western energy alliance
1,False,0.7,sun life,sun life u.s.
2,False,0.9,asociación de periodistas de puerto rico,colegio de abogados y abogadas de puerto rico
3,True,0.95,young americas fdn,young america’s fdn
4,True,0.9,alameda county public defender,alameda county public defenders
5,False,0.8,assn of prosecuting attorneys,washington assn of prosecuting attorneys
6,False,0.95,march for life,march for our lives
7,False,0.85,atlantic union conference of seventh-day adventists,general conference of the seventh-day adventists
8,False,0.9,defender assn of philadelphia,pro-life union of greater philadelphia
9,False,0.9,arkansas assn of chiefs of police,washington assn of sheriffs and police chiefs
10,False,0.85,assn of california water agencies,natl assn of clean water agencies
1,False,0.9,b.e. technology,california inst of technology
2,False,0.95,apartment assn of greater los angeles,los angeles county police chiefs’ assn
3,False,0.85,california dui lawyers assn,natl college for dui defense
4,False,0.9,inst for nonprofit news,nonprofit assn of washington
5,False,0.8,massachusetts public interest research grp,u.s. public interest research grp education fund
6,True,0.95,glma: health professionals advancing lgbtq equality,glma: health professionals advancing lgbtq+ health
7,True,0.9,maine women’s lobby,maine women’s lobby education fund
8,True,0.95,oca-asian pacific american advocates,org of chinese americans (oca)-asian pacific american advocates
9,False,0.9,federal defender for the district of arizona,federal public defender for the district of guam
10,False,0.99,alabama republican party,north carolina republican party
1,False,0.9,assn of criminal defense lawyers of new jersey,idaho assn of criminal defense lawyers
2,False,0.9,california catholic conference,new york state catholic conference
3,True,0.95,end citizens united / let america vote action fund,end citizens united//let america vote action fund
4,False,0.85,natl consumer bankruptcy rights ctr,natl consumer law ctr
5,False,0.9,j n j construction,pride construction
6,False,0.9,american free enterprise chamber of commerce,missouri chamber of commerce and industry
7,False,0.9,american assn for justice,natl ctr for law and economic justice
8,False,0.8,children’s ctr,children’s law ctr
9,True,0.85,lawyers for good government,lawyers for good government project corazon matamoros
10,False,0.9,long island chinese american assn,long island community fdn
1,False,0.9,american bar assn,thai american bar assn
2,False,0.9,disability rights florida,indiana disability rights
3,False,0.95,massachusetts family inst,massachusetts law reform inst
4,False,0.95,american trucking assn,arizona trucking assn
5,False,0.9,mt innocence project,ohio innocence project
6,False,0.85,american council of the blind,natl fed of the blind
7,False,0.9,jewish pro-life fdn,pro-life action league
8,False,0.9,american civil liberties union of texas,texas civil liberties union
9,False,0.95,college art assn,maryland inst college of art
10,False,0.85,institutional religious freedom alliance,islam and religious freedom action team religious freedom inst
1,False,0.9,assn of criminal defense lawyers of new jersey,montana assn of criminal defense lawyers
2,False,0.9,equal voice network,rio grande fdn
3,True,0.8,legal aid soc,legal aid soc of cleveland
4,False,0.95,american assn of university professors,american assn of university women of florida
5,False,0.85,free speech advocates,free speech coalition
6,False,0.9,freedom ctr fdn,washington legal fdn
7,False,0.95,california immigrant policy ctr,violence policy ctr
8,True,0.85,chinese american alliance,chinese american citizens alliance of greater new york
9,False,0.9,internet accountability project,internet creators
10,False,0.95,alaska right to life,louisiana right to life fed
1,False,0.8,arizona chamber of commerce and industry,chambers of commerce
2,False,0.7,disability rights bar assn,disability rights connecticut
3,False,0.9,alliance san diego,los angeles times communications and the san diego union-tribune
4,False,0.95,dc coalition against domestic violence,north carolina coalition against domestic violence
5,False,0.85,california policy ctr,ctr for children’s law and policy
6,False,0.9,criminal defense attorneys,vermont assn of criminal defense lawyers
7,False,0.95,north dakota family alliance,north dakota hospital assn
8,False,0.7,aware,californians aware
9,False,0.85,american library assn,library futures
10,False,0.8,ctr for american rights,reproductive rights coalition
1,False,0.8,american family assn,american family assn action
2,False,0.9,boise metro chamber of commerce,u.s. women’s chamber of commerce
3,False,0.9,prosperity indiana,prosperity now
4,False,0.95,american farm bureau fed,minnesota farm bureau fed
5,True,0.95,hospitality maine,hospitalitymaine
6,False,0.9,indianapolis urban league (indiana),natl urban league
7,False,0.95,california state sheriffs’ assn,illinois sheriffs’ assn
8,False,0.95,aclu fdn of arizona,aclu of kentucky fdn
9,False,0.85,naral pro-choice america,pro-choice wyoming
10,True,0.95,earlens,earlens croporation
1,False,0.3,ctr for justice and freedom,justice and freedom fund
2,False,0.2,advocates for empowerment ca,arizona ctr for empowerment
3,False,0.4,american assn of pro-life obstetricians and gynecologists,assn of physician associates in obstetrics and gynecology
4,False,0.3,brennan ctr for justice,nolan ctr for justice
5,False,0.2,democrats abroad,democrats for life of america
6,False,0.9,federal defender for the district of arizona,federal public defender district of hawai’i
7,False,0.1,black women’s roundtable,business roundtable
8,False,0.1,atlanta intl arbitration soc,miami intl arbitration soc
9,True,0.95,amnesty intl,amnesty intl usa
10,False,0.2,catholic health assn,texas assn of community health ctr
1,False,0.9,alabama criminal defense lawyers assn,virginia assn of criminal defense lawyers
2,False,0.8,arkansas state chamber of commerce,united states chamber of commerce
3,False,0.95,brooklyn community fdn,brooklyn museum
4,False,0.9,advocates for human rights,ctr for family and human rights
5,False,0.95,florida legal fdn,washington legal fdn
6,False,0.9,american right to life,illinois right to life
7,True,0.85,catholic vote,catholicvote.org education fund
8,False,0.9,gays against groomers,gays against guns
9,False,0.9,intl assn of chiefs of police,pennsylvania chiefs of police assn
10,False,0.8,bold futures,bold futures nm
1,True,0.9,graphic artists guild,graphic artist’s guild
2,False,0.95,american trucking assn,tennessee trucking assn
3,False,0.7,montana native women’s coalition,women’s coalition
4,False,0.8,american veterans,veterans legal services
5,False,0.85,community health ctr assn of connecticut,community health network of connecticut
6,False,0.95,california state sheriffs assn,illinois sheriffs’ assn
7,False,0.8,american alliance for equal rights,u.s. citizens for equal protection
8,False,0.95,montana republican party,republican party of arizona
9,False,0.85,access justice,reproductive health access project
10,False,0.9,u.s. public interest research grp,wisconsin public interest research grp
1,False,0.7,american constitutional rights union,ctr for american rights
2,False,0.8,american civil liberties union fdn,american civil liberties union of michigan
3,False,0.6,aci-financial markets assn,securities and financial markets assn
4,False,0.9,california women’s law ctr,women’s media ctr
5,False,0.95,aclu of pennsylvania,hebrew immigrant aid soc (hias) pennsylvania
6,False,0.95,apartment assn of los angeles county,lgbt bar assn of los angeles
7,False,0.95,dc coalition against domestic violence,illinois coalition against domestic violence
8,False,0.9,disability rights advocates,indiana disability rights
9,False,0.85,innocence project london,mt innocence project
10,False,0.7,ariel investments,org for intl investment
1,False,0.9,cfl technologies,lumen technologies
2,False,0.95,natl sheriffs assn,new mexico mining assn
3,False,0.9,mennonite church usa,seattle mennonite church
4,False,0.9,philanthropy california,philanthropy roundtable
5,False,0.9,west virginia chamber of commerce,west virginia coal assn
6,False,0.95,aclu of mississippi,mississippi college
7,False,0.95,league of california cities,league of women voters of south carolina
8,False,0.85,idaho coalition against sexual and domestic violence,natl ctr on domestic and sexual violence
9,False,0.9,buckeye inst,buckeye power
10,False,0.9,natl health law project,natl housing law project
1,False,0.9,american property owners alliance,hollywood property owners’ alliance
2,False,0.8,illinois family inst,illinois policy
3,False,0.9,equal protection project of the legal insurrection fdn,hope family services at the resurrection project
4,False,0.85,pacific justice inst,pacific research inst
5,False,0.9,central pacific conference of the united church of christ,penn central conference of the united church of christ
6,False,0.95,hca healthcare,north carolina healthcare assn
7,False,0.9,lutheran church missouri synod ministry to the armed forces,ministry to the armed forces of the church of the lutheran brethren
8,False,0.9,our children’s trust,partners for our children
9,False,0.95,iowa bankers assn,swiss bankers assn
10,False,0.9,arkansas assn of chiefs of police,intl union of police assn
1,False,0.9,american assn of pro-life obstetricians and gynecologists,royal college of obstetricians and gynaecologists
2,False,0.8,american constitutional rights union,ctr for constitutional jurisprudence
3,False,0.7,free speech advocates,free speech for people
4,False,0.95,kansas republican party,republican party of arizona
5,False,0.9,asian and pacific islander american health forum,asian and pacific islander american vote michigan
6,False,0.6,call,safe call now
7,False,0.7,family fdn,family policy of west virginia
8,False,0.9,free law project,natl health law project
9,False,0.7,american constitutional rights union,constitutional natl comm
10,False,0.95,assn of criminal defense lawyers of new jersey,virginia assn of criminal defense lawyers
1,False,0.9,breas medical ab,natl medical assn
2,False,0.8,population assn of america,population connection action fund
3,False,0.7,cornell free speech alliance,free speech coalition
4,False,0.95,california tribal police chiefs assn,utah chiefs of police assn
5,False,0.6,bronx defenders,bronx defenders union
6,False,0.85,population assn of america,population connection
7,False,0.95,aclu of minnesota,mining minnesota
8,False,0.9,american vapor grp d/b/a red star vapor,j-vapor d/b/a north shore vapor
9,False,0.9,arkansas state chamber of commerce,u.s. chamber of commerce
10,False,0.9,california family council,wisconsin family council
1,False,0.9,j street,r street inst
2,False,0.9,california catholic conference,catholic conferences of tennessee
3,False,0.95,digestive health physicians assn,natl inst for reproductive health
4,False,0.9,lighthouse for the blind and visually impaired of san francisco,san antonio lighthouse for the blind and vision impaired
5,False,0.95,associated school boards of south dakota,south carolina school boards assn
6,False,0.9,american firearms assn,tennessee firearms fdn
7,False,0.9,chamber of commerce of the united states,u.s. women’s chamber of commerce
8,True,0.99,linkedin,linkedin corporation
9,False,0.85,central alabama fair housing ctr,natl fair housing alliance
10,False,0.95,maryland office of the public defender,office of the ohio public defender
1,False,0.9,general assembly of the presbyterian church (u.s.a.),st. mark’s presbyterian church
2,False,0.8,inst for constitutional advocacy and protection,kentucky protection and advocacy
3,False,0.95,operation save america,save the children fed
4,True,0.85,public advocate,public advocate of the united states
5,False,0.95,natl mining assn,women’s coalition
6,False,0.9,ctr for advanced spine technologies,trane technologies
7,False,0.9,florence immigrant and refugee rights project,tennessee immigrant and refugee rights coalition
8,False,0.85,ctr for public justice,justice policy inst
9,False,0.9,ctr for fair housing,natl fair housing alliance
10,False,0.85,independence inst,independence law ctr
1,True,0.9,jewish activists for immigration justice of western massachusetts,jewish activists for immigration justice western ma
2,False,0.3,latin america working grp,latin american assn
3,False,0.95,california chamber of commerce,natl black chamber of commerce
4,False,0.95,presbyterian church (u.s.a.),st. mark’s presbyterian church
5,False,0.8,aclu of louisiana,ltac of louisiana
6,False,0.95,catholic charities of the archdiocese of new york,catholic charities of the diocese of arlington
7,False,0.4,children’s ctr,partners for our children
8,False,0.7,americans for immigrant justice,immigrant justice corps
9,False,0.95,north carolina republican party,north dakota republican party
10,False,0.2,85 religious org,l.i.n.d.a. org
1,False,0.3,assn for education fairness,people for fairness coalition
2,False,0.3,faith and freedom fdn,fdn for michigan freedom
3,False,0.4,vera house,vera inst of justice
4,False,0.5,american trucking assn,texas trucking assn
5,False,0.2,community legal services of philadelphia,pro-life union of greater philadelphia
6,False,0.2,autonomic technologies,eaze technologies
7,False,0.6,american farm bureau fed,north dakota farm bureau
8,True,0.8,wv free,wv free advocates for reproductive health rights and justice
9,True,0.7,intl refugee assistance ctr,intl refugee assistance project
10,False,0.4,sage,sage nyc
1,False,0.9,colorado state university system,twelve state universities and state university systems
2,False,0.95,boise metro chamber of commerce,u.s. chamber of commerce
3,True,0.95,natl assn for the advancement of colored people,natl assn for the advancement of colored people baton rouge branch
4,False,0.9,students for life action,students for live of america
5,False,1.0,aclu of the district of columbia,federal public defender for the district of arizona
6,False,1.0,california chamber of commerce,west virginia chamber of commerce
7,False,0.9,alliance for justice,public justice inst
8,False,0.9,natl alliance to end homelessness,swfl regional coalition to end homelessness
9,False,0.9,ctr for individual freedom,fdn for individual rights in education
10,False,1.0,american action forum,american gi forum
1,False,0.9,adamas pharmaceuticals,janssen pharmaceuticals
2,False,0.7,asian community and cultural ctr,united cultural assn
3,False,0.8,brandeis university,louis d. brandeis ctr
4,False,0.7,california assn of lawyers for education,california change lawyers
5,False,0.6,islam and religious freedom action team of the religious freedom inst,natl comm for religious freedom
6,True,0.95,natl trust for historic preservation,natl trust for historic preservation in the united states
7,False,0.85,southern wesleyan university,wesleyan university
8,False,0.95,arkansas state chamber of commerce,intl chamber of commerce of switzerland
9,False,0.8,reason fdn,reason for life
10,False,0.85,abolish abortion north carolina,carolina abortion fund
1,False,0.9,aclu of the district of columbia,american civil liberties union of colorado
2,True,0.95,stop abusive and violent environments,"stop abusive and violent environments (""save"")"
3,False,0.9,access housing. district of columbia,public defender service for the district of columbia
4,False,0.8,american right to life,right to life
5,False,0.85,consumers’ research,oregon consumer league
6,False,0.8,justice at work,legal aid at work
7,False,0.85,california federal defenders offices,natl assn of federal defenders
8,False,0.95,assn of arkansas counties,assn of minnesota counties
9,False,0.95,bar assn of the district of columbia,louisiana assn of criminal defense lawyers
10,False,0.95,alabama policy inst,oklahoma policy inst
1,False,0.7,mental health advocacy services,mental health america
2,False,0.9,san francisco labor council,san francisco lgbt ctr
3,False,0.9,asian american community services,veterans legal services
4,False,0.95,bar assn of the district of columbia,district of columbia hospital assn
5,False,0.8,central atlantic conference of the united church of christ,united church of christ
6,False,0.95,california water quality assn,west virginia municipal water quality assn
7,False,0.8,illinois state public interest research grp,u.s. public interest research grp education fund
8,False,0.95,houston women’s march on,march for life
9,False,0.85,american farm bureau fed,iowa farm bureau fed
10,False,0.9,catholic charities of the archdiocese of new york,roman catholic archdiocese of milwaukee
1,False,0.9,gas and oil assn of west virginia,texas oil and gas assn
2,False,0.8,charity navigator,navigators
3,True,0.95,chamber of commerce of the united states,united states chamber of commerce
4,False,0.95,gun owners of america,owners counsel of america
5,True,0.95,kentucky vaping retailers assn,kentucky vaping retailers assn. d/b/a kentucky smoke free assn
6,False,0.7,self-help,self-help federal credit union
7,False,0.9,greater pensacola chamber of commerce,u.s. chamber of commerce
8,False,0.8,colorado criminal defense bar,criminal defense attorneys
9,False,0.7,action for life,natl pro-life alliance
10,False,0.8,advancement project,movement advancement project
1,False,0.8,ctr for consumer law and economic justice,intl ctr for law and economics
2,False,0.9,agricultural retailers assn,california retailers assn
3,False,0.9,california assn of nonprofits,nonprofit assn of washington
4,False,0.7,ctr for forensic science research and education,ctr for integrity in forensic sciences
5,False,0.8,federal law enforcement officers assn,law enforcement action network
6,False,0.95,alabama policy inst,maine policy inst
7,False,0.85,american assn of senior citizens,senior citizen league
8,False,0.9,american veterans,black veterans project
9,False,0.9,american veterans,michigan veterans fdn
10,False,0.85,americans for immigrant justice,new jersey alliance for immigrant justice
1,False,0.9,american medical assn,catholic assn fdn
2,False,0.8,american maritime assn,pacific marine fund
3,True,0.95,american historians,american historical assn
4,False,0.9,asian pacific american bar assn of silicon valley (apaba silicon valley),silicon valley community fdn
5,False,0.7,texas alliance for life,west texas for life
6,False,0.85,american farm bureau fed,ohio farm bureau fed
7,False,0.95,animal legal defense fund,pro-life legal defense fund
8,False,0.9,aclu of north carolina,north carolina advocates for justice
9,False,0.8,action for life,reason for life
10,False,0.9,disability rights louisiana,indiana disability rights
1,False,0.7,natl congress of american indians,natl congress of american indians fund
2,False,0.8,american civil rights project,texas civil rights project
3,True,0.95,anti-defamation league,anti-defamation league of b’nai b’rith
4,False,0.6,tampa bay access force,tampa bay inventors council
5,False,0.85,american council of the blind,natl fed for the blind
6,False,0.6,catholic health assn of texas,community health grp
7,False,0.95,florida republican party,republican party of arizona
8,False,0.7,american ctr for law and justice,hawaii appleseed ctr for law and economic justice
9,False,0.9,disability rights connecticut,disability rights washington
10,False,0.8,homeless advocacy project,immigrant legal advocacy project
1,False,1.0,san francisco giants,san francisco health plan
2,True,0.9,arizona republican party,republican party of arizona
3,False,1.0,dc coalition against domestic violence,washington state coalition against domestic violence
4,False,0.8,american college of bankruptcy,natl assn of bankruptcy trustees
5,False,1.0,trinity washington university,washington and lee university
6,True,0.95,american civil liberties union fdn,american civil liberties union fdn of northern california
7,True,0.95,u.s. constitutional rights legal def. fund,u.s. constitutional rights legal defense fund
8,False,0.9,california family council,family research council
9,False,1.0,district attorneys assn of the state of new york,new york state sheriffs’ assn
10,True,0.9,ctr on race inequality and the law,nyu ctr on race inequality and the law
1,False,0.9,dominican university,ohio dominican university
2,False,0.8,mt innocence project,oklahoma innocence project
3,False,0.7,ctr for independent thought,independent inst
4,False,0.95,d.c. assn of criminal defense lawyers,natl assn of criminal defense lawyers
5,False,0.95,healthcare assn of new york state,new york state bar assn
6,False,0.9,american bar assn,natl conference of women’s bar assn
7,False,0.9,natl apostolic christian leadership conference,natl hispanic christian leadership conference
8,False,0.85,coalition for humane immigrant rights,virginia coalition for immigrant rights
9,False,0.95,adamas pharmaceuticals,regeneron pharmaceuticals
10,False,0.9,contrarian capital management,ra capital management lp
1,False,0.9,asian pacific american bar assn of silicon valley (apaba silicon valley),law fdn of silicon valley
2,False,0.7,save the children,save the children action network
3,True,0.95,project south,project south atlanta georgia
4,False,0.9,bader family fdn,family forum
5,False,0.95,alaska family action,nebraska family action
6,True,0.9,american civil liberties union fdn,american civil liberties union of north carolina legal fdn
7,True,0.95,chamber of commerce of the united states,u.s. chamber of commerce
8,False,0.95,intl assn of chiefs of police,oklahoma assn of chiefs of police
9,False,0.9,adamas pharmaceuticals,fog pharmaceuticals
10,False,0.9,american civil liberties union fdn,american civil liberties union of virginia
1,False,0.7,due process inst,due process of law fdn
2,False,0.8,american trucking assn,ohio trucking assn
3,False,0.9,unitarian universalist assn,unitarian universalist service comm
4,False,0.7,family fdn,montana family fdn
5,True,0.9,operation outcry,operation outcry women injured by abortion
6,True,0.95,saint luke’s health system,st. luke’s health system
7,False,0.6,oasis legal services,youth oasis
8,False,0.9,rincon band of luiseño indians,soboba band of luiseño indians
9,False,0.95,michigan realtors®,minnesota 8
10,False,0.9,autonomic technologies,here technologies
1,False,0.3,american civil liberties union,civil rights org
2,False,0.2,animal legal defense fund,legal ctr for defense of life
3,False,0.4,in the public interest,nebraska appleseed ctr for law in the public interest
4,False,0.3,defense of freedom inst,freedom fdn of washington
5,False,0.4,rental housing assn of washington,southern california rental housing assn
6,False,0.3,dc coalition against domestic violence,new york state coalition against sexual assault
7,True,0.9,legal aid soc,legal aid soc of the city of new york
8,False,0.9,alaska republican party,republican party of arizona
9,False,0.9,molina healthcare of california,north carolina healthcare assn
10,False,0.9,american right to life,new hampshire medical soc
1,False,0.9,inst for women’s policy research,natl ctr for public policy research
2,False,0.95,american bar assn,natl council of asian pacific americans
3,False,0.95,arizona chamber of commerce and industry,nebraska chamber of commerce and industry
4,False,0.95,federal defender for the district of arizona,federal public defender for the district of alaska
5,False,0.95,naral pro-choice america,north carolina school choice
6,False,0.85,network for public health law,public health law ctr
7,False,0.8,legal ctr for defense of life,life legal defense fdn
8,False,0.9,asian pacific american bar assn of los angeles county,women lawyers assn of los angeles
9,False,0.9,american independent natl comm,independent women’s forum
10,False,0.95,black women’s roundtable,naples roundtable
1,False,0.9,cuyahoga county public defender’s office,harris county public defenders
2,False,0.7,legal aid soc,legal aid soc of columbus
3,False,1.0,ctr for children’s law and policy,environmental org
4,False,0.95,catholic charities dc,catholic charities west michigan
5,False,0.9,consumers’ research,natl consumers league
6,False,0.95,ctr for public justice,pacific justice inst
7,False,0.9,ctr for u.s. policy,washington policy ctr
8,False,0.85,natl immigration project of the natl lawyers guild,ohio chapter of the natl lawyers guild
9,False,0.8,illinois health and hospital assn,illinois health care assn
10,False,0.85,housing alliance of pennsylvania,housing equality ctr of pennsylvania
1,False,0.9,georgia coalition against domestic violence,indiana coalition against domestic violence
2,False,0.9,justice fdn,united states of care
3,False,0.9,american booksellers assn,free expression fdn
4,False,0.95,american civil liberties union fdn of northern california,american civil liberties union of texas
5,False,0.9,men of reform judaism,religious action ctr of reform judaism
6,False,0.9,eliot unitarian universalist chapel,unitarian universalist massachusetts action network
7,False,0.95,concerned veterans for america fdn,concerned women for america
8,False,0.95,american right to life,new hampshire right to life
9,False,0.9,housing alliance de,safe alliance
10,False,0.9,ctr for u.s. policy,family policy inst of washington
1,True,0.9,natl family violence law ctr,natl family violence law ctr at gw law
2,False,0.95,league of california cities,league of women voters california
3,False,0.9,religious action ctr of reform judaism,women of reform judaism
4,False,0.95,american assn of school administrators,minnesota administrators for special education
5,False,0.9,advocates for human rights,european ctr for constitutional and human rights
6,False,0.85,hispanic leadership fund,natl hispanic leadership conference
7,False,0.9,sikh coalition,sikh family ctr
8,False,0.9,asian americans for equality,asian americans united
9,False,0.95,indian law resource ctr,media law resource ctr
10,False,0.9,american assn of state colleges and universities,minnesota state colleges and universities
1,False,0.9,american encore,encore capital grp
2,False,0.7,arab american assn of ny,arab american inst
3,False,0.6,housing rights comm of sf,housing rights ctr
4,False,0.95,general assembly of the presbyterian church (u.s.a.),grandview park presbyterian church
5,True,0.95,heartland alliance’s natl immigrant justice ctr,natl immigrant justice ctr
6,False,0.95,disability rights california,disability rights new york
7,False,0.9,american g.i. forum,family forum
8,False,0.95,county of orange,gun owners fdn.
9,False,0.9,energy transfer lp,kinder morgan energy partners l.p.
10,False,0.7,good shepherd ctr,natl advocacy ctr of the sisters of the good shepherd
1,False,0.3,freedom fdn of minnesota,justice and freedom fund
2,False,0.4,housing alliance de,virginia housing alliance
3,True,0.9,lutheran church missouri synod ministry to the armed forces,lutheran church-missouri synod
4,False,0.2,ctr for lng,nextdecade lng
5,False,0.1,american health care assn,community health choice
6,False,0.1,catholic health assn of texas,community health choice
7,False,0.4,self-help,self-help credit union
8,True,0.95,(new) orleans public defenders,orleans public defenders
9,False,0.3,american intellectual property law assn,intellectual property owners assn
10,False,0.2,american vaping manufacturers assn,georgia assn of manufacturers
1,False,0.7,eagle forum education and legal defense fund,eagle forum of california
2,False,0.9,access housing. district of columbia,captive insurance council of the district of columbia
3,False,0.6,ctr for environmental accountability,environmental org
4,False,0.95,natl sheriffs assn,new york state sheriffs’ assn
5,False,0.8,disability rights bar assn,disability rights louisiana
6,False,0.7,safe alliance,safe housing alliance
7,True,0.85,federal public and community defenders,natl sentencing resource counsel federal public and community defenders
8,True,0.95,article 19,article 19: global campaign for free expression
9,False,0.9,freedom of the press fdn,women’s inst for freedom of the press
10,False,0.95,aclu of the district of columbia,american civil liberties union of florida
1,False,0.8,america’s frontline doctors,frontline policy
2,False,0.9,american trucking assn,arkansas trucking assn
3,False,0.85,texas interfaith ctr for public policy,texas public policy fdn
4,False,0.9,oregon state public interest research grp,u.s. public interest research grp education fund
5,False,0.85,catholic charities of the archdiocese of new york,roman catholic archdiocese of new york
6,False,0.9,natl assn of women lawyers,new jersey assn of women lawyers
7,False,0.85,oklahoma wesleyan university,wesleyan university
8,False,0.8,american kidney fund,kidney care partners
9,False,0.85,alliance of community health plans,arizona alliance for community health ctr
10,False,0.9,california state sheriffs assn,natl sheriffs’ assn
1,False,0.9,natl action network,service women’s action network
2,False,0.95,libertarian party of new mexico,republican party of new mexico
3,True,0.9,plymouth congregational united church of christ,united church of christ
4,False,0.95,american hospital assn,idaho hospital assn
5,False,0.95,arizona citizens defense league,virginia citizens consumer council
6,False,0.9,casa de esperanza,casa de maryland
7,False,0.95,constitution party,holocaust art restitution project
8,False,0.95,american free enterprise chamber of commerce,salinas valley chamber of commerce
9,False,0.95,juno therapeutics,xilio therapeutics
10,False,0.9,housing alliance of pennsylvania,pennsylvania coalition to advance respect
1,False,0.9,lgbtq bar assn of philadelphia,natl bar assn
2,False,0.95,d.c. assn of criminal defense lawyers,north dakota assn of criminal defense lawyers
3,True,1.0,jewish war veterans of the u.s.a,jewish war veterans of the usa
4,False,0.95,american trucking assn,wyoming trucking assn
5,False,0.95,alaska right to life,illinois right to life
6,False,0.9,nfa freedom alliance,reproductive freedom alliance
7,False,0.9,alliance for choice in education,christian educators assn intl
8,False,0.95,northwest commission on colleges and universities,southern assn of colleges and schools commission on colleges
9,False,0.95,american farm bureau fed,missouri farm bureau fed
10,False,0.9,public interest law ctr,public interest patent law inst
1,False,0.9,ctr for u.s. policy,natl ctr for health research
2,False,0.95,aclu of michigan,aclu of washington
3,False,0.9,family council and family policy inst,idaho family policy ctr
4,False,0.95,california state sheriffs’ assn,minnesota sheriffs’ assn
5,False,0.95,illinois pork producers assn,minnesota pork producers assn
6,False,0.85,advocates for faith and freedom,justice and freedom fund
7,False,0.95,american hospital assn,kansas hospital assn
8,False,0.9,assn of christian schools intl,classical charter schools of america
9,False,0.9,american free enterprise chamber of commerce,maryland chamber of commerce
10,False,0.9,if when how-unm school of law chapter,if/when/how: lawyering for reproductive justice
1,False,0.8,michigan assn of police org,natl police fdn
2,False,0.9,accreditation council for pharmacy education,council for higher education accreditation
3,False,0.7,kentucky waterways alliance,waterways council
4,False,1.0,american bakers assn,inst of intl bankers
5,False,0.85,american civil liberties union fdn,american civil liberties union of nevada
6,False,0.7,after the impact fund,texas impact
7,False,0.9,natl council of churches,new york state council of churches
8,True,1.0,la union del pueblo entero,la unión del pueblo entero
9,False,0.8,california policy ctr,ctr for u.s. policy
10,False,1.0,california water quality assn,equality fed
1,False,0.9,family heritage alliance,heritage university
2,False,0.9,independent council on women’s sport,independent women’s forum
3,False,0.8,indiana farmers union,state farmers unions
4,False,0.95,trinity college,trinity legal ctr
5,False,0.95,california state sheriffs assn,minnesota sheriffs’ assn
6,True,0.95,mylan pharmaceutical industry co.,mylan pharmaceuticals
7,False,0.9,american assn for justice,arizona justice project
8,False,0.9,healthcare assn of new york state,new york state psychological assn
9,False,0.9,arc of the united states,public advocate of the united states
10,False,0.85,asian american community services,family and community services
1,False,0.9,asian american community services,community legal services in east palo alto
2,False,0.7,defense of freedom inst,freedom fdn
3,False,0.95,johnson and johnson,unity housing of johnson city
4,False,0.95,asian american bar assn of new york,muslim bar assn of new york
5,False,0.6,ace fdn,ace talk
6,False,0.7,american independent natl comm,independence law ctr
7,False,0.95,atlanta legal aid soc,legal aid soc of cleveland
8,False,0.95,american hospital assn,minnesota 8
9,False,0.8,freedom leadership conference,leadership conference education fund
10,False,0.85,missouri assn of criminal defense lawyers,missouri org of defense lawyers
1,False,0.9,central atlantic conference of the united church of christ,southwest conference united church of christ
2,True,0.95,natl fed of independent business,nfib small business legal ctr
3,False,0.9,immigration law reform inst,massachusetts family inst
4,False,1.0,king ranch,king’s college
5,False,0.95,west texas for life,west virginians for life
6,False,0.8,disability rights florida,legal rights ctr
7,False,0.85,american ctr for law and justice,ctr for justice and freedom
8,False,0.9,iowa assn of school boards,texas assn of school boards legal assistance fund
9,True,0.98,federal defender for the district of arizona,federal public defender district of arizona
10,False,0.95,american nurses assn,natl assn of catholic nurses u.s.a.
1,False,0.8,alabama ctr for law and liberty,alliance for law and liberty
2,False,0.7,local government legal ctr,state and local legal ctr
3,False,0.9,asian american legal defense and education fund,legal momentum the women’s legal defense and education fund
4,True,0.95,save,save the children
5,False,0.9,american farm bureau fed,california farm bureau
6,False,0.8,ctr for worker freedom,new yorkers for constitutional freedoms
7,False,0.95,apartment assn of los angeles county,women lawyers assn of los angeles
8,False,0.85,california women’s law ctr,clarity women’s ctr
9,False,0.9,arnold ventures,red ventures
10,False,0.95,arkansas republican party,republican party of arizona
1,True,0.9,ctr for individual rights,individual rights fdn
2,False,0.6,california dui lawyers assn,dui defense lawyers assn
3,False,0.8,american free enterprise chamber of commerce,san francisco chamber of commerce
4,False,0.7,lawyers’ comm for civil rights of the san francisco bay area,lawyers’ comm for civil rights under law
5,True,0.85,mental health america,mental health america of greater dallas
6,False,0.9,american bar assn,natl native american bar assn
7,False,0.8,california tribal police chiefs assn,natl assn of chiefs of police
8,False,0.7,conrad n. hilton fdn,hilton
9,True,0.85,constitution party,constitution party of utah
10,True,0.8,ctr for consumer law and economic justice,natl ctr for law and economic justice
1,False,0.9,general council on finance and administration of the united methodist church,soc of the united methodist church
2,False,0.95,louisiana alliance for life,texas alliance for life
3,False,0.95,california state sheriffs assn,indiana sheriffs’ assn
4,False,0.9,american civil liberties union fdn,arkansas civil liberties fdn
5,False,0.95,arizona chamber of commerce and industry,u.s. women’s chamber of commerce
6,False,0.95,d.c. assn of criminal defense lawyers,pennsylvania assn of criminal defense lawyers
7,False,0.95,assn of california cities-orange county,orange county gun owners
8,False,0.9,michigan beer and wine wholesalers assn,natl beer wholesalers assn
9,False,0.9,north carolina community health ctr assn,unity health care
10,False,0.95,alabama criminal defense lawyers assn,puerto rico assn of criminal defense lawyers
1,False,0.9,american free enterprise chamber of commerce,roseburg area chamber of commerce
2,False,0.8,natl consumers league,oregon consumer league
3,False,0.7,ctr for family and human rights,intl fed for human rights
4,False,0.9,american intellectual property law assn,american property owners alliance
5,False,0.9,access housing. district of columbia,district of columbia hospital assn
6,True,0.95,vermont network against domestic and sexual violence,vermont network against domestic or sexual violence
7,False,0.6,defense of freedom inst,freedom x
8,True,0.95,aapi youth rising,asian american youth rising (aapi youth rising)
9,False,0.9,aclu fdn of louisiana,louisiana family forum
10,False,0.95,american trucking assn,wyoming mining assn
1,False,0.7,california county gun owners,gun owners of california
2,False,0.9,christian educators assn intl,nafsa: assn of intl educators
3,False,0.8,american intellectual property law assn,intellectual property law assn of chicago
4,False,0.9,city of hope,new hope family services
5,False,0.95,disability rights california,disability rights vermont
6,False,0.9,ctr for victims of torture,natl ctr for victims of crime
7,False,0.95,lgbt bar assn of los angeles,women lawyers assn of los angeles
8,False,0.95,montana chamber of commerce,south carolina chamber of commerce
9,False,0.7,latin american assn,latin american working grp
10,False,0.85,american hospital assn,children’s hospital assn
1,False,0.9,georgia municipal assn,louisiana municipal assn
2,False,0.7,kidney care council,kidney care partners
3,False,0.95,libertarian party of oklahoma,new jersey libertarian party
4,False,0.9,american trucking assn,idaho trucking assn
5,False,0.8,american unity fund,unity health care
6,False,0.7,action for life,students for life action
7,False,0.95,boston college,union university
8,False,0.6,in the public interest,public interest law ctr
9,True,0.95,inst para las mujeres en la migración,inst para las mujeres en migracion
10,False,0.95,nebraska republican party,republican party of arizona
1,False,0.7,planned parenthood action fund,planned parenthood ctr for choice
2,True,0.9,public counsel,public counsel (california)
3,True,0.95,reproaction,reproaction education fund
4,False,0.8,asian pacific american gun owners assn,california county gun owners
5,False,0.9,constitution party,constitution project at the project on government oversight
6,False,0.95,arkansas state chamber of commerce,chamber of commerce of the united states
7,False,0.7,alliance for catholic health care,catholic assn fdn
8,False,0.85,alabama ctr for law and liberty,young americans for liberty
9,False,1.0,arizona state university,iowa state university
10,False,0.9,natl religious broadcasters,texas assn of broadcasters
1,False,0.9,cfl technologies,vilox technologies
2,False,0.8,commonwealth second amendment,new jersey second amendment soc
3,False,0.9,dc coalition against domestic violence,west virginia coal assn
4,False,0.7,fairness campaign,fairness ctr
5,False,0.8,free speech advocates,princetonians for free speech
6,False,0.95,league of conservation voters,league of women voters of sf
7,False,0.85,media inst,women’s media ctr
8,True,0.9,federal defender services of idaho,federal public defender district of idaho
9,False,0.95,american trucking assn,mississippi in action
10,False,0.9,new york council of defense lawyers,new york county defender services
1,False,0.8,lgbt bar assn of new york,natl lgbtbar assn and fdn
2,False,0.7,media action ctr,women’s ctr
3,False,0.9,access housing. district of columbia,bar assn for the district of columbia
4,False,0.9,american assn of christian counselors,wisconsin assn of christian schools
5,False,0.95,california state sheriffs’ assn,minnesota 8
6,True,0.95,knife rights,knife rights fdn
7,False,0.7,alaska right to life,right to life
8,False,0.9,alabama coalition for immigrant justice,california collaborative for immigrant justice
9,False,0.85,united food and commercial workers intl union,united food and commercial workers western states council
10,False,0.95,arkansas state chamber of commerce,montana chamber of commerce
1,False,0.9,aclu of florida,aclu of texas
2,False,0.9,colorado psychological assn,massachusetts psychological assn
3,False,0.8,biotechnology innovation org,information technology and innovation fdn
4,False,0.85,call to safety,ctr for auto safety
5,True,0.95,reserve officers assn d/b/a reserve org of america,reserve org of america
6,False,0.9,american free enterprise chamber of commerce,los angeles area chamber of commerce
7,False,0.85,dignity alliance massachusetts,massachusetts housing and shelter alliance
8,False,0.9,america’s frontline doctors,doctors for america
9,False,0.9,los angeles area chamber of commerce,u.s. chamber of commerce
10,False,0.9,tennessee smoke free assn,west virginia smoke free assn
1,False,0.9,community health grp,unity health care
2,True,1.0,"natl assn of parents (d/b/a ""parentsusa"")",natl assn of parents (d/b/a “parentsusa”)
3,False,0.95,catholic charities of the archdiocese of new york,catholic charities of the diocese of springfield in illinois
4,False,0.8,autonomic technologies,smart meter technologies
5,False,0.95,american cancer soc,children’s ctr
6,False,0.9,equality new york,new economy project (new york)
7,False,0.85,americans for immigrant justice,migrant justice
8,False,0.95,federal defender for the district of arizona,federal public defender for the district of oregon
9,False,0.95,houston baptist university,maranatha baptist university
10,True,0.95,oca-asian pacific american advocates,org of chinese americans (oca)-asian pacific american advocates-new york
1,False,0.3,citizens equal rights alliance,equal protection project
2,False,0.4,federal defenders of eastern washington,natl assn of federal defenders
3,False,0.2,california chamber of commerce,u.s. women’s chamber of commerce
4,False,0.3,men for life,natl coalition for men
5,False,0.9,michigan assn of school boards,nebraska assn of school boards
6,False,0.4,central atlantic conference of the united church of christ,spring hill united church of christ
7,False,0.9,colorado republican comm,republican state comm of delaware
8,False,0.3,ctr on children and families,icwa children and families
9,False,0.3,advocates for empowerment ca,fund for empowerment
10,False,0.2,american vaping manufacturers assn,mississippi manufacturers assn
1,False,0.9,community legal ctr,disability rights legal ctr
2,False,0.8,naral pro-choice america,pro-choice north carolina
3,False,0.9,boise metro chamber of commerce,chamber of commerce of the united states
4,False,1.0,american assn of university women,university of michigan
5,False,1.0,government accountability project,natl police assn
6,False,1.0,arizona assn for justice,nevada attorneys for criminal justice
7,False,0.95,american civil liberties union fdn of virginia,american civil liberties union of arizona
8,True,0.95,natl fed for the blind,natl fed of the blind
9,False,1.0,federal public defender district of guam,federal public defender for the district of oregon
10,False,1.0,mille lacs band of ojibwe,white earth band of ojibwe
1,False,0.3,alumni free speech alliance,free speech advocates
2,False,0.9,asian american legal defense and education fund,eagle forum fdn
3,False,0.4,colorado farm bureau,state farm bureau org of colorado
4,False,0.9,ctr for intl environmental law,emory environmental law soc
5,False,0.7,district attorneys’ assn of georgia,natl district attorneys assn
6,False,0.8,open markets inst,open soc inst
7,False,0.7,american kidney fund,kidney care council
8,False,0.9,assn of the bar of the city of new york,new york state district attorneys assn
9,False,1.0,league of women voters of california,league of women voters of south carolina
10,False,0.8,first amendment coalition,knight first amendment inst at columbia university
1,False,0.3,free speech advocates,university of california free speech alliance
2,False,0.4,natl ctr on domestic and sexual violence,natl ctr on domestic violence trauma and mental health
3,True,0.95,positive womens network-usa (pwn-usa),positive women’s network-usa
4,False,0.2,seattle mennonite church,utopia seattle
5,False,0.3,autonomic technologies,ctr for advanced spine technologies
6,False,0.3,fairness ctr,people for fairness coalition
7,True,0.9,paypal,paypal holdings
8,False,0.3,california county gun owners,gun owners for safety
9,False,0.3,community legal ctr,ctr for american rights
10,False,0.9,dc coalition against domestic violence,hawai’i state coalition against domestic violence
1,False,0.8,5 law library org,library futures
2,False,0.7,natl inst for reproductive health,natl latina inst for reproductive health
3,False,0.6,new wave feminists,q-wave
4,False,0.7,independent women’s law ctr,women’s ctr
5,False,0.9,intl assn of chiefs of police,utah chiefs of police assn
6,False,0.95,california farm bureau,north dakota family alliance
7,False,0.95,north carolina pork council,north carolina vaping council
8,False,0.95,aclu of pennsylvania,hias pennsylvania
9,False,0.7,summus 2,summus outdoor
10,False,0.7,tax council,tax fdn
1,False,0.9,arizona chamber of commerce and industry,u.s. chamber of commerce
2,False,0.9,alabama policy inst,public justice inst
3,False,0.95,california farm bureau,illinois farm bureau
4,False,0.8,american veterans,veterans
5,False,0.95,colorado right to life,illinois right to life
6,False,0.95,lafayette college,lafayette transitional housing ctr
7,False,0.7,alaska family action,family fdn action
8,False,0.7,access reproductive justice,student coalition for reproductive justice
9,False,0.9,operation blazing sword,pink pistols
10,False,0.9,freedom ctr fdn,minnesota freedom fund
1,False,0.3,children’s advocacy inst,women’s and children’s advocacy project
2,False,0.2,american vaping manufacturers assn,west virginia manufacturers assn
3,False,0.4,china software industry assn,software and information industry assn
4,False,0.3,ctr for american liberty,ctr for human liberty
5,False,0.1,apartment assn of los angeles county,los angeles county museum of art
6,True,0.9,diocese of biloxi,roman catholic diocese of biloxi mississippi
7,False,0.3,soar,south asian soar
8,False,0.4,american civil liberties union fdn,american civil liberties union of illinois
9,False,0.3,colorado right to life,right to life of michigan
10,False,0.4,equal justice ctr,kentucky equal justice
1,False,0.9,arkansas school boards assn,north carolina school choice
2,False,0.8,intl assn of chiefs of police,intl union of police assn
3,True,0.95,legal aid justice ctr,legal aid justice ctr (virginia)
4,False,0.95,massachusetts chapter of the natl academy of elder law attorneys,natl org for women-seattle chapter
5,False,0.85,natl inst for reproductive health,physicians for reproductive health
6,False,0.9,american assn for justice,ctr for consumer law and economic justice
7,False,0.85,california assn of lawyers for education,california lawyers assn
8,False,0.95,assn of arkansas counties,california state assn of counties
9,True,0.9,apartment owners assn of california,california apartment assn
10,False,0.95,asian american bar assn of new york,lgbt bar of new york
1,False,0.9,military women’s coalition,montana native women’s coalition
2,False,0.95,american assn of university professors,american university
3,False,0.7,eliot unitarian universalist chapel,unitarian universalist church
4,False,0.9,natl assn of hispanic real estate professionals,natl real estate investors assn
5,False,0.9,american maritime assn,pacific maritime assn
6,False,0.95,bar assn of the district of columbia,florida assn of criminal defense lawyers
7,False,0.9,california policy ctr,ctr for arizona policy
8,False,0.8,central american resource ctr (carecen-la),central american resource ctr of california
9,False,0.85,assn of christian schools intl,assn of classical christian schools
10,False,0.85,american civil liberties union fdn,american civil liberties union of the district of columbia
1,True,0.9,human coalition,human coalition action
2,False,0.7,children’s rights,human rights defense ctr
3,False,0.6,ctr for family and human rights,human rights advocates
4,False,0.7,era minnesota,minnesota exploration assn. dba miningminnesota
5,False,0.9,assn of criminal defense lawyers of new jersey,natl assn of women lawyers
6,False,0.8,starbucks corporation,starbucks workers
7,True,0.95,intl municipal lawyers assn,intl municipal lawyers’ assn
8,False,0.8,assn of christian schools intl,forcey christian school
9,False,0.7,technology policy inst,washington ctr for technology policy inclusion
10,False,0.8,in the public interest,public interest patent law inst
1,False,0.8,california assn of nonprofits,natl council of nonprofits
2,False,0.6,arizona ctr for empowerment,arizona voter empowerment task force
3,False,0.9,district attorneys’ assn of georgia,oregon district attorneys assn
4,False,0.7,alumni free speech alliance,inst for free speech
5,False,0.8,economic policy inst,maine policy inst
6,False,0.7,american intellectual property law assn,island intellectual property
7,False,0.9,georgia coalition against domestic violence,maryland network against domestic violence
8,False,0.7,reserve officers assn d/b/a reserve org of america,united reserve fund
9,False,0.8,arc of the united states,public advocate of the u.s.
10,False,0.7,housing action illinois,illinois housing council
1,False,0.8,california employment law council,california employment lawyers’ assn
2,True,0.9,energy transfer lp,energy transfer partners l.p.
3,False,1.0,current and former california local elected officials,current and former elected officials of guam
4,True,0.95,americas health insurance plans,america’s health insurance plans
5,False,0.9,cfl technologies,dell technologies
6,False,0.7,catholic health assn of the united states,united states catholic mission assn
7,False,0.6,intl corporate accountability roundtable,justice and corporate accountability project
8,False,1.0,american hospital assn,children’s ctr
9,False,0.9,alaska trucking assn,american trucking assn
10,False,1.0,arizona chamber of commerce and industry,intl chamber of commerce of switzerland
1,False,0.8,ctr for responsible lending,hoosiers for responsible lending (indiana)
2,False,1.0,aclu of minnesota,minnesota trucking assn
3,False,0.7,save,save the sound
4,False,0.9,natl assn of tribal historic preservation officers,natl trust for historic preservation in the united states
5,False,0.8,freedom fdn of washington,legal advocates for washington
6,False,1.0,montana republican party,north carolina republican party
7,False,0.9,disability rights ctr of the virgin islands,u.s. virgin islands captive insurance assn
8,False,0.9,connecticut innocence project,mt innocence project
9,True,1.0,naral pro-choice america,reproductive freedom for all (formerly naral pro-choice america)
10,False,1.0,california chamber of commerce,longview chamber of commerce
1,False,0.8,american conservative agenda,american conservative union fdn nolan ctr for justice
2,True,0.9,streamline grp/mh global,streamline vape/mh global
3,False,0.85,american civil liberties union fdn,american civil liberties union of oklahoma
4,False,1.0,georgia republican party,north carolina republican party
5,True,1.0,womens refugee commission,women’s refugee commission
6,False,0.9,federal bar assn,federal circuit bar assn
7,False,0.95,aclu of the district of columbia,american civil liberties union of georgia
8,False,0.95,california chamber of commerce,u.s. chamber of commerce
9,False,1.0,intl brotherhood of electrical workers,intl brotherhood of teamsters (human rights and diversity commission)
10,False,0.85,cruise,cruise lines intl assn
1,False,0.9,council of administrators of special education,minnesota assn of school administrators
2,False,0.8,massachusetts chapter of the natl academy of elder law attorneys,natl academy of elder law attorneys
3,False,0.9,georgia coalition against domestic violence,oregon coalition against domestic and sexual violence
4,False,0.85,natl newspaper assn,natl newspaper publishers assn
5,False,0.95,christian professional photographers,natl press photographers assn
6,False,0.9,asian and pacific islander health forum,natl asian pacific american women’s forum
7,False,0.85,american civil rights union,natl constitutional law union
8,False,0.95,alabama criminal defense lawyers assn,florida assn for criminal defense lawyers
9,False,0.9,florence immigrant and refugee rights project,virginia coalition for immigrant rights
10,False,0.95,west virginia chamber of commerce,west virginians for life
1,False,0.3,families for freedom,for freedoms
2,False,0.9,american hospital assn,mississippi hospital assn
3,False,0.95,community legal ctr,trinity intl university
4,False,0.95,league of women voters california,new york league of conservation voters
5,False,0.95,american university,anderson university
6,False,0.95,greater san antonio chinese chamber of commerce,ohio chamber of commerce
7,False,0.9,credit union natl assn,hope credit union
8,False,0.95,arizona chamber of commerce and industry,new jersey chamber of commerce
9,True,0.95,immigrant justice task force of the wellington avenue united church of christ,wellington avenue united church of christ
10,False,0.95,league of women voters california,league of women voters of new york state
1,False,0.9,faith and freedom coalition,wagner ctr
2,False,0.95,oregon federal public defender’s office,san francisco public defender’s office
3,False,0.85,california rural legal assistance,rural community assistance partnership
4,True,0.8,indivisible,indivisible worcester maryland
5,False,0.9,stand with survivors,stand with us
6,False,0.9,alabama criminal defense lawyers assn,natl assn of criminal defense lawyers
7,False,0.95,mt innocence project,oregon innocence project
8,False,0.9,open soc fdn,open soc policy ctr
9,False,0.9,minnesota assn of county officers,minnesota county attorneys assn
10,False,0.95,georgia smoke free assn,tennessee smoke free assn
1,False,0.2,era minnesota,minnesota 8
2,False,0.3,rhode island bible soc,rhode island family inst
3,False,0.3,children’s ctr,children’s rights
4,False,0.4,community health grp,texas assn of community health ctr
5,False,0.3,american trucking assn,florida trucking assn
6,False,0.4,colorado right to life,right to life
7,False,0.3,ctr for justice and freedom,idaho freedom fdn
8,False,0.4,georgia assn of manufacturers,natl assn of manufacturers
9,False,0.3,atlanta legal aid soc,legal aid soc of columbus
10,False,0.4,assn of prosecuting attorneys,ohio prosecuting attorneys assn
1,False,0.7,criminal justice legal fdn,justice soc
2,False,0.6,abortion access front,new york abortion access fund
3,False,0.7,assn of corporate counsel,fed of defense and corporate counsel
4,True,0.9,native women’s soc,native women’s soc of the great plains
5,False,0.9,california attorneys for criminal justice,nevada attorneys for criminal justice
6,False,0.8,generation justice,seventh generation fund for indigenous peoples
7,False,0.6,apa watch,e-watch
8,False,0.7,access justice,access reproductive justice
9,False,0.9,american g.i. forum,michigan family forum
10,False,0.7,access reproductive justice,new american voices
1,False,0.9,assn of criminal defense lawyers of new jersey,missouri assn of criminal defense lawyers
2,False,0.9,empire ctr,empire health fdn
3,False,0.95,league of california cities,league of women voters of the united states
4,True,0.95,black women’s roundtable,natl coalition on black civic participation-black women’s roundtable
5,False,0.9,equality fed,equality florida
6,True,0.95,holocaust education ctr in the desert,holocaust education ctr in the desert. d/b/a tolerance education ctr
7,True,0.9,america first legal,america first legal fdn
8,False,0.95,mississippi college,mississippi hospital assn
9,False,0.9,autonomic technologies,lumen technologies
10,False,0.95,central atlantic conference of the united church of christ,kerrville church of christ
1,False,0.9,arc of the united states,public advocate
2,False,0.95,kentucky league of cities,league of california cities
3,False,0.95,central florida assn of criminal defense lawyers,ohio assn of criminal defense lawyers
4,False,0.95,roman catholic archdiocese of milwaukee,roman catholic archdiocese of new york
5,False,0.9,nebraska appleseed,texas appleseed
6,False,0.95,mount vernon nazarene university,point loma nazarene university
7,False,0.9,republican governors assn,republican governors public policy comm
8,False,0.7,foundry,foundry publishing
9,False,0.95,aclu fdn of texas,aclu of florida
10,False,0.8,e-watch,wetlands watch
1,False,0.3,save,save jobs usa
2,False,0.4,american civil liberties union fdn,american civil liberties union of mississippi
3,False,0.5,disability rights california,disability rights michigan
4,False,0.2,american civil rights union,interamerican inst for constitutional rights
5,False,0.1,ctr for american rights,women’s reproductive rights assistance project
6,True,0.9,comm for public counsel services,comm for public counsel services innocence program
7,False,0.4,illinois health and hospital assn,illinois hospital assn
8,False,0.3,circular congregational church,union congregational church
9,False,0.4,american hindu coalition,hindu american fdn
10,False,0.3,freedom fdn,islam and religious freedom action team religious freedom inst
1,True,0.95,ctia-the wireless assn,ctia-the wireless assn®
2,True,0.85,tradition family and property,tradition family property
3,False,0.9,assn of criminal defense lawyers of new jersey,natl assn of criminal defense lawyers
4,True,0.9,natl fed of independent business,natl fed of independent businesses
5,False,1.0,arc of the united states,green party of the united states
6,False,0.8,ctr for the study of hate and extremism,global project against hate and extremism
7,False,0.7,academy of perinatal harm reduction,natl harm reduction coalition
8,False,0.6,just neighbors,neighbors helping neighbors (new york)
9,False,0.6,montana native women’s coalition,montana women for. . .
10,False,1.0,arkansas state chamber of commerce,missouri chamber of commerce and industry
1,False,0.8,natl justice for our neighbors,san antonio region justice for our neighbors
2,False,0.7,stand u.p.,stand up michigan
3,False,0.9,florida family policy council,west virginia family policy council
4,False,0.9,alabama criminal defense lawyers assn,florida assn for criminal defense lawyers-miami chapter
5,False,0.8,cfl technologies,traxcell technologies
6,False,0.9,lgbt bar assn of new york,natl bar assn
7,False,0.9,midamerica nazarene university,point loma nazarene university
8,False,0.8,community legal services,defender assn of philadelphia
9,False,0.85,california school boards assn’s education legal alliance,natl school boards assn
10,False,0.7,family fdn,new jersey family policy council
1,False,0.9,aclu of northern california,california water fdn
2,False,0.8,american bar assn,american muslim bar assn
3,False,0.9,black women’s roundtable,california business roundtable
4,False,0.7,civil liberties defense ctr,new civil liberties alliance
5,True,0.95,diocese of jackson,roman catholic diocese of jackson
6,True,0.9,federal defender for the eastern district of california,federal public defender eastern district of california
7,False,0.95,california chamber of commerce,new jersey chamber of commerce
8,False,0.85,media coalition fdn,natl hispanic media coalition
9,False,0.95,assn of criminal defense lawyers of new jersey,vermont assn of criminal defense attorneys
10,False,0.7,american independent natl comm,ctr for independent thought
1,False,0.9,american small business league,natl small business assn
2,False,0.8,connecticut women’s education and legal fund,women’s equal rights legal defense and education fund
3,True,0.95,naacp,naacp louisiana state conference
4,False,0.85,prolife ctr at the university of st. thomas,university of st. thomas
5,False,0.95,alabama criminal defense lawyers assn,utah assn of criminal defense lawyers
6,False,0.9,aclu of minnesota,minnesota family council
7,False,0.7,free speech advocates,mit free speech alliance
8,False,1.0,medical professionals,multimedia production professionals
9,False,0.8,pride construction,pride fdn
10,False,0.95,aclu of the district of columbia,federal public defender for the district of alaska
1,False,0.9,ecological soc of america,zoological assn of america
2,False,0.6,american free enterprise chamber of commerce,freedom partners chamber of commerce
3,False,0.8,new york council of defense lawyers,new york county lawyers’ assn
4,False,0.9,disability rights connecticut,indiana disability rights
5,False,0.7,michigan assn of police org,natl assn of police org
6,False,0.95,new hampshire assn of county attorneys,new hampshire hospital assn
7,True,0.85,new mexico farm and livestock bureau,state farm bureau org of new mexico
8,False,0.8,philanthropy new york,philanthropy roundtable
9,False,0.7,freedom from religion fdn,religious freedom inst islam and religious freedom action team
10,False,0.8,faith and freedom fdn,woodhull freedom fdn
1,False,0.9,dc coalition against domestic violence,kansas coalition against sexual and domestic violence
2,False,0.9,community against violence,uniting three fires against violence
3,False,0.8,after the impact fund,impact partners
4,False,0.9,justice policy inst,oklahoma policy inst
5,False,0.9,players assn of the women’s natl basketball assn,women’s basketball coaches assn
6,False,1.0,florida republican party,north carolina republican party
7,False,0.8,american free enterprise chamber of commerce,chamber of commerce of the united states of america
8,False,0.9,equality new york,innocence project new york new york
9,False,0.8,equal justice soc,justice fdn
10,False,1.0,arizona republican party,north carolina republican party
1,False,0.3,assn for education fairness,fairness campaign
2,False,0.4,new york council of defense lawyers,new york county lawyers assn
3,False,0.9,american civil liberties union fdn of arizona,american civil liberties union fdn of maine
4,False,0.9,arkansas school boards assn,virginia school boards assn
5,False,0.9,idaho republican party,republican party of arizona
6,False,0.5,federal public and community defenders,federal public defender for the district of oregon
7,False,0.4,american financial services assn,financial services inst
8,False,0.4,atlantic ctr for capital representation,virginia capital representation resource ctr
9,False,0.7,california apartment assn,natl apartment assn
10,False,0.6,natl fed of independent business,natl fed of independent small business legal ctr
1,False,0.9,american assn of christian counselors,american school counselors assn
2,True,0.8,hope family services at the resurrection project,resurrection project
3,False,0.9,asian pacific american gun owners assn,orange county gun owners
4,False,0.95,american muslim bar assn,new york state bar assn
5,False,0.95,inst for justice,mississippi ctr for justice
6,False,0.9,stand for georgia values,stand u.p.
7,False,0.95,american medical assn,christian law assn
8,False,0.9,american free enterprise chamber of commerce,kansas chamber of commerce
9,False,0.85,family council and family policy inst,maryland family inst
10,False,0.95,american dental assn,christian medical and dental assn
1,False,0.9,california police chiefs assn,intl assn of chiefs of police
2,False,0.9,n.c. sheriffs’ ass’n,natl sheriffs’ assn
3,False,0.95,d.c. assn of criminal defense lawyers,oklahoma criminal defense lawyer’s assn
4,False,0.95,hca healthcare,north carolina community health ctr assn
5,False,0.9,asian pacific american bar assn of silicon valley (apaba silicon valley),silicon valley leadership grp
6,False,0.95,disability rights florida,disability rights tennessee
7,False,0.95,adamas pharmaceuticals,syros pharmaceuticals
8,True,0.95,american assn of university women,american assn of university women-michigan chapter
9,True,0.95,fdn for natl progress dba mother jones,mother jones
10,False,0.95,arc of the united states,green party natl comm
1,False,0.9,arizona coalition to end sexual and domestic violence,nevada coalition to end domestic and sexual violence
2,False,0.9,american medical student assn,women’s medical fund
3,False,0.95,assn of criminal defense lawyers of new jersey,utah assn of criminal defense lawyers
4,False,0.9,internet accountability project,internet soc
5,False,0.9,georgia coalition against domestic violence,natl coalition against domestic violence
6,False,0.9,innocence project of new orleans,mt innocence project
7,False,0.95,aclu fdn of texas,aclu of minnesota
8,False,0.85,american cornerstone inst,cornerstone policy research
9,False,0.95,disability rights california,disability rights mississippi
10,False,0.95,colorado right to life,new hampshire right to life
1,False,0.7,american civil liberties union,american civil liberties union fdn of virginia
2,False,0.8,american free enterprise chamber of commerce,ohio chamber of commerce
3,False,0.9,trinity college,trinity washington university
4,False,0.6,new york city residents alliance,new york residents alliance
5,False,0.9,american cancer soc cancer action network,natl childrens cancer soc
6,False,0.7,family violence appellate project,washington appellate project
7,False,0.9,american hospital assn,montana hospital assn
8,False,0.6,institutional religious freedom alliance,religious freedom inst islam and religious freedom action team
9,False,0.7,notre dame education law project,notre dame law school religious liberty initiative
10,False,0.8,operation blazing sword-pink pistols,pink pistols
1,False,0.9,louisiana alliance for life,pro-life texas
2,True,0.95,professional services council,professional services council-the voice of the government services industry
3,False,0.95,assn of minnesota counties,california state assn of counties
4,False,0.9,homing project,lawyering project
5,True,0.9,intl assn of sheet metal air rail and transportation workers,sheet metal air rail transportation workers-transportation div
6,False,0.95,aclu of minnesota,minnesota freedom fund
7,True,0.95,naral pro-choice america,reproductive freedom for all formerly naral pro-choice america
8,False,0.9,natl women’s health network,natl women’s shelter network
9,False,0.95,natl sheriffs assn,new mexico trucking assn
10,False,0.9,healthcare companies,viiv healthcare company
1,False,0.9,ctr for justice and freedom,freedom fdn of washington
2,False,0.95,north dakota hospital assn,north dakota states attorneys assn
3,False,0.95,aclu of mississippi,mississippi hospital assn
4,False,0.95,aclu of puerto rico,virginia assn of criminal defense lawyers
5,False,0.9,catholic medical assn,catholic medical mission board
6,False,0.95,central florida assn of criminal defense lawyers,washington assn of criminal defense lawyers
7,False,0.9,community legal services,veterans legal inst
8,False,0.85,american right to life,texas right to life
9,False,0.9,american civil liberties union,american constitutional rights union
10,False,0.9,california charter schools assn,classical charter schools of america
1,True,0.9,project 21,project21 black leadership network
2,False,1.0,innocence project new york new york,trucking assn of new york
3,False,1.0,tennessee municipal attorneys assn,washington state assn of municipal attorneys
4,False,1.0,children’s ctr,environmental law and policy ctr
5,False,0.9,mississippi manufacturers assn,natl assn of manufacturers
6,False,1.0,wyoming mining assn,wyoming trucking assn
7,False,0.8,nebraska appleseed ctr for law in the public interest,public interest law ctr
8,True,1.0,federal public defender district of nevada,federal public defender for the district of nevada
9,False,1.0,aclu of minnesota,university of minnesota
10,False,1.0,asian pacific american bar assn of los angeles county,los angeles lgbt ctr
1,False,0.8,american assn of senior citizens,senior citizens league
2,False,0.9,asian american bar assn of new york,natl lgbt bar assn
3,False,0.95,california rifle and pistol assn,maryland state rifle and pistol assn
4,False,0.95,aclu fdn of arizona,aclu fdn of louisiana
5,False,0.9,italy innocence project,mt innocence project
6,False,0.7,family fdn,family fdn (virginia)
7,False,0.85,st. john ctr,st. john’s university
8,False,0.8,ctr for individual freedom,individual rights fdn
9,False,0.7,california financial services assn,financial services inst
10,False,0.95,county of orange,orange county gun owners
1,False,0.9,american small business league,small business and entrepreneurship council
2,False,0.9,disability rights advocates,disability rights tennessee
3,False,0.95,american firearms assn,buckeye inst
4,False,0.8,ctr for american rights,legal rights ctr
5,False,0.95,american trucking assn,nebraska trucking assn
6,False,0.85,american civil rights union,california constitutional rights fdn
7,False,0.95,alabama criminal defense lawyers assn,pennsylvania assn of criminal defense lawyers
8,False,1.0,massachusetts family inst,massachusetts inst of technology
9,False,0.95,assn of arkansas counties,missouri assn of counties
10,False,0.9,naral pro-choice north carolina,north carolina school choice
1,False,0.9,children’s defense fund,justice defense fund
2,False,0.9,children’s advocacy inst,natl immigrant women’s advocacy project
3,False,0.8,constitution party natl comm,constitutional natl comm
4,True,0.95,by the hand,by the hand club for kids
5,False,0.95,league of conservation voters,league of women voters of new york state
6,False,0.95,aclu of minnesota,minnesota hospital assn
7,False,0.95,natl coalition for literacy,natl coalition for men
8,False,0.9,american hospital assn,iowa hospital assn
9,False,0.85,fair housing ctr of southwest michigan,outcenter of southwest michigan
10,True,0.9,intl union of operating engineers,intl union of operating engineers local 150 afl-cio
1,True,0.9,natl assn of social workers including its texas chapter,natl assn of social workers texas chapter
2,False,0.4,central alabama fair housing ctr,fair housing ctr
3,False,0.3,advocates for faith and freedom,freedom and justice fdn
4,False,0.2,caring works,internet works
5,False,0.8,republican natl comm,republican state comm of delaware
6,False,0.3,aids healthcare fdn,north carolina healthcare assn
7,False,0.2,santa barbara apartment assn,santa barbara women lawyers
8,False,0.4,jewish council for public affairs,natl jewish commission on law and public affairs
9,False,0.3,democracy north carolina,equality north carolina
10,False,0.5,american firearms assn,tennessee firearms assn
1,False,0.9,american academy of child and adolescent psychiatry,american academy of psychiatry and the law
2,False,0.8,california women’s law ctr,independent women’s law ctr
3,False,0.7,family heritage alliance,heritage defense fdn
4,True,0.95,hebrew immigrant aid soc (hias) pennsylvania,hias pennsylvania
5,True,0.9,agudas harabbonim,agudas harabonim
6,False,0.6,amicus populi,populi
7,False,0.9,forward party,patient forward
8,False,0.9,natl asian pacific american bar assn,natl council of asian pacific americans
9,False,0.95,q-wave,verily life sciences
10,True,0.95,natl fed of independent business small business legal ctr,nfib small business legal ctr
1,False,0.9,protect our aquifer,protect our defenders
2,False,0.95,aclu of massachusetts,children’s law ctr of kentucky
3,True,0.85,american civil liberties union fdn,american civil liberties union of nebraska
4,True,0.9,claremont institutes’ ctr for constitutional jurisprudence,ctr for constitutional jurisprudence
5,False,0.95,california district attorneys assn,district attorneys’ assn of georgia
6,False,0.8,natl assn of chiefs of police,natl police fdn
7,False,0.9,aclu of the district of columbia,american civil liberties union of washington
8,False,0.95,american bakers assn,swiss bankers assn
9,False,0.7,compass family services,family and community services
10,False,0.85,access reproductive justice,natl latina inst for reproductive health
1,False,0.7,texas public interest research grp,u.s. public interest research grp education fund
2,False,0.8,call to safety,ctr for food safety
3,False,0.6,alaska family action,family fdn
4,False,0.9,autonomic technologies,uber technologies
5,False,0.9,arizona coalition to end sexual and domestic violence,kansas coalition against sexual and domestic violence
6,False,0.95,california farm bureau,north carolina farm bureau
7,True,0.85,league of women voters,league of women voters of california
8,False,0.7,abortion care network,partners in abortion care
9,False,0.9,texas alliance for life,west virginians for life
10,False,0.75,california women’s law ctr,women’s fdn of california
1,False,0.9,american family assn,americans for family farmers
2,False,0.9,j street,protect democracy
3,False,0.8,law enforcement officers,maine state law enforcement assn
4,False,0.9,maciver inst for public policy,pelican inst for public policy
5,False,0.95,arizona chamber of commerce and industry,chamber of commerce of the united states
6,False,0.9,california retail assn,natl retail fed
7,False,0.95,illinois right to life,right to life of michigan
8,False,0.95,alabama criminal defense lawyers assn,texas criminal defense lawyers assn
9,False,0.95,aclu of the district of columbia,american civil liberties union of texas
10,False,0.95,california state sheriffs’ assn,washington state sheriffs assn
1,False,0.9,ctr for public justice,inst for justice
2,False,0.8,diocesan migrant and refugee services,lutheran immigration and refugee service
3,False,0.9,aclu of massachusetts,children’s ctr
4,False,0.9,airlines for america,american airlines grp
5,False,0.95,american ctr for law and justice,los angeles lgbt ctr
6,False,0.95,catholic medical assn,natl medical assn
7,False,0.95,georgia coalition against domestic violence,new york state coalition against domestic violence
8,False,0.95,american hospital assn,florida hospital assn
9,False,0.95,california tribal police chiefs assn,pennsylvania chiefs of police assn
10,True,0.85,american civil liberties union fdn,american civil liberties union of arizona
1,False,0.9,american free enterprise chamber of commerce,virginia chamber of commerce
2,False,0.9,california state sheriffs’ assn,michigan sheriffs’ assn
3,True,0.8,cleveland jobs with justice,jobs with justice
4,False,0.95,board of trustees of the university of arkansas,university of florida board of trustees
5,False,0.95,kentucky captive assn,kentucky coal assn
6,False,0.95,asian american bar assn of new york,women’s bar assn of the state of new york
7,False,0.85,liberty counsel,liberty counsel action
8,True,0.9,council on american-islamic relations,council on american-islamic relations new york
9,False,0.95,rhode island assn of criminal lawyers,rhode island bible soc
10,False,0.9,brandeis university,louis d. brandeis ctr for human rights under law
1,True,0.9,oregon farm bureau,state farm bureau org of oregon
2,False,0.8,american civil liberties union fdn,american civil liberties union of rhode island
3,False,0.95,assn of catholic colleges and universities,connecticut state colleges and universities
4,False,0.95,central pacific conference of the united church of christ,pennsylvania southeast conference of the united church of christ
5,True,0.9,coalition of labor union women,coalition of labor union women afl-cio
6,False,0.95,georgia assn of manufacturers,texas assn of manufacturers
7,False,0.9,innocence project of new orleans,innocence project of texas
8,False,0.9,disability rights florida,disability rights maryland
9,False,0.85,ctr for medicine in the public interest,nebraska appleseed ctr for law in the public interest
10,False,0.8,equal justice ctr,equal justice u.s.a.
1,False,0.9,alabama republican party,republican party of new mexico
2,False,0.7,asian pacific american bar assn of south florida,natl asian pacific american bar assn
3,False,0.6,eagle forum fdn,eagle forum of california
4,False,0.8,los angeles times communications,los angeles times communications and the san diego union-tribune
5,False,0.9,american financial services assn,native american financial services assn
6,False,0.8,b.e. technology,vapor technology assn
7,False,0.8,alabama coalition for immigrant justice,americans for immigrant justice
8,False,0.95,apartment assn of greater los angeles,women lawyers assn of los angeles
9,False,0.9,american assn of public health physicians,catholic health assn
10,False,0.95,colorado psychological assn,new york state sheriffs’ assn
1,False,0.7,consumer action,florida consumer action network
2,False,0.9,assn of american colleges and universities,minnesota state colleges and universities
3,True,0.95,9to5,9to5 natl assn of working women
4,False,0.6,asian pacific community in action,asian services in action
5,False,0.5,ctr for justice and freedom,freedom fdn
6,False,0.6,animal protection and rescue league,animal protection org
7,False,0.9,natl assn of basketball coaches,women’s natl basketball players assn
8,False,0.8,children’s ctr,ctr for law and social policy
9,False,0.95,houston baptist university,southwest baptist university
10,True,0.99,jewish war veterans of the u.s.a,jewish war veterans of the united states of america
1,False,0.9,california water quality assn,south carolina water quality assn
2,False,0.7,inst for constitutional advocacy and protection,natl assn for rights protection and advocacy
3,False,0.95,aclu of the district of columbia,women’s bar assn of the district of columbia
4,False,0.95,d.c. assn of criminal defense lawyers,louisiana assn of criminal defense lawyers
5,False,0.95,american assn of colleges of nursing,american medical assn
6,False,0.8,maryland family inst,public policy legal inst
7,False,0.6,operation save america,save
8,False,0.95,aclu of the district of columbia,federal public defender for the district of oregon
9,True,0.99,aldea-the peoples justice ctr,aldea-the people’s justice ctr
10,False,0.95,assn of criminal defense lawyers of new jersey,texas criminal defense lawyers assn
1,False,0.9,california catholic conference,tennessee catholic conference
2,False,0.8,indiana legal services,pangea legal services
3,False,0.9,california assn of realtors®,new york assn of realtors
4,False,0.85,assn of prosecuting attorneys,wyoming prosecuting attorneys assn
5,False,0.7,bet tzedek,tzedek assn
6,False,0.9,american assn of pro-life obstetricians and gynecologists,american college of obstetricians and gynecologists
7,False,0.9,american right to life,wisconsin right to life
8,False,0.9,dc coalition against domestic violence,mississippi coalition against domestic violence
9,False,0.9,d.c. assn of criminal defense lawyers,massachusetts assn of criminal defense lawyers
10,False,0.95,aclu fdn of louisiana,montana family fdn
1,False,0.9,american action forum,family forum
2,False,0.9,digital chamber,justice fdn
3,False,0.95,american civil liberties union of texas,new civil liberties alliance
4,False,0.95,georgia coalition against domestic violence,rhode island coalition against domestic violence
5,False,0.95,american muslim bar assn,lgbt bar assn of new york
6,False,0.9,fog pharmaceuticals,mylan pharmaceuticals
7,False,0.8,free speech advocates,inst for free speech
8,False,0.95,california assn of realtors®,minnesota realtors®
9,False,0.95,league of women voters california,league of women voters of florida
10,False,0.9,columbia college,columbia intl university
1,True,0.9,news media alliance,news/media alliance
2,False,0.3,access reproductive justice,reproductive justice action collective
3,False,0.95,aclu of north carolina,north carolina chamber legal inst
4,False,0.9,georgia innocence project,new georgia project
5,False,0.8,cfl technologies,trane technologies
6,False,0.7,open markets inst,open soc policy ctr
7,False,0.95,alabama criminal defense lawyers assn,d.c. assn of criminal defense lawyers
8,False,0.95,american assn of university women,university of florida
9,False,0.9,american bar assn,natl bar assn
10,False,0.95,league of conservation voters,league of women voters of south carolina
1,False,0.9,ctr for children’s law and policy,ctr for law and military policy
2,False,0.9,equal protection project,resurrection project
3,False,0.95,idaho coalition against sexual and domestic violence,missouri coalition against domestic and sexual violence
4,False,0.95,california chamber of commerce,chamber of commerce of the united states
5,False,0.95,advocates for children of new york,children’s law ctr of massachusetts
6,False,0.8,veterans,veterans legal inst
7,False,0.85,action for life,pro-life texas
8,False,0.9,american mining rights assn,colorado mining assn
9,False,0.95,blue cross blue shield assn,blue cross of idaho health service
10,False,0.95,access housing. district of columbia,district of columbia historians
1,False,0.7,constitution project at the project on government oversight,project on government oversight
2,False,0.3,ctr for justice and freedom,freedom x
3,True,0.95,downsize dc.org,downsizedc.org
4,False,0.8,saturn road church of christ,united church of christ
5,False,0.9,bader family fdn,montana family fdn
6,False,0.95,american hospital assn,illinois hospital assn
7,False,0.4,media action ctr,media inst
8,True,0.95,catholic diocese of colorado springs,diocese of colorado springs
9,False,0.6,ctr for fair housing,ctr for housing and health
10,False,0.5,californians for equal rights fdn,u.s. citizens for equal protection
1,True,0.95,legal momentum,legal momentum the women’s legal defense and education fund
2,False,0.9,natl academy of education,natl education assn
3,True,0.95,natl immigration project,natl immigration project of the natl lawyers guild
4,True,0.98,federal public defender for the western district of washington,federal public defender western district of washington
5,False,0.85,robbinsdale parkway united church of christ,united church of christ
6,False,0.9,catholic radio assn,natl public radio
7,False,0.95,american university,marian university
8,False,0.85,alliance health,refugee health alliance
9,False,0.8,action for life,men for life
10,False,0.9,american ctr for law and justice,ctr for law and education
1,False,0.9,asian american legal defense and education fund,women’s legal defense and education fund
2,False,0.9,conservative legal defense and education fund,naacp legal defense and education fund.
3,True,1.0,free speech def. and ed. fund,free speech defense and education fund
4,False,0.8,alliance for justice,our justice
5,False,0.9,idaho innocence project,mt innocence project
6,False,0.95,american medical assn,american medical student assn
7,False,0.85,california water quality assn,northern california water assn
8,False,1.0,league of california cities,league of women voters maryland chapter
9,False,0.9,lgbt bar assn of los angeles,los angeles lgbt ctr
10,False,0.95,federal defender for the district of arizona,federal public defender district of idaho
1,False,0.9,american bar assn,asian american bar assn of new york
2,False,0.95,alabama legislative black caucus,louisiana legislative black caucus
3,False,0.9,american hospital assn,illinois health and hospital assn
4,False,0.95,apartment assn of los angeles county,natl asian pacific american bar assn
5,False,0.95,bar assn of the district of columbia,ohio assn of criminal defense lawyers
6,False,0.8,equal protection project,u.s. citizens for equal protection
7,False,0.95,aclu of the district of columbia,american historians
8,False,0.85,california gun rights fdn,natl assn for gun rights
9,False,0.8,children’s ctr,children’s partnership
10,False,0.9,first focus on children,focus on the family
1,False,0.9,california financial services assn,native american financial services assn
2,False,0.8,firearms policy fdn,tennessee firearms fdn
3,False,0.7,american conservative agenda,american conservative union and acu fdn
4,False,0.9,apartment owners assn of california,california county gun owners
5,False,0.7,american conservative agenda,american conservative union fdn
6,False,0.8,american veterans,transgender american veterans assn
7,False,0.9,asian american legal defense and education fund,conservative legal def. and ed. fund
8,False,0.9,colorado republican comm,republican natl comm
9,False,0.8,her justice,our justice
10,False,0.9,moravian church in america,moravian college
1,True,0.9,legal aid soc,legal aid soc in new york city
2,False,0.8,republican natl comm,republican state leadership comm
3,False,0.7,santa fe dreamers project,santa fe now
4,False,0.95,alabama criminal defense lawyers assn,georgia assn of criminal defense lawyers
5,False,0.95,american civil liberties union fdn of northern california,american civil liberties union of florida
6,False,0.9,intl assn of chiefs of police,virginia assn of chiefs of police and fdn
7,False,0.95,california school boards assn,natl school boards assn
8,False,0.95,fog pharmaceuticals,ironwood pharmaceuticals
9,False,0.85,wisconsin conservation voters,wisconsin voter alliance
10,True,0.85,world vision,world vision. (u.s.)
1,False,0.9,california women’s law ctr,ctr for children’s law and policy
2,False,0.95,american bakers assn,independent bankers assn of texas
3,False,0.9,ctr for u.s. policy,inst for women’s policy research
4,False,0.7,family policy alliance of new jersey,new jersey family policy council
5,False,0.95,illinois coalition against sexual assault,minnesota indian womens sexual assault coalition
6,False,0.9,access justice,spark reproductive justice now
7,False,0.95,american vaping manufacturers assn,pennsylvania manufacturers assn
8,True,0.95,pascua yaqui tribe,pascua yaqui tribe of arizona
9,False,0.85,black public defender assn,public defender assn
10,True,0.98,fdn jerome lejeune,jerome lejeune fdn
1,False,0.7,eagle forum,eagle forum of alabama
2,False,0.9,aclu of northern california,california water quality assn
3,False,0.95,natl assn of catholic nurses u.s.a.,natl assn of school nurses
4,False,0.95,aclu of southern california,southern christian leadership conference-memphis chapter
5,True,0.9,president of the house of deputies of the episcopal church,presiding bishop and president of the house of deputies of the episcopal church
6,False,0.8,illinois state public interest research grp,u.s. public interest research grp
7,False,0.95,autonomic technologies,dell
8,False,0.9,fairfax county commission for women,fairfax county parents assn
9,False,0.85,natl council of churches,ohio council of churches
10,False,0.9,save,save the children action network
1,True,0.95,n.c. chamber legal inst,north carolina chamber legal inst
2,False,0.9,colorado right to life,natl right to life comm
3,False,0.9,goldentree asset management lp,strive asset management
4,False,0.85,compass family services,new hope housing
5,False,0.95,georgia coalition against domestic violence,west virginia coalition against domestic violence
6,False,0.9,california police chiefs assn,california tribal police chiefs assn
7,True,0.9,natl ctr for lesbian rights,natl ctr on lesbian rights
8,False,0.85,public interest law ctr,public interest law project
9,False,0.95,cuyahoga county public defender’s office,dallas county public defender’s office
10,False,0.9,assn of washington business,fair housing ctr of washington
1,True,0.9,california rifle and pistol assn,california rifle and pistol assn incorporated
2,False,0.95,freedom from religion fdn,natl comm for amish religious freedom
3,False,0.95,iowa republican party,republican party of arizona
4,False,0.95,animal legal defense fund,pro-life texas
5,False,0.85,small business and entrepreneurship council,small business technology council
6,False,0.95,alameda county public defender,harris county public defenders
7,False,0.9,league of women voters maryland chapter,maryland league of conservation voters
8,False,0.9,family council and family policy inst,west virginia family policy council
9,False,0.85,fair housing council of oregon,housing oregon
10,False,0.9,advocates for human rights,hindus for human rights
1,False,0.9,dallas county public defender’s office,oregon federal public defender’s office
2,False,0.7,cornell free speech alliance,james madison ctr for free speech
3,False,0.8,disability rights advocates,disability rights florida
4,True,0.95,oca south florida chapter,org of chinese americans (oca) south florida chapter
5,False,0.9,american intellectual property law assn,boston intellectual property law assn
6,False,0.85,disability rights bar assn,disability rights maryland
7,False,0.9,california tribal police chiefs assn,texas police chiefs assn
8,False,0.85,georgia smoke free assn,indiana smoke free alliance
9,False,0.9,women’s coalition,women’s mining coalition
10,False,0.8,alliance for catholic health care,catholic health assn of texas
1,False,0.9,long island chinese american assn,long island hispanic bar assn
2,True,0.8,oracle,oracle america
3,False,0.85,alaska family action,american family assn action
4,False,0.9,american medical student assn,assn of american medical colleges
5,False,0.7,community health grp,grp health fdn
6,False,0.95,arkansas state chamber of commerce,salinas valley chamber of commerce
7,False,0.95,central atlantic conference of the united church of christ,saturn road church of christ
8,False,0.7,health alliance,refugee health alliance
9,True,0.85,dc project,dc project fdn
10,False,0.95,idaho coalition against sexual and domestic violence,tennessee coalition to end domestic and sexual violence
1,False,0.8,asian americans advancing justice,asian americans advancing justice | chicago
2,False,0.9,natl small business assn,small business majority fdn
3,False,0.95,american health care assn,american public health assn
4,True,0.9,assn for mature american citizens action,assn of mature american citizens
5,False,0.95,american civil liberties union of arizona,american civil liberties union of florida
6,False,0.95,family council and family policy inst,north carolina pork council
7,False,0.95,assn of criminal defense lawyers of new jersey,georgia assn of criminal defense lawyers
8,False,0.95,natl assn of basketball coaches,players assn of the natl basketball assn
9,False,0.95,pennsylvania manufacturers assn,west virginia manufacturers assn
10,False,0.95,central florida assn of criminal defense lawyers,montana assn of criminal defense lawyers
1,True,0.9,whitman-walker health,whitman-walker health (legal name whitman-walker clinic.) and whitman-walker inst
2,False,0.8,american assn of christian schools,forcey christian school
3,False,1.0,apartment assn of greater los angeles,los angeles county museum of art
4,False,0.7,coastal marine fund,united marine fund
5,True,0.85,naral pro-choice north carolina,pro-choice north carolina
6,False,1.0,arkansas state chamber of commerce,maryland chamber of commerce
7,False,0.6,after the impact fund,impact fund
8,False,0.7,amica ctr for immigrant rights,illinois coalition for immigrant and refugee rights
9,False,0.9,independent women’s law ctr,natl womens law ctr
10,False,0.9,american energy inst,nuclear energy inst
1,True,0.9,dell,dell technologies
2,False,0.95,arkansas school boards assn,mississippi school boards assn
3,False,0.95,california catholic conference,colorado catholic conference
4,False,0.9,connecticut humane soc,native america humane soc
5,False,0.85,community health ctr alliance for patient access,texas alliance for patient access
6,False,0.9,intl assn of chiefs of police,louisiana assn of chiefs of police
7,False,0.95,american bar assn,federal bar assn
8,False,0.9,natl alliance for public charter schools,texas charter schools assn
9,False,0.9,central atlantic conference of the united church of christ,shadow rock united church of christ
10,False,0.85,public advocate,public investors advocate bar assn
1,False,0.9,j street,street wise
2,False,0.8,american free enterprise chamber of commerce,u.s. chamber of commerce fdn
3,False,0.7,family fdn,louisiana family fdn
4,True,0.95,league of women voters,league of women voters florida
5,False,0.95,american sexual health assn,mental health america
6,False,0.9,intl assn of chiefs of police,kentucky assn of chiefs of police
7,False,0.9,natl assn of black owned broadcasters,texas assn of broadcasters
8,False,0.85,unitarian universalist assn,unitarian universalist soc: east
9,False,0.95,california farm bureau,north dakota farm bureau
10,False,0.9,community legal ctr,trinity college
1,False,0.9,equal justice ctr,equal means equal
2,False,0.8,bader family fdn,family fdn (kentucky)
3,False,1.0,idaho conservation league,league of women voters
4,False,0.95,portland rising tide,rising tide brewing co.
5,True,0.95,fond du lac band,fond du lac band of lake superior chippewa
6,False,1.0,georgia coalition against domestic violence,north carolina coalition against domestic violence
7,False,0.7,energy equipment and infrastructure alliance,energy infrastructure council
8,True,0.85,natl assn for public defense,natl assn for public defense and restoring justice
9,False,0.9,ctr for medicine in the public interest,new jersey appleseed public interest law ctr
10,False,1.0,american hospital assn,minnesota hospital assn
1,False,0.9,california farm bureau,oklahoma farm bureau legal fdn and affiliated county farm bureaus
2,False,0.7,impact fund,impact partners
3,True,0.95,original ventures,original ventures llcs
4,False,0.95,indiana hospital assn,montana hospital assn
5,False,0.95,d.c. assn of criminal defense lawyers,vermont assn of criminal defense lawyers
6,False,0.85,disability rights bar assn,disability rights florida
7,False,0.95,arkansas municipal league,colorado municipal league
8,False,0.9,arizona citizens defense league,connecticut citizen action grp
9,False,0.8,black veterans project,veterans
10,False,0.85,constitutional government defense fund,u.s. constitutional rights legal defense fund
1,False,0.9,americans for immigrant justice,california collaborative for immigrant justice
2,False,0.8,california employment law council,california employment lawyers assn
3,False,1.0,alaska right to life,texas right to life
4,False,0.7,natl ctr on domestic and sexual violence,natl resource ctr on domestic violence
5,False,0.7,smoke free alternatives coalition of illinois,smoke-free alternatives trade assn
6,False,0.9,american mining rights assn,women’s mining coalition
7,False,1.0,conservative legal defense and education fund,lambda legal
8,True,0.95,u.s. conference of mayors,united states conference of mayors
9,False,1.0,california attorneys for criminal justice,d.c. assn of criminal defense lawyers
10,False,0.95,voices for children in nebraska,voices for illinois children
1,False,0.9,arkansas state chamber of commerce,san francisco chamber of commerce
2,False,0.6,american small business league,business leagues
3,False,0.9,bar assn of the district of columbia,washington assn of criminal defense lawyers
4,False,0.9,boise metro chamber of commerce,maryland chamber of commerce
5,False,0.7,children and family justice ctr,children’s hospital assn
6,False,0.9,rhode island assn of criminal lawyers,rhode island family inst
7,False,0.9,west texas for life,west virginia coal assn
8,True,0.8,library futures,library futures inst
9,False,0.9,california public defenders assn,orleans public defenders
10,True,0.95,fmi,fmi the food industry assn
1,False,0.9,lawyers’ comm for civil rights of the san francisco bay area,natl lawyers guild san francisco bay area chapter
2,False,0.95,california school boards assn,texas assn of school boards legal assistance fund
3,False,0.95,colorado right to life,new jersey right to life
4,False,0.95,libertarian party of california,new jersey libertarian party
5,False,0.9,community legal services,legal services for children
6,False,0.95,kentucky coal assn,kentucky trucking assn
7,False,0.95,asian american community services,indiana legal services
8,False,0.95,american health care assn,north carolina community health ctr assn
9,False,0.95,indiana hospital assn,south carolina vapor assn
10,False,0.95,access housing. district of columbia,american civil liberties union of the district of columbia
1,False,0.9,catholic assn fdn,catholic health assn
2,False,0.8,aci-financial markets assn,securities industry and financial markets assn
3,False,0.95,alabama criminal defense lawyers assn,new mexico criminal defense lawyers assn
4,False,0.95,alabama criminal defense lawyers assn,new york state assn of criminal defense lawyers
5,True,0.9,flavour art north america,flavour art north american
6,False,0.95,natl cannabis industry assn,new york city cannabis industry assn
7,True,1.0,natl org of social security claimants representatives,natl org of social security claimants’ representatives
8,False,0.95,her justice,inst for justice
9,False,0.95,city of hope,new hope housing
10,False,0.95,arizona chamber of commerce and industry,missouri chamber of commerce and industry
1,False,0.9,freedom leadership conference,united states hispanic leadership inst
2,False,0.9,general aviation manufacturers assn,natl assn of manufacturers
3,False,0.95,democracy 21,project 21 black leadership network
4,False,0.8,buckeye firearms assn,buckeye firearms fdn
5,True,0.9,aclu fdn of texas,aclu of texas
6,False,0.95,american bar assn,asian pacific american bar assn of south florida
7,False,0.9,law forward,patient forward
8,False,0.95,aclu of florida,aclu of michigan
9,False,0.85,california peace officers’ assn,peace officers research assn of california
10,False,0.95,louisiana republican party,north carolina republican party
1,False,0.9,massachusetts housing and shelter alliance,massachusetts rivers alliance
2,False,0.95,arkansas school boards assn,north carolina school boards assn
3,False,0.9,michigan assn of police org,natl police assn
4,False,0.8,natl council for adoption,voice for adoption
5,True,0.95,campaign for fair sentencing of youth,campaign for the fair sentencing of youth
6,False,0.95,illinois innocence project,mt innocence project
7,True,0.95,cuyahoga county public defender,cuyahoga county public defender’s office
8,False,0.9,rhode island ctr for freedom and prosperity,rhode island religious coalition for reproductive freedom
9,True,0.9,kentucky smoke free assn,kentucky vaping retailers assn. d/b/a kentucky smoke free assn
10,False,0.9,virginia citizens consumer council,virginia citizens defense fdn
1,False,0.9,children’s rights,ctr for family and human rights
2,False,0.8,american ctr for law and justice,justice and freedom fund
3,False,0.85,family farm action alliance,family policy alliance
4,False,0.95,california assn of realtors®,michigan realtors®
5,False,0.7,unitarian universalist assn,unitarian universalist church
6,False,0.95,aclu of the district of columbia,district of columbia hospital assn
7,True,0.99,conservative legal def. and ed. fund,conservative legal def. and education fund
8,False,0.95,american farm bureau fed,colorado farm bureau
9,False,0.95,california business properties assn,washington business properties assn
10,True,0.9,first look inst,first look media works
1,False,0.95,boise metro chamber of commerce,san francisco chamber of commerce
2,False,0.9,mt innocence project,washington innocence project
3,False,0.95,alliance for catholic health care,american public health assn
4,False,0.9,hopland band of pomo indians,scotts valley band of pomo indians
5,False,0.9,community housing network,housing and community development network of new jersey
6,False,0.95,cantor fitzgerald lp,fitzgerald griffin fdn
7,False,0.85,california reserve peace officers assn,reserve officers assn d/b/a reserve org of america
8,False,0.95,north carolina family policy council,north carolina pork council
9,False,0.9,american civil rights project,american civil rights union
10,False,0.95,bar assn of the district of columbia,district of columbia assn of criminal defense lawyers
1,False,0.9,las vegas development,las vegas paiute tribe
2,False,0.8,american farm bureau fed,washington farm bureau
3,False,0.85,california water clean network,clean ocean action
4,False,0.9,one circle fdn,workers circle
5,False,0.85,catholic legal services archdiocese of miami,legal services of greater miami
6,False,0.95,aclu of massachusetts,american trucking assn
7,False,0.9,aclu of puerto rico,puerto rico assn of criminal defense lawyers
8,True,0.8,operation blazing sword,operation blazing sword-pink pistols
9,False,0.9,autonomic technologies,ctr for humane technology
10,False,0.9,aclu fdn of arizona,family fdn (kentucky)
1,False,0.7,indigenous women rising,natl indigenous women’s resource ctr
2,False,0.6,legal aid justice ctr,legal aid soc
3,False,0.9,assn of criminal defense lawyers of new jersey,new york state assn of criminal defense lawyers
4,False,0.9,assn of criminal defense lawyers of new jersey,new mexico criminal defense lawyers assn
5,False,0.95,american assn of university women,american university
6,False,0.95,league of conservation voters,league of women voters california
7,False,0.8,montana fair housing,natl fair housing alliance
8,False,0.9,alabama criminal defense lawyers assn,oklahoma criminal defense lawyer’s assn
9,False,0.8,administer justice,alliance for justice
10,False,0.7,action for life,students for life in america
1,True,0.9,jewish coalition for religious liberty,jewish coalition of religious liberty
2,True,0.95,players assn of the women’s natl basketball assn,women’s natl basketball players assn
3,False,0.1,alliance for automotive innovation,innovation defense fdn
4,False,0.2,refugio del rio grande,rio grande fdn
5,False,0.1,environmental org,wisconsin environment
6,False,0.1,children’s ctr,immigrant law ctr of minnesota
7,False,0.3,illinois sheriffs’ assn,natl sheriffs assn
8,False,0.1,georgia legal services program,veterans legal services
9,False,0.9,california assn of realtors®,new york assn of realtors®
10,False,0.95,asian american legal defense and education fund,conservative legal defense and education fund
1,False,0.9,american ctr for law and justice,los angeles ctr for law and justice
2,True,0.8,equal protection project of the legal insurrection fdn,legal insurrection fdn
3,False,0.9,b.e. technology,washington ctr for technology policy inclusion
4,False,0.95,north carolina family policy council,north carolina vaping council
5,False,0.95,assn of california cities-orange county,fair housing council of orange county
6,False,0.9,california police chiefs assn,natl assn of chiefs of police
7,False,0.85,christian educators assn intl,intl alliance for christian education
8,False,0.95,asian pacific american labor alliance,natl asian pacific american bar assn
9,True,0.9,central city assn,central city assn of los angeles
10,False,0.85,first amendment clinics,first amendment coalition
1,False,0.7,congregational united church of christ,united church of christ
2,False,0.5,arkansas prosecuting attorneys assn,assn of prosecuting attorneys
3,False,0.8,american jewish comm,world jewish congress
4,False,0.9,chhaya community development corporation,englewood community development corporation
5,False,0.9,american college of surgeons,assn of american indian physicians
6,True,0.95,knight first amendment inst,knight first amendment inst at columbia university
7,False,0.9,league of women voters,women’s bar assn of the state of new york
8,True,0.95,louisiana state conference of the naacp,naacp louisiana state conference
9,False,0.9,west virginia coal assn,west virginia manufacturers assn
10,False,0.95,bar assn of the district of columbia,illinois assn of criminal defense lawyers
1,True,0.95,asian pacific inst on gender based violence,asian pacific inst on gender-based violence
2,False,0.8,ctr for environmental accountability,shoals environmental alliance
3,False,0.9,asian pacific american bar assn of los angeles county,lgbt bar assn of los angeles
4,True,0.9,rising voices,rising voices a project of tides advocacy
5,True,0.98,womens liberation front,women’s liberation front
6,False,0.85,copyright alliance,copyright thought leaders
7,False,0.95,federal public defender district of nevada,federal public defender for the district of arizona
8,False,0.9,league of women voters,united state of women
9,False,0.95,dc coalition against domestic violence,west virginia coalition against domestic violence
10,False,0.9,innocence project,mt innocence project
1,False,0.9,northwestern community college,university of northwestern-st. paul/northwestern media
2,False,0.95,san francisco apartment assn,san francisco taxpayers assn
3,False,0.85,grandview park presbyterian church,presbyterian church (u.s.a.)
4,False,0.95,american medical assn,christian medical assn
5,False,0.8,community legal services,oasis legal services
6,False,0.85,bet tzedek,tzedek dc
7,False,0.7,innocence network,innocent network
8,False,0.9,california catholic conference,catholic conferences of iowa
9,False,0.95,american bar assn,catholic assn fdn
10,False,0.95,asian american bar assn of new york,new york state vapor assn
1,False,0.3,dc project,dc volunteer lawyers project
2,True,0.9,natl org for women (now) fdn,natl org for women fdn
3,False,0.4,natl fed for the blind,natl fed of the blind-massachusetts
4,False,0.2,california assn of realtors®,texas realtors®
5,False,0.3,freedom fdn,religious freedom inst
6,True,0.8,public advocate,public advocate fdn
7,False,0.3,georgia public interest research grp,u.s. public interest research grp
8,False,0.2,maciver inst for public policy,public policy legal inst
9,False,0.3,connecticut citizen action grp,connecticut citizens defense league
10,False,0.4,ctr for individual rights,fdn for individual rights and expression
1,False,0.7,american booksellers assn,american booksellers for free expression
2,False,0.9,aclu fdn of texas,aclu of georgia
3,False,0.9,federal defender for the district of arizona,federal public defender district of guam
4,False,0.8,natl assn of chiefs of police,natl assn of police org
5,False,0.7,advocates for human rights,intl fed for human rights
6,False,0.9,assn of criminal defense lawyers of new jersey,oklahoma criminal defense lawyer’s assn
7,True,0.95,islam and religious freedom action team of the religious freedom inst,religious freedom inst
8,False,0.85,johnson and johnson,johnson and johnson patient assistance fdn
9,False,0.95,alaska right to life,wisconsin right to life
10,False,0.8,children’s ctr,children’s law ctr of kentucky
1,True,0.9,arizona farm bureau fed,state farm bureau org of arizona
2,False,0.95,disability rights florida,disability rights nebraska
3,False,0.9,american vaping manufacturers assn,pennsylvania manufacturers’ assn
4,False,0.95,aclu of the district of columbia,district of columbia affairs community of the district of columbia bar
5,False,0.9,laredo college,laredo project
6,False,0.95,illinois coal assn,illinois policy inst
7,False,0.85,advocates for faith and freedom,freedom fdn
8,False,0.9,in the public interest,public interest law project
9,False,0.9,aclu fdn of louisiana,family fdn
10,False,0.95,american civil liberties union of florida,american civil liberties union of illinois
1,True,0.9,nebraska appleseed,nebraska appleseed ctr for law in the public interest
2,False,0.8,make the road new york,make the road pennsylvania
3,False,0.7,pioneer inst,pioneerlegal
4,False,0.6,safe living space,safe spaces
5,True,0.85,advancement project,advancement project natl office
6,False,0.8,inst for justice,mississippi justice inst
7,False,0.95,american muslim bar assn,lgbt bar of new york
8,False,0.7,amplify energy,amplify exchange
9,False,0.9,disability rights new york,indiana disability rights
10,False,0.9,american assn of public health physicians,assn of american indian physicians
1,False,0.9,california tribal police chiefs assn,wisconsin chiefs of police assn
2,False,0.7,immigrant legal defense,immigrant legal resource ctr
3,False,0.9,american cancer soc,natl children’s cancer soc
4,False,0.9,indiana smoke free alliance,washington smoke free assn
5,True,0.95,minnesota indian women sexual assault coalition,minnesota indian womens sexual assault coalition
6,False,0.6,ctr for environmental accountability,public accountability
7,False,0.9,men for life,natl coalition for literacy
8,False,0.95,massachusetts chapter of the natl academy of elder law attorneys,seattle chapter natl org for women
9,True,0.85,catholicvote,catholicvote.org education fund
10,False,0.95,asian real estate assn of america,assn of real estate photographers
1,False,0.9,defense of freedom inst,freedom and justice fdn
2,False,0.95,aclu of north carolina,north carolina water quality assn
3,False,1.0,frontier communications corporation,frontier medicines corporation
4,False,1.0,washington bar assn,washington post
5,False,0.85,american college of bankruptcy,natl assn of consumer bankruptcy attorneys
6,False,0.9,california employment law council,natl employment lawyers’ assn
7,True,0.95,board of regents of the university of michigan,university of michigan
8,False,0.9,athlete ally,athletes for impact
9,False,0.8,bader family fdn,family fdn
10,False,0.9,ibis reproductive health,physicians for reproductive health
1,False,0.9,assn of the bar of the city of new york,legal aid soc in new york city
2,False,0.95,american health care assn,arkansas health care assn
3,False,0.95,eastern michigan university,southeastern legal fdn
4,False,0.95,disability rights california,disability rights texas
5,False,0.95,american medical assn,california medical assn
6,False,0.95,illinois sheriffs’ assn,new york state sheriffs’ assn
7,False,0.95,american hospital assn,south carolina hospital assn
8,False,0.95,central atlantic conference of the united church of christ,central pacific conference of the united church of christ
9,False,0.95,current and former california local elected officials,current and former elected officials of the northern mariana islands
10,False,0.9,ctr for victims of torture,new jersey crime victims’ law ctr
1,False,0.3,disability rights bar assn,disability rights new york
2,True,0.9,american historians,org of american historians
3,False,0.95,georgia coalition against domestic violence,washington state coalition against domestic violence
4,True,0.95,intl conference of evangelical chaplain endorcers,intl conference of evangelical chaplain endorsers
5,False,0.95,kentucky league of cities,north dakota league of cities
6,True,0.9,onejustice,onejustice (california)
7,False,0.6,stand for georgia values,stand for georgia values action
8,False,0.95,conservative legal defense and education fund,equally american legal defense and education fund
9,False,0.85,league of women voters of california,league of women voters of sf
10,True,0.95,federal public defender district of guam,federal public defender for the district of guam
1,False,0.9,lgbt bar assn of los angeles,los angeles ctr for law and justice
2,False,0.8,alliance for law and liberty,liberty life and law fdn
3,False,0.9,shriver ctr on poverty law,western ctr on law and poverty
4,False,0.85,hope fair housing ctr,new hope housing
5,False,0.9,advocates for human rights,ctr for the human rights of children
6,True,1.0,adl (anti-defamation league),adl (the anti-defamation league)
7,False,0.85,amica ctr for immigrant rights,coalition for humane immigrant rights
8,False,0.95,california women’s law ctr,children’s ctr
9,False,0.8,developers alliance,land developers
10,False,0.95,district attorneys assn of the state of new york,new york state bar assn
1,False,0.8,american civil liberties union fdn,american civil liberties union of alabama
2,False,0.6,natl patient advocate fdn,public advocate
3,False,0.7,urban indian health inst,urban resource inst
4,False,0.9,common sense club,common sense media
5,False,0.95,alabama criminal defense lawyers assn,oklahoma defense lawyers assn
6,False,0.7,autonomic technologies,traxcell technologies
7,False,0.8,disability rights advocates,disability rights nebraska
8,False,0.7,access reproductive justice,new voices for reproductive justice
9,False,0.75,central atlantic conference of the united church of christ,congregational united church of christ
10,False,0.95,arkansas state chamber of commerce,south carolina chamber of commerce
1,False,0.8,independent inst,independent voter project
2,False,0.7,kansas farm bureau legal fdn,oklahoma farm bureau legal fdn and affiliated county farm bureaus
3,False,0.7,inst for justice,pacific justice inst
4,True,0.9,american civil liberties union fdn,american civil liberties union fdn of arizona
5,False,0.8,dc volunteer lawyers project,volunteer lawyers project of cny
6,False,0.7,global business alliance,global liberty alliance
7,False,0.9,verily life sciences,wave life sciences
8,False,0.9,arizona coalition to end sexual and domestic violence,nebraska coalition to end domestic and sexual violence
9,False,1.0,business council of new york state,rhode island state council of churches
10,False,0.8,assn of american indian affairs,assn on american indian affairs
1,False,0.9,tampa bay inventors council,tampa bay tech
2,False,0.95,d.c. assn of criminal defense lawyers,florida assn of criminal defense lawyers
3,True,0.99,california state sheriffs assn,california state sheriffs’ assn
4,False,1.0,chamber of commerce of the united states of america,veterans of foreign wars of the united states
5,False,0.85,children’s ctr,ctr for u.s. policy
6,False,0.8,ctr on race law and justice,nyu ctr on race inequality and the law
7,False,0.85,central city assn of los angeles,central city east assn of los angeles
8,False,0.9,low income housing inst,natl low income housing coalition
9,False,0.9,generation justice,seventh generation
10,False,0.9,ctr for consumer law and economic justice,hawaii appleseed ctr for law and economic justice
1,False,0.9,diocese of biloxi,roman catholic diocese of jackson
2,False,0.95,dominican bar assn,union university
3,False,0.8,faith and freedom fdn,freedom fund
4,False,0.85,central united methodist church,soc of the united methodist church
5,False,0.95,dc coalition against domestic violence,vermont network against domestic and sexual violence
6,False,0.9,atlantic ctr for capital representation,ctr for family representation
7,False,0.85,catholic health assn,united states catholic mission assn
8,False,0.95,american g.i. forum,family fdn
9,False,0.95,florida rural water assn,oklahoma rural water assn
10,False,0.95,minnesota multi housing assn,washington multi-family housing assn
1,False,0.9,asian pacific american labor alliance,coalition of labor union women afl-cio
2,False,0.9,mt innocence project,new england legal fdn
3,False,0.8,2556 operation outcry women injured by abortion,410 texas women injured by abortion
4,False,0.9,access justice,natl latina inst for reproductive justice
5,False,0.7,beacon,beacon lighthouse
6,False,0.8,children and family justice ctr,our children’s trust
7,False,0.95,california state sheriffs assn,healthcare assn of new york state
8,False,0.9,american health care assn,unity health care
9,True,0.95,american fed of teachers,american fed of teachers (afl-cio)
10,False,0.85,children’s ctr,council for children’s rights
1,False,0.9,california women’s law ctr,children’s law ctr
2,False,0.95,federal defender for the eastern district of california,federal public defender northern district of california
3,False,0.9,illinois health and hospital assn,illinois primary health care assn
4,False,0.9,pacific marine fund,pacific maritime assn
5,False,0.95,alabama criminal defense lawyers assn,louisiana assn of criminal defense lawyers
6,False,0.95,american planning assn,soc of family planning
7,False,0.9,children’s ctr,our children’s trust
8,False,0.95,american hospital assn,maine hospital assn
9,False,0.95,black public defender assn,federal public defender of oregon
10,False,0.9,natl assn for rural mental health,natl rural health assn
1,False,0.9,breas medical ab,california medical assn
2,False,0.6,federal public and community defenders,public defender assn
3,False,0.95,alabama criminal defense lawyers assn,massachusetts assn of criminal defense lawyers
4,False,0.95,asian american bar assn of new york,league of women voters of new york state
5,False,0.7,california chamber of commerce,chambers of commerce
6,False,0.95,arkansas pharmacists assn,oklahoma pharmacists assn
7,False,0.85,boise metro chamber of commerce,united states chamber of commerce
8,False,0.5,l.i.n.d.a. org,religious org
9,False,0.8,natl bar assn,natl creditors bar assn
10,False,0.95,bar assn of the district of columbia,montana assn of criminal defense lawyers
1,False,0.9,california water quality assn,equality california
2,False,0.8,naral pro-choice america,pro-choice washington
3,False,0.7,neighborhood defender service (new york),new york county defender service
4,False,0.95,california charter schools assn,texas charter schools assn
5,False,0.85,disability rights bar assn,disability rights nebraska
6,False,0.9,energy transfer partners l.p.,kinder morgan energy partners l.p.
7,False,0.8,second amendment defense and education coalition,second amendment fdn
8,True,0.95,ctr for law brain and behavior,massachusetts general hospital ctr for law brain and behavior
9,False,0.75,assn of administrative law judges,federal administrative law judges conference
10,False,0.6,beacon,beacon ctr
1,False,0.8,chambers of commerce,kansas chamber of commerce
2,False,0.6,tzedek assn,tzedek dc
3,False,0.9,alameda county public defender,harris county public defender’s office
4,False,0.7,bader family fdn,family fdn of virginia
5,True,0.9,iowa pork producers assn,state pork producer assn of iowa
6,False,0.95,federal public defender district of hawai’i,federal public defender for the district of nevada
7,False,0.95,natl sheriffs assn,new mexico hospital assn
8,False,0.9,atlanta legal aid soc,legal aid soc in new york city
9,True,1.0,natl womens law ctr,natl women’s law ctr
10,False,0.85,california assn of lawyers for education,california women lawyers
1,False,0.9,bridgeville rifle and pistol club,california rifle and pistol assn
2,False,0.95,federal defender for the eastern district of california,federal public defender for the district of nevada
3,False,0.95,colorado coalition against sexual assault,wisconsin coalition against sexual assault
4,False,0.95,american dental assn,n.c. dental soc
5,False,0.85,central district consumer bankruptcy attorney assn,natl assn of consumer bankruptcy attorneys
6,False,0.9,stand for georgia values,stand with us
7,False,0.8,ctr for environmental accountability,environmental advocates
8,False,0.85,honest elections project,taxpayers for honest elections
9,False,0.9,inst for women’s policy research,nevada policy research inst
10,False,0.9,maine education assn,maine women’s lobby education fund
1,False,0.7,american civil liberties union,american civil liberties union fdn of maryland
2,False,0.3,american marine fund,coastal marine fund
3,False,0.5,columbia union conference of seventh-day adventists,general conference of the seventh-day adventists
4,False,0.9,aclu of puerto rico,natl assn of criminal defense lawyers
5,True,0.95,graphic artists guild,graphic artists guild.
6,True,0.9,young conservative of texas,young conservatives of texas
7,False,0.4,connecticut criminal defense attorneys assn,criminal defense attorneys
8,False,0.4,california assn of lawyers for education,california employment lawyers’ assn
9,False,0.95,assn of arkansas counties,wisconsin counties assn
10,False,0.2,girls,heart women and girls
1,False,0.9,mental health america,natl assn for rural mental health
2,True,0.95,inst para las mujeres en la migración,inst para las mujeres en la migración a.c.
3,False,1.0,argent,target
4,False,0.95,aclu of north carolina,legal aid of north carolina
5,False,0.9,disability rights bar assn,disability rights vermont
6,False,0.8,85 religious org,religious org
7,False,0.7,free speech advocates,unc free speech alliance
8,False,0.95,chambers of commerce,kentucky chamber of commerce
9,True,0.9,missouri asian american youth fdn,missouri asian american youth fed
10,False,0.95,innocence project argentina,mt innocence project
1,False,0.9,access housing. district of columbia,district of columbia assn of criminal defense lawyers
2,True,0.95,nc family policy council,north carolina family policy council
3,False,0.9,american historians,district of columbia historians
4,False,0.95,assn of criminal defense lawyers of new jersey,massachusetts assn of criminal defense lawyers
5,False,0.8,criminal justice legal fdn,freedom and justice fdn
6,False,0.7,administer justice,our justice
7,False,0.9,kansas coalition against sexual and domestic violence,washington coalition against domestic violence
8,False,0.85,spring hill united church of christ,united church of christ
9,True,0.95,ctr for law brain and behavior,ctr for law brain and behavior at massachusetts general hospital
10,False,0.95,rocky mountain innocence ctr,rocky mountain mining inst
1,False,0.9,justice policy inst,maine ctr for economic policy
2,False,0.7,ctr for fair housing,safe housing alliance
3,True,0.95,freedomworks,freedomworks fdn
4,False,0.95,naral pro-choice north carolina,north carolina school boards assn
5,False,0.95,military women’s coalition,women’s mining coalition
6,False,0.9,american assn of railroads,natl assn of railroad referees
7,False,0.6,america’s frontline doctors,frontline
8,False,0.85,arkansas state chamber of commerce,freedom partners chamber of commerce
9,False,0.8,children’s ctr,children’s law ctr of minnesota
10,False,0.95,arizona chamber of commerce and industry,arkansas state chamber of commerce
1,False,0.9,ctr for democracy and technology,ctr for media and democracy
2,False,0.8,family policy alliance of new jersey,new jersey family fdn
3,False,0.95,natl jewish advocacy ctr,natl pain advocacy ctr
4,False,0.9,league of women voters of the united states,united state of women
5,False,0.85,america’s frontline doctors,frontline policy council
6,False,0.95,olivet nazarene university,point loma nazarene university
7,False,0.95,greater new york hospital assn,ymca of greater new york
8,False,0.9,chambers of commerce,new jersey chamber of commerce
9,False,0.85,children and family justice ctr,children’s law ctr of massachusetts
10,False,0.9,assn county commissioners of georgia,minnesota assn of county land commissioners
1,False,0.9,central atlantic conference of the united church of christ,impact church of christ
2,False,0.8,community legal ctr,trinity legal ctr
3,False,0.95,sierra club,sierra health fdn
4,False,0.95,confederated tribes of the chehalis reservation,confederated tribes of the warm springs reservation of oregon
5,False,0.9,natl assn of tribal historic preservation officers,natl trust for historic preservation
6,False,0.95,disability rights florida,disability rights ohio
7,False,0.95,breas medical ab,texas medical assn
8,False,0.95,arkansas state chamber of commerce,chamber of commerce of the united states of america
9,False,0.95,federal defender for the district of arizona,federal public defender of oregon
10,False,0.85,children’s ctr,children’s law ctr of massachusetts
1,True,0.9,freedom fdn,freedom from religion fdn
2,False,0.8,inner city law ctr,partnership for inner-city education
3,False,0.7,cornell free speech alliance,free speech for people
4,False,0.9,fair housing ctr of washington,rental housing assn of washington
5,False,0.8,new england innocence project,new england legal fdn
6,False,0.95,american farm bureau fed,california farm bureau fed
7,False,0.95,illinois right to life,new jersey right to life
8,False,0.9,civil rights education and defense fund,women’s legal defense and education fund
9,False,0.85,natl health law program,women’s law project
10,False,0.9,freedom fdn of minnesota,minnesota 8
1,False,0.9,captive insurance companies assn,natl assn of mutual insurance companies
2,False,0.9,animal legal defense fund,life legal defense fdn
3,False,0.9,minority veterans of america,student veterans of america
4,False,1.0,district attorneys assn of the state of new york,new york state psychological assn
5,False,0.95,american farm bureau fed,north carolina farm bureau fed
6,True,0.95,office of the ohio public defender,ohio public defender
7,False,0.9,children’s ctr,children’s health defense
8,False,0.9,colorado state university,twelve state universities and state university systems
9,False,0.95,disability rights florida,disability rights louisiana
10,False,1.0,american trucking assn,mississippi college
1,False,0.9,natl louis university,saint louis university
2,False,0.8,freedom from religion fdn,islam and religious freedom action team (irf) of the religious freedom inst
3,False,0.7,california family council,family council and family policy inst
4,True,0.95,firearm policy coalition,firearms policy coalition
5,False,0.95,assn of the bar of the city of new york,healthcare assn of new york state
6,False,0.95,american trucking assn,kentucky coal assn
7,False,0.95,aclu of puerto rico,utah assn of criminal defense lawyers
8,False,0.85,american civil liberties union fdn,american civil liberties union of colorado
9,False,0.8,assn of prosecuting attorneys,michigan prosecuting attorneys assn
10,False,0.9,colorado right to life,louisiana right to life fed
1,False,0.7,community legal ctr,legal rights ctr
2,False,0.9,california school boards assn,iowa assn of school boards
3,False,0.6,open the government,tennessee coalition for open government
4,False,0.7,louisiana coalition for reproductive freedom,nfa freedom alliance
5,False,0.9,assn of the bar of the city of new york,medical soc of the state of new york
6,False,0.7,natl immigration law ctr,natl immigration litigation alliance
7,False,0.9,arizona coalition to end sexual and domestic violence,vermont network against domestic and sexual violence
8,True,0.95,feeding america,feeding america-eastern wisconsin
9,False,0.9,american energy inst,tricon energy
10,True,1.0,doctors without borders/medecins sans frontieres,médecins sans frontières / doctors without borders
1,False,0.9,american bar assn,lgbt bar assn of new york
2,False,0.9,hca healthcare,prime healthcare
3,False,0.95,d.c. assn of criminal defense lawyers,missouri org of defense lawyers
4,False,0.8,access justice,spark reproductive justice now!
5,False,0.85,central american resource ctr (carecen-la),central american resource ctr of northern ca-carecen sf
6,False,0.95,los angeles area chamber of commerce,roseburg area chamber of commerce
7,False,0.85,california attorneys for criminal justice,criminal defense org
8,False,0.8,assn for american innovation,innovation alliance
9,False,0.85,commonwealth second amendment,second amendment defense and education coalition
10,False,0.95,disability rights connecticut,disability rights tennessee
1,True,0.9,family fdn (tff) of virginia,family fdn of virginia
2,False,0.95,march for life,women’s march
3,False,0.7,san diego county gun owners,san diego county gun owners political action comm
4,False,0.95,american hospital assn,mississippi in action
5,False,0.9,southeastern legal fdn,southeastern ohio legal services
6,False,0.95,american financial services assn,native american finance officers assn
7,False,0.95,federal defender for the district of arizona,federal public defender district of nevada
8,False,0.9,faith and freedom fdn,justice and freedom fund
9,True,0.85,2556 operation outcry women injured by abortion,operation outcry
10,False,0.95,arizona chamber of commerce and industry,maryland chamber of commerce
1,False,0.7,asian pacific american gun owners assn,gun owners fdn
2,False,0.8,internet accountability project,internet assn
3,False,0.9,earlens,siemens corporation
4,False,0.8,defense of freedom inst,religious freedom inst
5,True,0.95,coalition ending gender based violence,coalition ending gender-based violence
6,False,0.9,heritage defense fdn,heritage university
7,False,0.9,operation save america,save the children
8,True,0.9,community legal services,community legal services of philadelphia
9,False,0.75,commonwealth second amendment,second amendment law ctr
10,False,0.7,ctr for reproductive rights,women’s reproductive rights assistance project
1,False,0.9,american assn of university women-michigan chapter,board of regents of the university of michigan
2,False,0.95,colorado psychological assn,indiana psychological assn
3,False,0.95,american bar assn,dominican bar assn
4,False,0.9,comm for children,comm for justice
5,False,0.9,disability rights advocates,disability rights ohio
6,False,0.9,independence inst,independent women’s law ctr
7,False,0.95,apartment assn of los angeles county,lgbtq+ lawyers assn of los angeles
8,False,0.9,asian pacific american gun owners assn,gun owners fdn.
9,False,0.95,arkansas assn of chiefs of police,california tribal police chiefs assn
10,False,0.9,central united methodist church,united methodist church general board of church and soc
1,False,0.7,ctr for human rights and constitutional law,human rights law network
2,False,0.8,kern family health care,unity health care
3,False,0.7,equal protection project of the legal insurrection fdn,resurrection project
4,False,0.9,american free enterprise chamber of commerce,natl black chamber of commerce
5,False,0.9,legal aid justice ctr,legal aid of nebraska
6,False,1.0,alabama trucking assn,california trucking assn
7,False,1.0,pueblo of santa clara,santa clara university
8,False,0.9,players assn of the natl basketball assn,women’s natl basketball players assn
9,False,1.0,alabama criminal defense lawyers assn,vermont assn of criminal defense lawyers
10,False,0.8,asian real estate assn of america,real estate roundtable
1,False,0.9,central atlantic conference of the united church of christ,rocky mountain conference of the united church of christ
2,False,0.95,protect our care,protect our gun rights
3,False,0.95,tampa bay rays,tampa bay tech
4,False,0.9,clean ocean action,clean water action
5,False,0.95,comm for children,inst for justice
6,False,0.95,chamber of commerce of the united states,veterans of the armed forces of the united states of america
7,False,0.9,disability rights connecticut,disability rights texas
8,False,0.9,unitarian universalist church,unitarian universalist service comm
9,False,0.9,california assn of realtors,minnesota realtors®
10,False,0.9,innocence project brasil,mt innocence project
1,False,0.8,civil rights org,emory civil rights soc
2,False,0.9,american civil liberties union fdn of virginia,american civil liberties union of georgia
3,False,0.9,coalition on homelessness and housing ohio,coalition on homelessness san francisco
4,False,1.0,asian american legal defense and education fund,eagle forum education and legal defense fund
5,False,1.0,arizona citizens defense league,connecticut citizens defense league
6,False,0.7,black women for wellness,ubuntu black women’s wellness collective
7,False,0.8,inst for free speech,tully ctr for free speech
8,False,0.9,catholic health assn of texas,texas assn of community health ctr
9,False,0.9,federal law enforcement officers assn,maine state law enforcement assn
10,False,0.8,b.e. technology,technology policy inst
1,False,0.9,freedom from religion fdn,islam and religious freedom action team of the religious freedom inst
2,False,0.7,american alliance for equal rights,equal rights advocates
3,False,0.95,mississippi college,mississippi in action
4,False,0.95,boise metro chamber of commerce,ohio chamber of commerce
5,False,0.8,american small business league,small business majority fdn
6,False,0.85,disability rights advocates,disability rights louisiana
7,True,0.95,connecticut innocence project,connecticut innocence project/post-conviction unit
8,False,0.95,emerson college,union college
9,False,0.8,natl small business assn,small business majority
10,False,0.95,american free enterprise chamber of commerce,west virginia chamber of commerce
1,False,0.9,nc asian american coalition,women nc
2,False,0.8,alliance for educational justice,alliance for justice
3,False,0.95,league of california cities,league of women voters of florida
4,False,0.95,arizona chamber of commerce and industry,san francisco chamber of commerce
5,False,0.85,dc coalition against domestic violence,washington coalition against domestic violence
6,False,0.9,defense of freedom inst,tax freedom inst
7,False,0.9,medical assn of georgia,natl medical assn
8,False,0.9,american civil liberties union fdn of northern california,american civil liberties union of washington
9,False,0.85,arizona coalition to end sexual and domestic violence,natl network to end domestic violence
10,False,0.95,michigan assn of counties,wisconsin counties assn
1,False,0.9,magellan technology,micron technology
2,False,0.9,energy infrastructure council,internet infrastructure coalition
3,False,0.95,federal public defender district of alaska,federal public defender for the district of arizona
4,False,0.85,north carolina public interest research grp citizen lobby,u.s. public interest research grp
5,False,0.9,american property owners alliance,gre downtowner
6,False,0.95,civil rights education and defense fund,nra civil rights defense fund
7,False,0.95,league of conservation voters,league of women voters of the united states
8,False,0.8,stand u.p.,stand with survivors
9,False,0.9,clark university,clarke university
10,True,0.95,mining minnesota,minnesota exploration assn. dba miningminnesota
1,False,0.9,community legal services,indiana legal services
2,False,0.8,frontline,frontline policy
3,False,0.7,unitarian universalist assn,unitarian universalists for social justice
4,False,1.0,aclu of pennsylvania,amerihealth caritas pennsylvania
5,False,1.0,constitution party,green party natl comm
6,False,0.9,california water clean network,natl assn of clean water agencies
7,True,0.95,population connection,population connection action fund
8,False,0.85,atlantic union conference of seventh-day adventists,general conference of seventh-day adventists
9,False,0.9,assn of corporate counsel,intl assn of defense counsel
10,False,0.95,ctr for children’s law and policy,ctr for intl environmental law
1,False,0.9,community legal services,youth oasis
2,False,0.7,independence inst,independent inst
3,False,0.95,americans united for life,asian americans united
4,False,0.95,iowa republican party,north carolina republican party
5,False,0.95,federal public defender district of guam,federal public defender for the district of alaska
6,False,0.9,aclu of massachusetts,massachusetts advocates for children
7,False,0.85,montana shooting sports assn,natl sports shooting fdn
8,False,0.9,inst for women’s policy research,nevada policy
9,False,0.9,assn of criminal defense lawyers of new jersey,vermont assn of criminal defense lawyers
10,False,0.95,county of orange,gun owners fdn
1,False,0.8,disability rights bar assn,disability rights ohio
2,False,0.7,american veterans,veterans legal inst
3,False,0.6,constitution party,constitutional natl comm
4,False,0.9,california chamber of commerce,maryland chamber of commerce
5,False,0.7,neighbors helping neighbors (new york),san antonio region justice for our neighbors
6,False,0.95,asian american bar assn of new york,new york state sheriffs’ assn
7,False,0.6,call,oklahoma call for reproductive justice
8,False,1.0,american legion,legion brewing co.
9,False,0.8,california assn of federal firearms licensees,federal firearms licensees of illinois
10,False,0.85,ctr for children’s law and policy,environmental law and policy ctr
1,False,0.9,northland family planning ctr,soc of family planning
2,False,0.7,fdn for michigan freedom,freedom fdn
3,False,0.95,voices for children in nebraska,voices for utah children
4,False,0.8,children’s ctr,children’s law ctr of california
5,False,0.9,freedom from religion fdn,religious inst
6,False,0.95,american public health assn,south asian network
7,True,0.99,chamber of commerce of the united states,chamber of commerce of the united states of america
8,False,0.85,american securities assn,north american securities administrators assn
9,False,0.95,arkansas school boards assn,south carolina school boards assn
10,False,0.9,california inst of technology,california manufacturers and technology assn
1,False,0.9,indiana hospital assn,south carolina hospital assn
2,False,0.8,media action ctr,women’s media ctr
3,False,0.85,j-vapor d/b/a north shore vapor,vertigo vapor. d/b/a baton vapor
4,False,0.9,colorado criminal defense bar,natl assn of criminal defense lawyers
5,False,0.95,conservative legal defense and education fund,lambda legal defense and education fund
6,False,0.9,freedom fdn of washington,natl legal fdn
7,False,0.95,league of women voters california,league of women voters of new york
8,False,0.95,american civil liberties union fdn of arizona,american civil liberties union fdn of virginia
9,False,0.9,american free enterprise chamber of commerce,orthodox jewish chamber of commerce
10,False,0.9,california water quality assn,north carolina water quality assn
1,False,0.9,bay area lawyers for individual freedom,ctr for individual rights
2,False,0.95,dc coalition against domestic violence,georgia coalition against domestic violence
3,False,1.0,aclu of puerto rico,pennsylvania assn of criminal defense lawyers
4,False,0.95,legal aid of north carolina,north carolina chamber legal inst
5,False,0.9,adamas pharmaceuticals,mylan pharmaceuticals
6,False,0.95,american civil liberties union fdn,american civil liberties union of massachusetts
7,False,0.95,arkansas state chamber of commerce,virginia chamber of commerce
8,True,1.0,california assn of realtors,california assn of realtors®
9,False,0.9,conservative legal defense and education fund,women’s equal rights legal defense and education fund
10,False,0.9,alliance san diego,lawyers club of san diego
1,False,0.7,ctr for popular democracy,ctr for popular democracy action
2,False,0.9,georgia coalition against domestic violence,hawai’i state coalition against domestic violence
3,False,0.95,alabama criminal defense lawyers assn,oregon criminal defense lawyers assn
4,False,0.95,asian pacific american bar assn of los angeles county,central city assn of los angeles
5,False,0.9,stand for georgia values,stand up michigan
6,False,0.85,ctr for environmental accountability,ctr for intl environmental law
7,False,0.8,community health choice,natl assn of community health ctr
8,False,0.95,arkansas school boards assn,pennsylvania school boards assn
9,False,0.95,american trucking assn,missouri trucking assn
10,False,0.85,advocates for human rights,equal rights advocates
1,False,0.7,aclu of kentucky fdn,family fdn (kentucky)
2,False,0.6,arizona prosecuting attorneys’ advisory council,assn of prosecuting attorneys
3,True,0.9,asian and pacific islander american health forum,asian and pacific islander health forum
4,False,0.5,american civil rights project,civil rights org
5,False,0.6,pioneer public interest law ctr,public interest law ctr
6,False,0.8,american civil liberties union fdn,american civil liberties union of missouri
7,False,0.7,family forum,michigan family forum
8,False,0.9,county of orange,fair housing council of orange county
9,False,0.7,ctr for environmental accountability,environmental law and policy ctr
10,False,0.6,alliance for justice,justice policy inst
1,False,0.3,century american regional ctr,century fdn
2,False,0.4,jewish alliance for law and social action,jewish social policy action network
3,False,0.2,natl alliance to end homelessness,west virginia coalition to end homelessness
4,False,0.9,colorado psychological assn,georgia psychological assn
5,False,0.1,american hospital assn,mississippi trucking assn
6,False,0.3,california wilderness coalition,wilderness soc
7,True,0.95,doctors for camp closure,doctors for camp closure (d4cc)
8,False,0.1,fond du lac band,lac du flambeau band of lake superior chippewa indians
9,False,0.3,girls,natl girls health and justice inst
10,False,0.6,hadassah the womens zionist org of america,zionist org of america
1,False,0.7,natl partnership for new americans,partnership for the advancement of new americans
2,False,0.9,asian pacific american labor alliance,natl council of asian pacific islander physicians
3,False,0.95,pueblo of santa clara,santa clara family health plan
4,True,0.95,u.s. public interest research grp,u.s. public interest research grp education fund
5,False,0.95,american hospital assn,louisiana hospital assn
6,False,0.9,gas and oil assn of west virginia,pennsylvania independent oil and gas assn
7,True,0.9,natl fed for the blind,natl fed of the blind-missouri
8,False,0.95,disability rights california,disability rights connecticut
9,False,0.8,american ctr for law and justice,freedom and justice fdn
10,False,0.9,american civil liberties union fdn,american civil liberties union of florida
1,False,0.9,natl bar assn,natl trans bar assn
2,False,0.8,america’s frontline doctors,frontline policy council (georgia)
3,False,0.9,digestive health physicians assn,physicians for reproductive health
4,False,0.95,american farm bureau fed,texas farm bureau
5,False,0.85,assn for government accountability,internet accountability project
6,False,0.8,presidential coalition,presidential women’s ctr
7,False,0.9,authors alliance,authors guild
8,False,0.95,alabama criminal defense lawyers assn,maine assn of criminal defense lawyers
9,False,0.95,assn of criminal defense lawyers of new jersey,oregon criminal defense lawyers assn
10,False,0.85,project rainbow,rainbow railroad
1,False,0.9,american civil liberties union of texas,arkansas civil liberties fdn
2,False,0.9,capital research ctr,women’s media ctr
3,False,0.8,natl fed of independent business,small business assn
4,False,0.95,league of women voters california,league of women voters maryland chapter
5,False,0.9,disability rights bar assn,disability rights michigan
6,False,0.85,ctr for law and military policy,military and veterans’ law inst
7,False,0.95,arizona republican party,republican party of new mexico
8,False,0.9,ctr for individual freedom,fdn for individual rights and expression
9,False,0.95,colorado criminal defense bar,utah assn of criminal defense lawyers
10,False,0.9,east bay community law ctr,east bay family defenders
1,False,0.9,georgia legal services program,natl veterans legal services program
2,False,0.7,aclu of mississippi,mississippi in action
3,False,0.6,american alliance for equal rights,citizens equal rights alliance
4,False,0.8,fairchild semiconductor intl,semiconductor industry assn
5,False,0.9,mississippi college,mississippi trucking assn
6,True,0.95,verizon,verizon communications
7,True,0.95,natl women’s soccer league players assn,players assn of the natl women’s soccer league
8,False,0.85,american farm bureau fed,oklahoma farm bureau legal fdn
9,False,0.85,american civil liberties union fdn,new york civil liberties union
10,False,0.7,arizona assn for justice,arizona justice project
1,True,0.9,protect democracy,protect democracy project
2,False,0.95,cuyahoga county public defender,harris county public defender’s office
3,False,0.6,freedom fdn,freedom fund
4,False,0.7,ctr for worker freedom,families for freedom
5,False,0.8,eagle forum fdn,pennsylvania eagle forum
6,False,0.7,american independent natl comm,independent voter project
7,False,0.8,natl family violence law ctr,sexual violence law ctr
8,True,1.0,pharmaceutical research and manufacturers of america,pharmaceutical research and manufacturers of america (phrma)
9,False,0.9,aclu of north carolina,equality north carolina
10,False,0.85,general conference of seventh-day adventists,seventh-day adventist church in canada
1,False,0.8,league of women voters,league of women voters of new york state
2,False,0.7,asociación de periodistas de puerto rico,puerto rico restaurant assn/asociación de restaurantes de puerto rico
3,False,0.9,chaplain alliance for religious liberty,lutheran ctr for religious liberty
4,False,0.9,natl fed of independent business,natl small business assn
5,True,1.0,state innovation exchange,state innovation exchange (six)
6,False,1.0,california school boards assn,virginia school boards assn
7,False,1.0,new mexico district attorneys assn,new mexico mining assn
8,False,0.9,arizona coalition to end sexual and domestic violence,washington coalition against domestic violence
9,True,0.95,american fuel and petrochemical manufacturers,american fuels and petrochemical manufacturers assn
10,False,0.95,intl assn of chiefs of police,wisconsin chiefs of police assn
1,False,0.95,aclu of minnesota,minnesota realtors®
2,False,0.9,assn of the bar of the city of new york,women’s bar assn of the state of new york
3,False,0.9,california policy ctr,violence policy ctr
4,False,0.9,care net,open net assn
5,True,0.95,pflag,pflag natl
6,False,0.9,american nurses assn,natl assn of catholic nurses-usa
7,False,0.95,pennsylvania manufacturers assn,west virginia trucking assn
8,False,0.9,equal justice ctr,global justice ctr
9,False,0.85,manchester innocence project,mt innocence project
10,False,0.95,american car rental assn,christian medical and dental assn
1,False,0.9,ctr for children’s law and policy,ctr for law and social policy
2,False,0.8,american ctr for law and justice,justice and freedom law ctr
3,True,0.95,adl (anti-defamation league),anti-defamation league of b’nai b’rith
4,False,0.95,disability rights connecticut,disability rights oregon
5,False,0.95,california trucking assn,nevada trucking assn
6,False,0.9,new american voices,new voices for reproductive justice
7,False,0.95,alaska right to life,natl right to work comm
8,False,0.9,american intellectual property law assn,kuta intellectual property law
9,False,0.85,public defender assn,public defender assn of iowa
10,False,0.95,dominican bar assn,marian university
1,False,0.9,american hospital assn,ri hospitality assn
2,False,0.95,american fed of state county and municipal employees afl-cio,american fed of teachers (afl-cio)
3,False,0.9,aclu fdn of arizona,aclu fdn of kansas
4,False,0.95,assn of criminal defense lawyers of new jersey,maine assn of criminal defense lawyers
5,False,0.85,natl assn of police org,natl police fdn
6,False,0.9,texas public interest research grp,u.s. public interest research grp
7,False,0.9,alliance for justice,mississippi justice inst
8,False,0.9,american farm bureau fed,state farm bureaus of minnesota
9,False,0.9,federal public and community defenders,federal public defender of oregon
10,False,0.9,general conference of seventh-day adventists,seventh-day adventist kinship intl
1,False,1.0,illinois coal assn,illinois hospital assn
2,True,0.9,natl taxpayers union,natl taxpayers union fdn
3,False,0.8,arizona coalition to end sexual and domestic violence,natl ctr on domestic and sexual violence
4,False,1.0,aclu of puerto rico,d.c. assn of criminal defense lawyers
5,False,0.9,council of independent colleges,independent council on women’s sport
6,False,1.0,chamber of commerce of the united states of america,veterans of the armed forces of the united states of america
7,False,0.9,j street,street democracy
8,False,0.7,small business and entrepreneurship council,small business assn
9,True,0.85,students for life action,students for life in america
10,False,0.8,new jersey public interest research grp citizen lobby,u.s. public interest research grp
1,False,0.95,aclu of the district of columbia,federal public defender for the district of guam
2,False,0.9,ctr for american progress,republican women for progress
3,False,0.9,catholics count,catholics for choice
4,False,0.95,dc coalition against domestic violence,iowa coalition against domestic violence
5,False,0.9,ctr for victims of torture,maryland crime victims resource ctr
6,True,0.99,federal public defender district of hawai’i,federal public defender for the district of hawaii
7,False,0.95,innocence project new york new york,new york life
8,False,0.85,assn for government accountability,government accountability project
9,False,0.9,apartment assn of los angeles county,central city assn of los angeles
10,False,0.9,alaska family action,family farm action alliance
1,False,0.9,american planning assn,chinese-american planning council.
2,False,0.9,catholic assn fdn,catholic bar assn
3,False,0.95,alameda county public defender,hamilton county public defender
4,True,0.9,democrats for life,democrats for life of america
5,False,0.85,family policy inst of washington,washington policy ctr
6,False,0.9,intl assn of chiefs of police,washington assn of sheriffs and police chiefs
7,True,0.95,united south and eastern tribes sovereignty protection fund,uset sovereignty protection fund
8,False,0.8,verizon,verizon services
9,False,0.9,american free enterprise chamber of commerce,nebraska chamber of commerce and industry
10,True,0.95,assn of oil pipe lines,assn of oil pipelines
1,True,0.9,american conservative union fdn,american conservative union fdn nolan ctr for justice
2,False,0.8,her justice,natl justice for our neighbors
3,False,0.9,first amendment coalition,pennsylvania ctr for the first amendment
4,False,0.95,arizona coalition to end sexual and domestic violence,georgia coalition against domestic violence
5,False,0.9,justice policy inst,maine heritage policy ctr
6,True,0.85,loaves and fishes,sacramento loaves and fishes
7,False,0.9,minnesota coalition against sexual assault,minnesota indian womens sexual assault coalition
8,False,0.95,rhode island assn of criminal lawyers,rhode island hospitality assn
9,False,0.7,internet accountability project,internet works
10,False,0.95,arizona chamber of commerce and industry,south carolina chamber of commerce
1,False,0.9,federal defender for the district of arizona,federal defenders for the middle district of alabama
2,False,0.95,apartment assn of los angeles county,asian pacific american bar assn of los angeles county
3,True,0.85,gas and oil assn of west virginia,west virginia oil and natural gas assn
4,False,0.95,assn of criminal defense lawyers of new jersey,puerto rico assn of criminal defense lawyers
5,False,0.9,disability rights education and defense fund,women’s equal rights legal defense and education fund
6,False,0.7,ctr for public justice,public justice ctr (maryland)
7,False,0.95,alabama criminal defense lawyers assn,florida assn of criminal defense lawyers-miami chapter
8,False,0.9,american mining rights assn,natl mining assn
9,False,0.9,central florida assn of criminal defense lawyers,natl assn of criminal defense lawyers
10,False,0.95,d.c. assn of criminal defense lawyers,ohio assn of criminal defense lawyers
1,False,0.9,alliance defending freedom,citizens defending freedom
2,False,0.8,immigrant legal ctr,natl immigrant justice ctr
3,False,1.0,aclu of massachusetts,trucking assn of massachusetts
4,True,0.85,assn for government accountability,fdn for government accountability
5,False,0.9,paterson education fund,reproaction
6,False,0.95,vanderbilt university,vanderbilt university medical ctr
7,False,1.0,tampa bay access force,tampa bay rays
8,False,0.9,arizona chamber of commerce and industry,united states chamber of commerce
9,False,1.0,american assn of university professors,american assn of university women
10,False,0.9,kentucky league of cities,natl league of cities
1,False,0.9,j n j construction,pride fdn
2,False,0.95,disability rights california,indiana disability rights
3,False,0.85,legal aid soc,legal aid soc of rockland county
4,False,0.95,league of california cities,league of women voters of california
5,False,0.9,american health care assn,american unity fund
6,True,0.95,susan b. anthony list,susan b. anthony pro-life america
7,False,0.95,aclu of puerto rico,georgia assn of criminal defense lawyers
8,True,0.99,diocesan migrant and refugee services,diocesan migrant and refugee services.
9,False,0.99,illinois sheriffs’ assn,oklahoma sheriffs’ assn
10,False,0.9,ghp management corporation,oak management corporation
1,False,0.9,colorado republican comm,natl republican senatorial comm
2,False,0.95,council of independent colleges,natl council on independent living
3,False,0.9,columbia college,columbia university
4,False,0.95,amica ctr for immigrant rights,children’s rights
5,True,0.85,downsize dc fdn.,downsize dc.org
6,True,0.8,catholicvote,catholicvote.org educational fund
7,False,0.95,ctr for american progress,ctr for medical progress
8,False,0.9,community legal services,pangea legal services
9,False,0.95,rocky mountain immigrant advocacy network,rocky mountain veterans advocacy project
10,False,0.9,stand up michigan,stand-up mobile
1,True,0.95,americans for immigrant justice,americans for immigrant justice (ai justice)
2,False,0.9,jewish council for public affairs,oklahoma council of public affairs
3,False,0.95,alameda county public defender,dallas county public defender’s office
4,False,0.95,indiana health care assn,north carolina healthcare assn
5,False,0.9,alliance for justice,pacific justice inst
6,False,0.95,natl louis university,washington university in st. louis
7,False,0.8,california water research,water
8,True,1.0,ujima.: the natl ctr on violence against women in the black community,ujima: the natl ctr on violence against women in the black community
9,False,0.9,arkansas state chamber of commerce,u.s. chamber of commerce fdn
10,True,0.9,frontier communications corporation,frontier communications parent
1,False,0.9,americans for peace now,veterans for peace
2,False,0.9,operation save america,save jobs usa
3,False,0.95,boise metro chamber of commerce,montana chamber of commerce
4,False,0.95,pennsylvania manufacturers assn,west virginia hospital assn
5,False,0.9,federal defender for the eastern district of california,federal public defender for the central district of california
6,True,0.95,league of women voters,league of women voters of south carolina
7,False,0.95,trinity college,washington university in st. louis
8,False,0.95,assn of american colleges and universities,assn of american medical colleges
9,False,0.95,mississippi college,mississippi public defenders assn
10,False,0.9,federal public defender district of nevada,federal public defender for the district of alaska
1,False,0.95,aclu of mississippi,mississippi trucking assn
2,False,0.95,colorado state university,iowa state university
3,False,0.9,federal defender for the eastern district of california,federal public defender for the district of arizona
4,False,0.9,new jersey assn of women lawyers,new jersey muslim lawyers assn
5,False,0.95,assn of criminal defense lawyers of new jersey,florida assn of criminal defense lawyers-miami chapter
6,False,0.9,aclu of kentucky fdn,family fdn
7,False,0.85,access reproductive justice,reproductive health access project
8,False,0.8,ctr for justice and freedom,freedom and justice fdn
9,False,0.9,texas city attorneys assn,texas district and county attorneys assn
10,False,0.9,disability rights new york,natl disability rights network
1,False,0.9,aclu fdn of texas,aclu of michigan
2,False,0.95,conservative legal defense and education fund,mexican american legal defense and educational fund
3,False,0.8,california water fdn,water
4,False,0.9,arizona county treasurers assn,michigan assn of county treasurers
5,False,0.9,georgia coalition against domestic violence,kansas coalition against sexual and domestic violence
6,False,0.9,kentucky league of cities,league of oregon cities
7,False,0.9,california assn of realtors®,wisconsin realtors assn
8,False,0.85,california employment law council,natl employment lawyers assn
9,False,0.85,new jersey second amendment soc,second amendment law ctr
10,False,0.9,e-watch,judicial watch
1,False,1.0,american car rental assn,american dental assn
2,False,0.9,access justice,reproductive justice action collective
3,False,0.9,asian american bar assn of new york,assn of the bar of the city of new york
4,False,1.0,american g.i. forum,louisiana family forum
5,False,0.95,american ctr for law and justice,software freedom law ctr
6,True,0.95,40 days for life,forty days for life
7,False,0.9,seattle mennonite church,u.t.o.p.i.a. seattle
8,False,1.0,assn of california cities-orange county,orange county coastkeeper
9,False,1.0,asian american legal defense and education fund,genital autonomy legal defense and education fund
10,False,1.0,conservative legal defense and education fund,transgender legal defense and education fund
1,False,0.9,california chamber of commerce,south carolina chamber of commerce
2,True,0.85,freeport-mcmoran,freeport-mcmoran oil and gas
3,False,0.95,military / veterans coalition of indiana,women’s coalition
4,True,0.95,oklahoma criminal defense lawyers assn,oklahoma criminal defense lawyer’s assn
5,False,0.9,dallas baptist university,first baptist church dallas
6,False,0.9,cameroon advocacy network,span parent advocacy network
7,False,0.9,american independent natl comm,independent inst
8,False,0.9,akanthos opportunity fund l.p.,corbin opportunity fund l.p.
9,False,0.85,california peace officers’ assn,california reserve peace officers assn
10,False,0.95,california chamber of commerce,united states chamber of commerce
1,False,0.9,colorado criminal defense bar,texas criminal defense lawyers assn
2,False,0.8,louisiana coalition for reproductive freedom,rhode island religious coalition for reproductive freedom
3,False,0.85,california state sheriffs assn,western states sheriffs’ assn
4,False,0.95,e-watch,human rights watch
5,False,0.9,league of women voters,michigan league of conservation voters
6,False,0.9,minnesota 8,minnesota family council
7,True,0.95,natl assn of home builders,natl assn of home builders of the u.s.
8,False,0.9,immigrant legal advocacy project,texas advocacy project
9,False,0.9,autonomic technologies,cfl technologies
10,False,0.9,california policy ctr,ctr for law and military policy
1,False,0.9,new jersey business and industry assn,oregon business and industry
2,False,0.9,california police chiefs assn,texas police chiefs assn
3,False,0.95,american assn of christian counselors,assn of american law schools
4,False,0.85,adamas pharmaceuticals,jazz pharmaceuticals
5,True,0.8,law enforcement action network,law enforcement action partnership
6,False,0.85,notre dame education law project,university of notre dame
7,False,0.9,aclu of north carolina,democracy north carolina
8,False,0.9,retired federal judges,retired florida judges and jurists
9,False,0.95,federal public defender district of alaska,federal public defender for the district of guam
10,True,0.9,march for our lives,march for our lives action fund
1,False,0.9,west virginia coal assn,west virginia trucking assn
2,False,0.9,hospitality maine,maine hospital assn
3,False,0.9,asian and pacific islander health forum,natl asian pacific american womens forum
4,True,0.95,washington lawyers’ comm,washington lawyers’ comm for civil rights and urban affairs
5,False,0.85,citizens comm for the right to keep and bear arms,mountain states legal fdn’s ctr to keep and bear arms
6,True,0.9,exoneration project,exoneration project chicago illinois
7,False,0.95,new hampshire assn of county attorneys,new hampshire medical soc
8,False,0.9,maryland family inst,public justice ctr (maryland)
9,False,0.9,bader family fdn,new jersey family fdn
10,True,0.95,2556 operation outcry women injured by abortion,operation outcry women injured by abortion
1,False,0.9,federal defender for the eastern district of california,federal public defender central district of california
2,False,0.95,inst for justice,mississippi college
3,False,0.85,natl assn of latino elected and appointed officials,natl assn of latino elected and appointed officials educational fund
4,False,0.7,ctr for justice and freedom,justice and freedom law ctr
5,False,0.95,arizona coalition to end sexual and domestic violence,iowa coalition against domestic violence
6,False,0.9,arizona chamber of commerce and industry,freedom partners chamber of commerce
7,False,0.8,act,act | the app assn
8,False,0.95,american trucking assn,oregon trucking assn
9,True,0.95,natl assn of catholic nurses u.s.a.,natl assn of catholic nurses-usa
10,False,0.95,league of conservation voters,league of women voters maryland chapter
1,True,0.95,veterans of foreign wars,veterans of foreign wars of the united states
2,False,0.3,interfaith alliance,united muslims of america interfaith alliance
3,False,0.1,american health care assn,plan c
4,False,0.2,american muslim bar assn,new york city bar assn
5,False,0.2,american public health assn,public health law ctr
6,True,0.9,catholic vote,catholicvote.org
7,False,0.3,military / veterans coalition of indiana,military and veterans’ law inst
8,False,0.1,naral pro-choice north carolina,south carolina school boards assn
9,False,0.2,hispanic natl bar assn,natl hispanic health fdn
10,True,0.85,d.c. assn of criminal defense lawyers,washington assn of criminal defense lawyers
1,False,0.9,louisiana republican party,republican party of arizona
2,False,0.9,assn of new jersey rifle and pistol clubs,new york state rifle and pistol assn
3,False,0.9,alabama ctr for law and liberty,wisconsin inst for law and liberty
4,False,0.95,assn of prosecuting attorneys,missouri assn of prosecuting attorneys
5,False,0.95,becket fund for religious liberty,lutheran ctr for religious liberty
6,False,0.95,colorado state university system,ohio state university
7,False,0.9,community legal services,compass family services
8,False,0.9,asian american fed,asian american legal fdn
9,False,0.9,ctr for alcohol policy,ctr for u.s. policy
10,True,0.95,american conservative union fdn nolan ctr for justice,nolan ctr for justice
1,False,0.9,american assn of school administrators,minnesota assn of school administrators
2,False,0.9,asian american legal defense and education fund,legal momentum
3,False,0.8,community legal services,veterans legal services
4,False,0.95,era minnesota,mining minnesota
5,False,0.95,children’s defense fund,children’s health defense
6,False,0.85,lgbtq bar assn of philadelphia,natl lgbtq+ bar assn
7,False,0.95,aclu of puerto rico,new mexico criminal defense lawyers assn
8,False,0.95,american university,union university
9,False,0.9,government accountability project,internet accountability project
10,False,0.9,hca healthcare,indiana health care assn
1,False,0.9,american free enterprise chamber of commerce,arizona chamber of commerce and industry
2,False,0.9,american muslim bar assn,new england muslim bar assn
3,False,0.8,michigan veterans fdn,veterans
4,False,0.95,natl fed for the blind,natl industries for the blind
5,False,0.9,fond du lac band,lac vieux desert band of lake superior chippewa indians
6,False,0.95,ohio chamber of commerce,san francisco chamber of commerce
7,False,0.9,alliance for law and liberty,wisconsin inst for law and liberty
8,False,0.95,american trucking assn,washington trucking assn
9,False,0.95,ctr for auto safety,ctr for food safety
10,False,0.9,ctr for medicine in the public interest,public interest law project
1,False,0.8,american civil liberties union,american civil liberties union of southern california
2,False,0.7,environmental org,tennessee environmental council
3,False,0.9,cuyahoga county public defender’s office,harris county public defender’s office
4,False,0.95,california state sheriffs assn,new york state vapor assn
5,False,0.8,muslim caucus of america,muslim legal fund of america
6,False,0.9,assn of washington business,california rental housing assn
7,False,0.9,u.s. virgin islands captive insurance assn,virgin islands bar assn
8,True,0.85,american assn of university women,american assn of university women of florida
9,False,0.85,maine education assn,maine women’s lobby
10,False,0.85,washington bar assn,washington defender assn
1,False,0.9,philanthropy ohio,philanthropy roundtable
2,True,0.8,latin america working grp,latin american working grp
3,True,0.85,aci-financial markets assn,asset management grp of the securities industry and financial markets assn
4,True,0.75,equality new york,equality new york fund
5,False,0.7,advocates for faith and freedom,wagner faith and freedom ctr
6,False,0.9,san francisco health plan,san francisco rising
7,False,0.95,antiochian orthodox christian archdiocese of north america,greek orthodox archdiocese of america
8,False,0.6,dignity alliance massachusetts,information dignity alliance
9,False,0.85,catholic charities dc,catholic charities usa
10,False,0.8,eagle forum education and legal defense fund,eagle forum of alabama
1,False,0.9,hc bioscience,igm biosciences
2,False,0.8,law enforcement action network,law enforcement officers
3,False,0.95,idaho coalition against sexual and domestic violence,oregon coalition against domestic and sexual violence
4,False,0.85,for freedoms,new yorkers for constitutional freedoms
5,True,0.95,fair and just prosecution,fair and just prosecution a project of the tides ctr
6,True,0.9,family fdn,family fdn (tff) of virginia
7,False,0.95,california school boards assn,missouri school boards’ assn
8,False,0.9,pathways to housing dc,pathways to housing pa
9,True,0.9,product liability advisory council,product liability advisory counsel
10,False,0.95,arizona chamber of commerce and industry,ohio chamber of commerce
1,False,0.7,gospel rescue mission fellowship,grants pass gospel rescue mission
2,False,0.9,equal protection project,legal insurrection fdn
3,True,0.95,taxpayers against fraud,taxpayers against fraud education fund
4,False,0.6,children’s rights,council for children’s rights
5,False,0.95,american assn of colleges of nursing,assn of american medical colleges
6,True,0.9,waterkeeper alliance,waterkeepers florida
7,False,0.6,410 texas women injured by abortion,operation outcry women injured by abortion
8,False,0.9,advocates for human rights,southern ctr for human rights
9,False,0.85,california assn of lawyers for education,california employment lawyers assn
10,False,0.95,candel therapeutics,juno therapeutics
1,True,0.95,d.c. assn of criminal defense lawyers,district of columbia assn of criminal defense lawyers
2,False,0.3,family council and family policy inst,family policy alliance
3,False,0.4,maine coalition to end domestic violence,natl network to end domestic violence
4,False,0.2,access connecticut now,access now
5,False,0.1,american assn of public health physicians,south asian public health assn
6,False,0.3,assn of california water agencies,northern california water assn
7,False,0.5,family inst of connecticut,family inst of connecticut action
8,False,0.3,pro-life action ministries,pro-life texas
9,True,0.9,american vape company,american vape company d/b/a ludicrous distro
10,False,0.2,assn of california water agencies,clean water action
1,False,0.9,ctr for investigative reporting (d/b/a reveal),mississippi ctr for justice
2,True,0.95,asian pacific american labor alliance,asian pacific american labor alliance afl-cio
3,False,0.9,florida legal fdn,intl legal forum
4,False,0.95,kentucky smoke free assn,tennessee smoke free assn
5,False,0.9,housing alliance de,natl fair housing alliance
6,False,0.9,oklahoma criminal defense lawyers assn,oklahoma defense lawyers assn
7,False,0.95,natl assn of chiefs of police,natl police accountability project
8,False,0.9,california chamber of commerce,freedom partners chamber of commerce
9,False,0.95,arizona prosecuting attorneys’ advisory council,indiana prosecuting attorneys council
10,False,0.9,american islamic conference,american islamic congress
1,False,0.9,natl academy of education,wel education grp
2,False,0.95,california chamber of commerce,intl chamber of commerce of switzerland
3,False,0.95,west virginia coal assn,west virginia hospital assn
4,False,0.85,pennsylvania public interest research grp,u.s. public interest research grp education fund
5,False,0.95,california trucking assn,west virginia manufacturers assn
6,False,0.9,colorado criminal defense bar,georgia assn of criminal defense lawyers
7,False,0.8,central alabama fair housing ctr,housing justice ctr
8,False,0.85,african communities together,georgia advancing communities together
9,True,0.9,natl alliance on mental illness,natl alliance on mental illness of texas
10,False,0.9,naacp,naacp legal defense and education fund.
1,False,0.8,asian americans for equality,san diego asian americans for equality
2,False,0.7,american heritage schools,chinese american heritage assn
3,False,0.9,assn of criminal defense lawyers of new jersey,florida assn for criminal defense lawyers
4,True,0.95,legal aid soc,legal aid soc of san mateo county
5,False,0.8,assn of classical christian schools,classical charter schools of america
6,False,0.9,arkansas assn of chiefs of police,washington state assn of sheriffs and police chiefs
7,False,0.7,asian american fed,asian american voters
8,False,0.9,adamas pharmaceuticals,mylan pharmaceutical industry co.
9,False,0.95,california catholic conference,pennsylvania catholic conference
10,False,0.85,california assn of nonprofits,washington nonprofits
1,False,0.9,freedom ctr fdn,idaho freedom fdn
2,False,0.95,american bakers assn,american bankers assn
3,False,0.95,league of california cities,league of women voters florida
4,False,0.8,louisiana coalition for reproductive freedom,reproductive freedom alliance
5,False,0.9,american assn of state colleges and universities,connecticut state colleges and universities
6,False,0.95,american bakers assn,independent inst
7,False,0.95,federal defender for the eastern district of california,federal public defender for the northern district of california
8,False,0.95,alameda county public defender,franklin county public defender
9,True,0.9,assn of the bar of the city of new york,new york city bar assn
10,False,0.95,christian law assn,christian medical assn
1,False,0.9,eastern michigan university,university of michigan
2,False,0.9,disability rights connecticut,disability rights nebraska
3,True,0.95,california employment lawyers assn,california employment lawyers’ assn
4,False,0.95,colorado psychological assn,louisiana psychological assn
5,False,0.7,2556 operation outcry women injured by abortion,women injured by abortion
6,True,0.9,islam and religious freedom action team of the religious freedom inst,islam and religious freedom action team religious freedom inst
7,False,0.8,good shepherd ctr,good shepherd lutheran church
8,True,0.95,mozilla,mozilla corporation
9,False,0.9,assn of washington business,rental housing assn of washington
10,False,0.9,cincinnati assn for the blind and visually impaired,lighthouse for the blind and visually impaired of san francisco
1,False,0.9,d.c. assn of criminal defense lawyers,illinois assn of criminal defense lawyers
2,False,0.7,government accountability project,public accountability
3,False,0.9,gun owners of america,owners’ counsel of america
4,True,0.95,louis d. brandeis ctr,louis d. brandeis ctr for human rights under law
5,False,0.9,assn of washington business,california business properties assn
6,False,0.95,asociación de periodistas de puerto rico,colegio de abogados y abogadas de puerto rico (puerto rico bar assn)
7,False,0.9,rocky mountain innocence ctr,rocky mountain veterans advocacy project
8,False,0.95,new mexico hospital assn,new mexico sheriffs’ assn
9,False,0.9,north dakota family alliance,north dakota farm bureau
10,False,0.85,first amendment coalition,first amendment lawyers assn
1,False,0.9,protect our aquifer,protect our care
2,False,0.8,e-watch,rights watch intl
3,False,0.9,american free enterprise chamber of commerce,longview chamber of commerce
4,False,0.9,faith and freedom fdn,freedom of the press fdn
5,True,0.95,council on american-islamic relations,council on american-islamic relations-oklahoma chapter
6,True,0.95,islam and religious freedom action team,islam and religious freedom action team (irf) of the religious freedom inst
7,False,0.9,faith and freedom fdn,freedom and justice fdn
8,False,0.95,central florida assn of criminal defense lawyers,texas criminal defense lawyers assn
9,True,0.95,league of women voters,league of women voters of arizona
10,False,0.85,california attorneys for criminal justice,criminal defense attorneys
1,False,0.9,american free enterprise chamber of commerce,california chamber of commerce
2,False,0.8,aclu of north carolina,north carolina justice ctr
3,False,0.95,american civil liberties union fdn,american civil rights union
4,False,0.95,california chamber of commerce,ohio chamber of commerce
5,False,0.9,chicago coalition for the homeless,natl coalition for homeless veterans
6,False,0.9,constitution project,project on government oversight
7,False,0.95,aclu of florida,aclu of washington
8,False,0.85,california innocence project; ctr on wrongful convictions,ctr on wrongful convictions of youth
9,False,0.9,alabama coalition for immigrant justice,natl immigrant justice ctr
10,False,0.85,equal voice network,rio grande valley equal voice network
1,False,0.9,cascade aids project,cascades projection
2,True,0.95,league of women voters,league of women voters united states
3,False,0.95,american medical assn,assn of american medical colleges
4,False,1.0,california water quality assn,equality north carolina
5,False,0.9,american target advertising,argent
6,False,1.0,colorado psychological assn,new york state bar assn
7,False,0.95,california school boards assn,mississippi school boards assn
8,False,0.95,illinois right to life,sc right to life
9,False,0.95,dominican bar assn,dominican university
10,False,0.9,freedom from religion fdn,natl comm for religious freedom
1,False,0.9,jewish coalition for religious liberty,lutheran ctr for religious liberty
2,False,0.9,black public defender assn,ohio public defender
3,False,0.8,stand u.p.,stand-up mobile
4,False,0.85,alabama policy inst,justice policy inst
5,True,0.95,league of women voters,league of women voters of alabama
6,True,0.9,catholic conferences of tennessee,tennessee catholic conference
7,False,0.95,federal public defender district of nevada,federal public defender for the district of oregon
8,False,0.9,indiana smoke free alliance,missouri smoke free
9,False,0.85,middle rio grande conservancy district,rio grande fdn
10,True,0.95,u.s. inventor,us inventor
1,False,0.6,wind of spirit,wind of the spirit immigrant resource ctr
2,False,0.8,community health systems,temple university health system
3,False,0.9,georgia coalition against domestic violence,mississippi coalition against domestic violence
4,False,0.7,american independent natl comm,independence inst
5,False,0.95,jewish war veterans of the united states of america,veterans of foreign wars
6,False,0.7,american firearms assn,buckeye firearms assn
7,True,0.95,colegio de abogados y abogadas de puerto rico,colegio de abogados y abogadas de puerto rico (puerto rico bar assn)
8,False,0.85,michigan realtors®,natl assn of realtors
9,False,0.9,consumer reports,natl consumer reporting assn
10,False,0.6,freedom from religion fdn,freedom x
1,False,0.9,american small business league,small business majority
2,False,0.8,fair housing advocates assn,natl fair housing alliance
3,False,0.9,fond du lac band,red cliff band of lake superior chippewa indians
4,False,0.9,freedom leadership conference,hispanic leadership fund
5,False,0.7,lilith fund for reproductive equity,reproductive equity now
6,False,0.95,american bankers assn,inst of intl bankers
7,False,0.95,arkansas school boards assn,michigan assn of school boards
8,False,0.85,flandreau santee sioux tribe,santee sioux nation
9,False,0.9,legacy fdn,legacy medical transport
10,False,0.95,new hampshire medical soc,new hampshire right to life
1,False,0.9,american hospital assn,illinois coal assn
2,False,0.9,alabama policy inst,illinois policy inst
3,True,0.95,american vaping manufacturers assn,american vapor manufacturers assn
4,False,0.9,assn of prosecuting attorneys,hawaii prosecuting attorneys assn
5,False,0.85,california gun rights fdn,natl fdn for gun rights
6,False,0.9,asian pacific american gun owners assn,minnesota gun owners caucus
7,False,0.85,cornell death penalty project,ctr for death penalty litigation
8,False,0.95,mexican american legal defense and educational fund,naacp legal defense and educational fund
9,False,0.8,equal justice ctr,justice soc
10,False,0.95,american assn of christian counselors,american assn of christian schools
1,False,0.9,american assn of university women,brown university
2,False,0.9,new wave feminists,wave life sciences
3,False,0.8,reporters comm for freedom of the press,women’s inst for freedom of the press
4,False,0.9,arizona chamber of commerce and industry,virginia chamber of commerce
5,True,0.95,cisco,cisco systems
6,False,0.9,assn of criminal defense lawyers of new jersey,florida assn for criminal defense lawyers-miami chapter
7,False,0.85,nonprofit alliance,nonprofit assn of washington
8,False,0.85,soc of the united methodist church,western jurisdiction of the united methodist church
9,True,0.9,dri,dri ctr for law and public policy
10,False,0.95,aclu of mississippi,community health ctr assn of mississippi
1,False,0.8,assn of prosecuting attorneys,west virginia prosecuting attorneys inst
2,False,0.7,first amendment clinics,pennsylvania ctr for the first amendment
3,True,0.95,natl assn of chapter 13 trustees,natl assn of chapter thirteen trustees
4,False,0.6,410 texas women injured by abortion,women injured by abortion
5,False,0.9,children and family justice ctr,natl children’s cancer soc
6,False,0.7,christian professional photographers,professional photographers of america
7,False,0.85,catholic health assn,catholic health assn of texas
8,False,0.9,natl apartment assn,san francisco taxpayers assn
9,False,0.95,alabama criminal defense lawyers assn,north dakota assn of criminal defense lawyers
10,False,0.75,ctr for consumer law and education,education law ctr
1,False,0.8,american civil liberties union,american civil liberties union of nevada
2,False,0.7,american farm bureau fed,state farm bureaus of nebraska
3,False,0.6,upmc,upmc health plan
4,False,0.9,call,ctr for auto safety
5,True,0.9,islam and religious freedom action team,islam and religious freedom action team of the religious freedom inst
6,True,0.95,nielsen company,nielsen company (us)
7,False,0.9,eastern michigan university,southeastern university
8,False,0.8,american independent natl comm,independent health plan
9,False,0.95,apartment owners assn of california,gun owners fdn.
10,False,0.85,american vapor manufacturers assn,natl assn of manufacturers
1,False,0.8,casa,casa de esperanza
2,False,0.9,eagle forum education and legal defense fund,eagle forum of georgia
3,False,0.7,due process inst,jane’s due process
4,False,0.6,institutional religious freedom alliance,natl comm for religious freedom
5,False,0.7,intl legal forum,natl legal fdn
6,False,0.9,fraternal order of police united states park police labor comm,united states capitol police labor comm
7,False,0.7,alliance for catholic health care,catholic health care leadership alliance
8,False,1.0,d.c. assn of criminal defense lawyers,kentucky assn of criminal defense lawyers
9,False,1.0,cuyahoga county public defender,dallas county public defender’s office
10,False,0.9,mental health america,natl rural health assn
1,False,0.9,central florida assn of criminal defense lawyers,oklahoma criminal defense lawyers assn
2,False,0.9,american bar assn,hispanic natl bar assn
3,False,0.8,action for life,students for life of america
4,False,0.8,ctr for justice and freedom,freedom fdn of minnesota
5,False,0.9,american free enterprise chamber of commerce,kentucky chamber of commerce
6,False,0.9,apa watch,wetlands watch
7,False,0.85,minnesota farm bureau fed,state farm bureaus of minnesota
8,False,0.85,ctr for american liberty,young americans for liberty
9,False,0.9,justice at work,legal aid soc
10,False,0.9,american medical student assn,american medical women’s assn
1,False,0.6,latin america working grp,latin american working grp education fund
2,False,0.8,american nurses assn,massachusetts nurses assn
3,False,1.0,americans united for life,asian americans for equality
4,False,1.0,kentucky league of cities,league of women voters of california
5,False,1.0,california tribal police chiefs assn,florida police chiefs assn
6,False,0.9,ctr for family and human rights,european ctr for constitutional and human rights
7,False,0.9,americans against gun violence,prosecutors against gun violence
8,False,0.7,amica ctr for immigrant rights,virginia coalition for immigrant rights
9,True,0.95,earlens,earlens corporation
10,False,0.8,community legal services,pegasus legal services for children
1,False,0.9,jewish war veterans of the u.s.a,veterans of foreign wars of the united states
2,False,0.8,american intellectual property law assn,houston intellectual property law assn
3,False,0.6,community legal services,family and community services
4,False,0.7,ctr for justice and freedom,faith and freedom fdn
5,True,0.95,community legal services,community legal services in east palo alto
6,False,0.9,b.e. technology,justice policy inst
7,True,0.9,natl fed for the blind,natl fed of the blind-washington
8,False,0.95,assn of arkansas counties,texas assn of counties
9,False,0.95,greater new york hospital assn,new york state bar assn
10,False,0.8,e-watch,family watch intl
1,False,0.9,league of california cities,league of women voters texas
2,True,0.8,nebraska farm bureau fed,state farm bureaus of nebraska
3,False,0.95,assn of criminal defense lawyers of new jersey,north dakota assn of criminal defense lawyers
4,False,0.9,ctr for justice and accountability,internet accountability project
5,True,0.95,stockbridge munsee community,stockbridge-munsee band of mohicans indians
6,False,0.95,palmetto state abortion fund,palmetto state armory
7,False,0.7,civil rights corps,civil rights org
8,False,0.85,heartland inst,summit heartland d/b/a heartland builders co.
9,False,0.95,california farm bureau,colorado farm bureau
10,False,0.85,columbia union conference of seventh-day adventists,general conference of the seventh-day adventist church
1,False,0.8,assn of prosecuting attorneys,south carolina prosecuting attorneys assn
2,False,0.7,criminal justice legal fdn,united states justice fdn
3,False,0.9,american encore,euclid fiduciary
4,False,0.9,american free enterprise chamber of commerce,new jersey chamber of commerce
5,False,0.9,amerihealth caritas pennsylvania,hias pennsylvania
6,False,0.8,asian american community services,lantern community services
7,False,0.8,ctr for american liberty,young americans for freedom
8,False,0.95,league of california cities,league of women voters
9,False,0.7,freedom ctr fdn,freedom fdn of washington
10,False,0.85,catholic medical assn,christian medical assn
1,False,0.9,hands across the aisle,hands across the water
2,False,0.95,west virginia chamber of commerce,west virginia trucking assn
3,False,0.85,ctr for law and military policy,military-veterans advocacy
4,False,0.95,buckeye firearms assn,buckeye inst
5,False,0.8,american constitutional rights union,natl constitutional law union
6,False,0.95,california chamber of commerce,virginia chamber of commerce
7,False,0.95,central florida assn of criminal defense lawyers,georgia assn of criminal defense lawyers
8,False,0.85,american civil rights project,lawyers for civil justice
9,True,0.9,60 plus assn,60 plus fdn
10,False,0.95,california farm bureau,washington farm bureau
1,False,0.9,indiana republican party,republican party of arizona
2,False,1.0,citizens united,latin american assn
3,False,0.85,american trucking assn,western states trucking assn
4,False,0.9,natl assn of manufacturers,pennsylvania manufacturers assn
5,True,0.95,casa,casa de maryland
6,False,0.8,85 religious org,religious freedom inst
7,False,0.95,d.c. assn of criminal defense lawyers,idaho assn of criminal defense lawyers
8,True,1.0,jetblue airways,jetblue airways corporation
9,False,0.9,faith and freedom fdn,idaho freedom fdn
10,False,0.95,catholic charities of the diocese of arlington,catholic charities of the diocese of springfield in illinois
1,False,0.9,natl abortion fed,natl health fed
2,False,0.7,protect democracy,street democracy
3,True,1.0,federal public defender district of alaska,federal public defender for the district of alaska
4,False,0.8,alliance for catholic health care,catholic bar assn
5,True,0.95,district attorneys’ assn of georgia,georgia district attorneys assn
6,False,0.9,government accountability project,internet assn
7,False,0.85,american civil liberties union fdn,civil liberties defense ctr
8,False,0.8,natl patient advocate fdn,public advocate fdn
9,False,0.75,american firearms assn,firearms policy fdn
10,False,0.7,clarity women’s ctr,women’s ctr
1,False,0.9,d.c. assn of criminal defense lawyers,montana assn of criminal defense lawyers
2,False,0.8,natl fed of independent business small business legal ctr,small business assn
3,False,0.9,allergy and asthma network,american academy of allergy asthma and immunology
4,False,0.9,connecticut criminal defense attorneys assn,criminal defense attorneys of michigan
5,False,0.9,atlanta legal aid soc,legal aid soc of rockland county
6,False,0.8,animal defense partnership,global animal partnership
7,False,0.9,american vapor manufacturers assn,natl electrical manufacturers assn
8,False,0.95,johnson and johnson,johnson controls
9,False,0.7,military women’s coalition,women’s coalition
10,False,0.9,intl assn of chiefs of police,washington state sheriffs assn
1,False,0.9,illinois coalition against sexual assault,minnesota coalition against sexual assault
2,True,0.95,miramar labs,miramarlabs
3,False,0.85,american exploration and mining assn,american mining rights assn
4,True,0.9,american civil liberties union fdn of northern california,american civil liberties union of northern california
5,False,0.9,arizona coalition to end sexual and domestic violence,new jersey coalition to end domestic violence
6,False,0.8,administer justice,gender justice
7,False,0.8,coalition to stop violence against native women,native alliance against violence
8,False,0.9,idaho conservation league,league of conservation voters
9,True,0.95,project 21 black leadership network,project21 black leadership network
10,False,0.85,illinois family inst,justice policy inst
1,False,0.3,small business assn,small business owners and operators
2,False,0.9,inst for women’s policy research,manhattan inst
3,False,0.7,natl bar assn,natl conference of women’s bar assn
4,True,1.0,texas equal access fund,texas equal access fund (tea fund)
5,False,0.9,alabama criminal defense lawyers assn,assn of criminal defense lawyers of new jersey
6,False,0.8,consumer credit industry assn,consumer data industry assn
7,False,0.6,unitarian universalist church,unitarian universalist massachusetts action network
8,False,0.5,central district consumer bankruptcy attorney assn,natl consumer bankruptcy rights ctr
9,False,0.9,assn of criminal defense lawyers of new jersey,pennsylvania assn of criminal defense lawyers
10,False,0.7,community against violence,native alliance against violence
1,False,0.9,aclu of the district of columbia,public defender service for the district of columbia
2,False,0.95,colorado psychological assn,new york state psychological assn
3,False,0.85,lifeline children’s services,natl lifeline assn
4,False,0.9,aclu of mississippi,shero mississippi
5,False,0.9,idaho coalition against sexual and domestic violence,natl ctr on domestic violence trauma and mental health
6,False,0.95,disability rights connecticut,disability rights ohio
7,False,0.95,alabama criminal defense lawyers assn,ohio assn of criminal defense lawyers
8,False,0.8,hc bioscience,ipsen bioscience
9,False,0.9,illinois family inst,illinois policy inst
10,False,0.85,american constitutional rights union,interamerican inst for constitutional rights
1,False,0.3,ctr for worker freedom,for freedoms
2,False,0.9,california state sheriffs assn,washington state sheriffs assn
3,False,0.4,60plus american assn of senior citizens,senior citizen league
4,False,0.7,american civil liberties union fdn,american civil liberties union of washington
5,False,0.5,american small business league,natl fed of independent business small business legal ctr
6,False,0.8,southern poverty law ctr,virginia poverty law ctr
7,False,0.6,america first legal,america first policy inst
8,True,0.85,dri,dri-ctr for law and public policy
9,False,0.95,league of california cities,league of women voters of new york
10,False,0.4,ctr for justice and accountability,public accountability
1,False,0.3,inst for policy integrity,integrity inst
2,False,0.9,nc family policy council,west virginia family policy council
3,False,0.7,catholic education partners,natl catholic educational assn
4,False,0.95,california state sheriffs assn,michigan sheriffs’ assn
5,False,0.95,disability rights connecticut,disability rights louisiana
6,False,0.95,asian real estate assn of america,real estate board of new york
7,False,0.95,american civil liberties union fdn of northern california,american civil liberties union of north carolina legal fdn
8,False,0.9,american academy of nursing,american assn of colleges of nursing
9,False,0.95,american civil liberties union fdn,american civil liberties union of texas
10,False,0.9,environmental advocates,environmental defense fund
1,False,0.3,james madison ctr for free speech,james madison inst
2,False,0.9,federal defender for the eastern district of california,federal public defender for the western district of washington
3,False,0.8,american intellectual property law assn,new york intellectual property law assn
4,False,0.9,federal defender for the district of arizona,federal public defender district of alaska
5,False,0.95,airlines for america,united airlines
6,False,0.2,ctr for intl environmental law,environmental org
7,False,0.2,ctr for children’s law and policy,military and veterans’ law inst
8,False,0.3,freedom fdn of washington,qlaw fdn of washington
9,True,0.95,league of women voters of the united states,league of women voters united states
10,False,0.4,maryland public policy inst,public policy legal inst
1,False,0.8,apa watch,family watch intl
2,False,0.7,military women’s coalition,women’s ctr
3,False,0.9,american college of pediatricians,american college of physicians
4,False,0.8,asian pacific american labor alliance,natl asian pacific american womens forum
5,False,1.0,anderson university,elon university
6,True,1.0,hadassah the womens zionist org of america,hadassah the women’s zionist org of america
7,False,0.6,ctr for public justice,public justice ctr
8,False,1.0,arkansas state chamber of commerce,natl black chamber of commerce
9,False,0.7,ctr for american rights,ctr on reproductive rights and justice
10,False,0.8,aclu of massachusetts,children’s law ctr
1,False,0.9,fond du lac band,lac courte oreilles band of lake superior chippewa indians
2,False,0.9,california assn of lawyers for education,california dui lawyers assn
3,False,0.7,environmental fed of oklahoma,environmental org
4,True,0.95,general conference of seventh-day adventists,general conference of the seventh-day adventist church
5,False,0.6,freedom ctr fdn,freedom fdn
6,False,0.7,internet assn,internet creators
7,False,0.95,aclu fdn of arizona,aclu fdn of texas
8,False,0.9,california constitutional rights fdn,women for gun rights
9,False,0.95,american dental assn,christian medical assn
10,False,0.95,dc coalition against domestic violence,pennsylvania coalition against domestic violence
1,False,0.6,digital media assn,digital media licensing assn
2,False,0.9,defender assn of philadelphia,sisters of st. francis of philadelphia
3,False,0.95,federal defender for the district of arizona,federal public defender for the district of hawaii
4,False,0.9,american assn for justice,american ctr for law and justice
5,False,0.95,county of orange,orange county coastkeeper
6,False,0.7,equal justice soc,justice soc
7,True,0.95,askeladden,askeladden l.l.c.
8,False,0.95,michigan assn of counties,texas assn of counties
9,True,0.95,lambda legal,lambda legal defense and education fund
10,False,0.95,greater new york hospital assn,lgbt bar assn of greater new york
1,True,0.9,district attorneys assn of the state of new york,new york state district attorneys assn
2,False,0.8,in the public interest,new york lawyers for the public interest
3,False,0.9,american nurses assn,natl assn of school nurses
4,False,0.95,american bar assn,natl asian pacific american bar assn
5,False,0.9,american academy of family physicians,american academy of physician associates
6,False,0.9,american free enterprise chamber of commerce,greater pensacola chamber of commerce
7,False,0.7,compass family services,new hope
8,False,0.6,cornell free speech alliance,free speech advocates
9,False,0.95,dallas baptist university,missouri baptist university
10,False,0.95,dallas county public defender’s office,federal public defender for the district of oregon
1,False,0.9,california water fdn,northern california water assn
2,False,0.7,lawyers defending american democracy,lawyers democracy fund
3,False,0.95,arkansas state chamber of commerce,west virginia chamber of commerce
4,False,0.6,children and family justice ctr,ctr for children’s law and policy
5,True,0.95,dr. james dobson family inst,james dobson family inst
6,False,0.95,california state sheriffs assn,new york state sheriffs’ assn
7,False,0.6,aldea-the people’s justice ctr,people’s justice council
8,False,0.9,american muslim bar assn,dfw muslim bar assn
9,False,0.85,lgbt bar assn of new york,natl lgbtq+ bar assn
10,False,0.9,disability rights advocates,disability rights maryland
1,False,0.6,children’s ctr,ctr for children’s law and policy
2,False,0.5,american cornerstone inst,cornerstone action
3,True,0.9,natl fed for the blind,natl fed of the blind-florida
4,False,0.9,council of independent colleges,independent women’s forum
5,False,0.95,maine education assn,maine hospital assn
6,False,0.8,ctr for public justice,maryland public policy inst
7,False,0.95,apartment assn of greater los angeles,asian pacific american bar assn of los angeles county
8,False,0.95,aids healthcare fdn,prime healthcare
9,True,0.85,presbyterians affirming reproductive choice,presbyterians affirming reproductive options
10,False,0.7,central district consumer bankruptcy attorney assn,natl consumer law ctr
1,False,0.9,pennsylvania manufacturers assn,west virginia coal assn
2,True,0.95,american fed of teachers,american fed of teachers afl-cio
3,False,0.7,ctr for the human rights of children,ctr for the rights of abused children
4,False,0.9,dc coalition against domestic violence,utah domestic violence coalition
5,False,0.95,american health care assn,kern family health care
6,False,0.9,farm action,farm aid
7,False,0.85,geisinger,geisinger health plan
8,False,0.9,georgia conservation voters education fund,montana conservation voters education fund
9,False,0.8,illinois right to life,right to life
10,False,0.85,immigrant legal advocacy project,women’s and children’s advocacy project
1,False,0.8,legal aid soc,legal aid soc of mid-new york
2,False,0.9,assn of southern california defense counsel,fed of defense and corporate counsel
3,False,0.85,manufactured housing inst,western manufactured housing communities assn
4,False,0.95,council of independent colleges,independent council on women’s sports
5,False,0.7,freedom ctr fdn,freedom x
6,False,0.95,american hospital assn,missouri hospital assn
7,False,0.95,south dakota states attorneys assn,south dakota trucking assn
8,False,0.9,catholic medical assn,medical assn of georgia
9,False,0.95,illinois sheriffs’ assn,western states trucking assn
10,False,0.85,american constitutional rights union,forum for constitutional rights
1,False,0.9,aids healthcare fdn,hca healthcare
2,False,0.95,aclu of puerto rico,vermont assn of criminal defense lawyers
3,False,0.95,illinois sheriffs’ assn,virginia sheriffs assn
4,True,0.8,foundry,foundry grp
5,True,0.9,federal defenders of eastern washington,federal defenders of eastern washington and idaho
6,False,0.9,goldentree asset management lp,trillium asset management
7,False,0.95,greater new york hospital assn,lgbt bar assn of new york
8,True,0.95,ethics and religious liberty commission,ethics and religious liberty commission of the southern baptist convention
9,False,0.95,assn of criminal defense lawyers of new jersey,d.c. assn of criminal defense lawyers
10,False,0.9,central atlantic conference of the united church of christ,wellington avenue united church of christ
1,False,0.7,wagner ctr,wagner faith and freedom ctr
2,False,0.6,justice for our neighbors el paso,san antonio region justice for our neighbors
3,False,0.8,dream corps justice,immigrant justice corps
4,False,0.7,california county gun owners,gun owners fdn.
5,False,0.9,alabama legislative black caucus,california legislative women’s caucus
6,False,0.7,california change lawyers,california lawyers assn
7,False,0.6,american alliance for equal rights,natl equal rights amendment alliance
8,False,0.6,alaskans for property rights,conservatives for property rights
9,False,0.8,arkansas state chamber of commerce,orthodox jewish chamber of commerce
10,False,0.9,alabama criminal defense lawyers assn,washington assn of criminal defense lawyers
1,False,0.9,natl education assn,wel education grp
2,False,0.95,georgia coalition against domestic violence,south carolina coalition against domestic violence and sexual assault
3,False,0.95,elon university,malone university
4,False,0.9,asian pacific american labor alliance afl-cio,coalition of labor union women
5,False,0.85,american small business league,small business owners and operators
6,False,0.95,illinois state medical soc,michigan state medical soc
7,False,0.9,freedom from religion fdn,islam and religious freedom action team
8,False,0.9,central pacific conference of the united church of christ,united church of christ
